userProfileId,totalKilocalories,activeKilocalories,bmrKilocalories,wellnessKilocalories,burnedKilocalories,consumedKilocalories,remainingKilocalories,totalSteps,netCalorieGoal,totalDistanceMeters,wellnessDistanceMeters,wellnessActiveKilocalories,netRemainingKilocalories,userDailySummaryId,calendarDate,rule,uuid,dailyStepGoal,wellnessStartTimeGmt,wellnessStartTimeLocal,wellnessEndTimeGmt,wellnessEndTimeLocal,durationInMilliseconds,wellnessDescription,highlyActiveSeconds,activeSeconds,sedentarySeconds,sleepingSeconds,includesWellnessData,includesActivityData,includesCalorieConsumedData,privacyProtected,moderateIntensityMinutes,vigorousIntensityMinutes,floorsAscendedInMeters,floorsDescendedInMeters,floorsAscended,floorsDescended,intensityMinutesGoal,userFloorsAscendedGoal,minHeartRate,maxHeartRate,restingHeartRate,lastSevenDaysAvgRestingHeartRate,source,averageStressLevel,maxStressLevel,stressDuration,restStressDuration,activityStressDuration,uncategorizedStressDuration,totalStressDuration,lowStressDuration,mediumStressDuration,highStressDuration,stressPercentage,restStressPercentage,activityStressPercentage,uncategorizedStressPercentage,lowStressPercentage,mediumStressPercentage,highStressPercentage,stressQualifier,measurableAwakeDuration,measurableAsleepDuration,lastSyncTimestampGMT,minAvgHeartRate,maxAvgHeartRate,bodyBatteryChargedValue,bodyBatteryDrainedValue,bodyBatteryHighestValue,bodyBatteryLowestValue,bodyBatteryMostRecentValue,bodyBatteryDuringSleep,bodyBatteryAtWakeTime,bodyBatteryVersion,abnormalHeartRateAlertsCount,averageSpo2,lowestSpo2,latestSpo2,latestSpo2ReadingTimeGmt,latestSpo2ReadingTimeLocal,averageMonitoringEnvironmentAltitude,restingCaloriesFromActivity,bodyBatteryDynamicFeedbackEvent,endOfDayBodyBatteryDynamicFeedbackEvent,bodyBatteryActivityEventList,avgWakingRespirationValue,highestRespirationValue,lowestRespirationValue,latestRespirationValue,latestRespirationTimeGMT,respirationAlgorithmVersion,date
5652846,2710.0,654.0,2056.0,2710.0,,,2710.0,7653,2500,6400,6400,654.0,3154.0,5652846,2024-12-13,"{'typeId': 4, 'typeKey': 'groups'}",1e7e57a126374e0aae470365c6844670,1500,2024-12-12T22:00:00.0,2024-12-13T00:00:00.0,2024-12-13T22:00:00.0,2024-12-14T00:00:00.0,86400000,,2876,3669,59035,20820,True,False,False,False,0,0,38.967,40.119,12.78445,13.1624,1000,10,54,130,68,64,GARMIN,51,96,63720,8460,11820,2280,86280,26160,31980,5580.0,73.85,9.81,13.7,2.64,30.32,37.07,6.47,VERY_STRESSFUL,63840,20160,,61,121,13,13,16,5,5,11.0,16.0,3.0,8.0,,,,,,45.0,,"{'eventTimestampGmt': '2024-12-13T18:50:00', 'bodyBatteryLevel': 'VERY_LOW', 'feedbackShortType': 'SLEEP_PREPARATION_STRESSFUL_AND_INACTIVE', 'feedbackLongType': 'SLEEP_PREPARATION_STRESSFUL_AND_INACTIVE_AND_BB_LOW'}","{'eventTimestampGmt': '2024-12-13T01:57:55', 'bodyBatteryLevel': 'LOW', 'feedbackShortType': 'SLEEP_TIME_PASSED_STRESSFUL_AND_INACTIVE', 'feedbackLongType': 'SLEEP_TIME_PASSED_STRESSFUL_AND_INACTIVE_AND_BB_LOW'}","[{'eventType': 'SLEEP', 'eventStartTimeGmt': '2024-12-12T23:23:27', 'timezoneOffset': 7200000, 'durationInMilliseconds': 20820000, 'bodyBatteryImpact': 11, 'feedbackType': 'NONE', 'shortFeedback': 'NONE', 'deviceId': 3423864303, 'activityName': None, 'activityType': None, 'activityId': None, 'eventUpdateTimeGmt': '2024-12-13T05:16:27'}, {'eventType': 'RECOVERY', 'eventStartTimeGmt': '2024-12-13T08:58:57', 'timezoneOffset': 7200000, 'durationInMilliseconds': 1200000, 'bodyBatteryImpact': 2, 'feedbackType': 'RECOVERY_BODY_BATTERY_INCREASE', 'shortFeedback': 'BODY_BATTERY_RECHARGE', 'deviceId': 3423864303, 'activityName': None, 'activityType': None, 'activityId': None, 'eventUpdateTimeGmt': '2024-12-13T09:21:15'}]",16.0,24.0,11.0,18.0,2024-12-13T21:59:00.0,100,2024-12-13
5652846,2541.0,485.0,2056.0,2541.0,,,2541.0,7974,2500,7849,7849,485.0,2985.0,5652846,2024-12-14,"{'typeId': 4, 'typeKey': 'groups'}",8a4f451819ca4e64b8e742f59ecfb4be,1500,2024-12-13T22:00:00.0,2024-12-14T00:00:00.0,2024-12-14T22:00:00.0,2024-12-15T00:00:00.0,86400000,,2336,5543,58781,19740,True,True,False,False,26,0,34.663,36.329,11.37238,11.91896,1000,10,57,117,65,65,GARMIN,44,94,54540,19560,11160,900,86160,24720,26040,3780.0,63.3,22.7,12.95,1.04,28.69,30.22,4.39,STRESSFUL,65760,19500,,64,117,31,31,36,5,5,31.0,36.0,3.0,,,,,,,170.0,45.0,"{'eventTimestampGmt': '2024-12-14T18:50:01', 'bodyBatteryLevel': 'VERY_LOW', 'feedbackShortType': 'SLEEP_PREPARATION_STRESSFUL_AND_EXERCISE', 'feedbackLongType': 'SLEEP_PREPARATION_STRESSFUL_AND_EXERCISE_AND_BB_LOW'}","{'eventTimestampGmt': '2024-12-14T20:41:34', 'bodyBatteryLevel': 'VERY_LOW', 'feedbackShortType': 'SLEEP_TIME_PASSED_STRESSFUL_AND_EXERCISE', 'feedbackLongType': 'SLEEP_TIME_PASSED_STRESSFUL_AND_EXERCISE_AND_BB_LOW'}","[{'eventType': 'SLEEP', 'eventStartTimeGmt': '2024-12-13T22:12:27', 'timezoneOffset': 7200000, 'durationInMilliseconds': 19740000, 'bodyBatteryImpact': 31, 'feedbackType': 'NONE', 'shortFeedback': 'NONE', 'deviceId': 3423864303, 'activityName': None, 'activityType': None, 'activityId': None, 'eventUpdateTimeGmt': '2024-12-14T04:22:14'}, {'eventType': 'ACTIVITY', 'eventStartTimeGmt': '2024-12-14T17:25:30', 'timezoneOffset': 7200000, 'durationInMilliseconds': 1860000, 'bodyBatteryImpact': 0, 'feedbackType': 'EXERCISE_TRAINING_EFFECT_BELOW_2', 'shortFeedback': 'EASY_RECOVERY', 'deviceId': 3423864303, 'activityName': 'Kuusamo Walking', 'activityType': 'walking', 'activityId': 17760168607, 'eventUpdateTimeGmt': '2024-12-14T18:07:13'}]",14.0,23.0,9.0,14.0,2024-12-14T22:00:00.0,100,2024-12-14
5652846,3112.0,1056.0,2056.0,3112.0,,,3112.0,11546,2500,8981,8981,1056.0,3556.0,5652846,2024-12-15,"{'typeId': 4, 'typeKey': 'groups'}",2871847350254f6a9e1027d78f52f6a4,1500,2024-12-14T22:00:00.0,2024-12-15T00:00:00.0,2024-12-15T22:00:00.0,2024-12-16T00:00:00.0,86400000,,3132,5168,41281,36819,True,True,False,False,51,29,338.538,329.316,111.0689,108.04331,1000,10,56,176,62,65,GARMIN,38,99,36960,31920,13260,3900,86040,16620,13440,6900.0,42.96,37.1,15.41,4.53,19.32,15.62,8.02,BALANCED,45480,36660,,58,170,60,54,65,5,11,60.0,65.0,3.0,4.0,,,,,,312.0,143.0,"{'eventTimestampGmt': '2024-12-15T18:50:01', 'bodyBatteryLevel': 'LOW', 'feedbackShortType': 'SLEEP_PREPARATION_STRESSFUL_AND_EXERCISE', 'feedbackLongType': 'SLEEP_PREPARATION_STRESSFUL_AND_EXERCISE_AND_BB_LOW'}","{'eventTimestampGmt': '2024-12-15T02:13:31', 'bodyBatteryLevel': 'HIGH', 'feedbackShortType': 'SLEEP_TIME_PASSED_STRESSFUL_AND_INACTIVE', 'feedbackLongType': 'SLEEP_TIME_PASSED_STRESSFUL_AND_INACTIVE'}","[{'eventType': 'SLEEP', 'eventStartTimeGmt': '2024-12-14T22:12:13', 'timezoneOffset': 7200000, 'durationInMilliseconds': 36780000, 'bodyBatteryImpact': 60, 'feedbackType': 'NONE', 'shortFeedback': 'NONE', 'deviceId': 3423864303, 'activityName': None, 'activityType': None, 'activityId': None, 'eventUpdateTimeGmt': '2024-12-15T08:25:52'}, {'eventType': 'ACTIVITY', 'eventStartTimeGmt': '2024-12-15T10:05:19', 'timezoneOffset': 7200000, 'durationInMilliseconds': 6000000, 'bodyBatteryImpact': -8, 'feedbackType': 'EXERCISE_TRAINING_EFFECT_2', 'shortFeedback': 'MAINTAINING_AEROBIC_BASE', 'deviceId': 3423864303, 'activityName': 'Kuusamo Walking', 'activityType': 'walking', 'activityId': 17764696465, 'eventUpdateTimeGmt': '2024-12-15T11:46:10'}, {'eventType': 'STRESS', 'eventStartTimeGmt': '2024-12-15T16:19:15', 'timezoneOffset': 7200000, 'durationInMilliseconds': 6720000, 'bodyBatteryImpact': -10, 'feedbackType': 'STRESS', 'shortFeedback': 'STRESSFUL_PERIOD', 'deviceId': 3423864303, 'activityName': None, 'activityType': None, 'activityId': None, 'eventUpdateTimeGmt': '2024-12-15T18:14:05'}]",16.0,23.0,11.0,13.0,2024-12-15T22:00:00.0,100,2024-12-15
5652846,2794.0,738.0,2056.0,2794.0,,,2794.0,9348,2500,7631,7631,738.0,3238.0,5652846,2024-12-16,"{'typeId': 4, 'typeKey': 'groups'}",cd26215d132249cea88b5bbf6ec5ac26,1500,2024-12-15T22:00:00.0,2024-12-16T00:00:00.0,2024-12-16T22:00:00.0,2024-12-17T00:00:00.0,86400000,,3492,2826,58542,21540,True,True,False,False,45,15,176.784,181.0,58.0,59.3832,1000,10,32,144,47,62,GARMIN,45,98,59100,10800,11220,4080,85200,33420,20940,4740.0,69.37,12.68,13.17,4.79,39.23,24.58,5.56,VERY_STRESSFUL,65580,15540,,42,143,28,34,35,5,5,26.0,34.0,3.0,1.0,,,,,,303.0,87.0,"{'eventTimestampGmt': '2024-12-16T18:50:00', 'bodyBatteryLevel': 'VERY_LOW', 'feedbackShortType': 'SLEEP_PREPARATION_STRESSFUL_AND_EXERCISE', 'feedbackLongType': 'SLEEP_PREPARATION_STRESSFUL_AND_EXERCISE_AND_BB_LOW'}","{'eventTimestampGmt': '2024-12-16T21:05:23', 'bodyBatteryLevel': 'VERY_LOW', 'feedbackShortType': 'SLEEP_TIME_PASSED_STRESSFUL_AND_EXERCISE', 'feedbackLongType': 'SLEEP_TIME_PASSED_STRESSFUL_AND_EXERCISE_AND_BB_LOW'}","[{'eventType': 'SLEEP', 'eventStartTimeGmt': '2024-12-15T23:30:10', 'timezoneOffset': 7200000, 'durationInMilliseconds': 16500000, 'bodyBatteryImpact': 26, 'feedbackType': 'NONE', 'shortFeedback': 'NONE', 'deviceId': 3423864303, 'activityName': None, 'activityType': None, 'activityId': None, 'eventUpdateTimeGmt': '2024-12-16T04:31:21'}, {'eventType': 'NAP', 'eventStartTimeGmt': '2024-12-16T05:34:21', 'timezoneOffset': 7200000, 'durationInMilliseconds': 2460000, 'bodyBatteryImpact': 0, 'feedbackType': 'NAP_RECOVERING_BODY_BATTERY_MAINTAIN', 'shortFeedback': 'RESTFUL_NAP', 'deviceId': 3423864303, 'activityName': None, 'activityType': None, 'activityId': None, 'eventUpdateTimeGmt': '2024-12-16T06:15:27'}, {'eventType': 'NAP', 'eventStartTimeGmt': '2024-12-16T06:23:21', 'timezoneOffset': 7200000, 'durationInMilliseconds': 2580000, 'bodyBatteryImpact': 1, 'feedbackType': 'NAP_RECOVERING_BODY_BATTERY_INCREASE', 'shortFeedback': 'RESTFUL_NAP', 'deviceId': 3423864303, 'activityName': None, 'activityType': None, 'activityId': None, 'eventUpdateTimeGmt': '2024-12-16T07:06:35'}, {'eventType': 'STRESS', 'eventStartTimeGmt': '2024-12-16T07:32:56', 'timezoneOffset': 7200000, 'durationInMilliseconds': 3420000, 'bodyBatteryImpact': -6, 'feedbackType': 'STRESS', 'shortFeedback': 'STRESSFUL_PERIOD', 'deviceId': 3423864303, 'activityName': None, 'activityType': None, 'activityId': None, 'eventUpdateTimeGmt': '2024-12-16T08:33:55'}, {'eventType': 'ACTIVITY', 'eventStartTimeGmt': '2024-12-16T10:34:03', 'timezoneOffset': 7200000, 'durationInMilliseconds': 2760000, 'bodyBatteryImpact': -2, 'feedbackType': 'EXERCISE_TRAINING_EFFECT_BELOW_2', 'shortFeedback': 'EASY_RECOVERY', 'deviceId': 3423864303, 'activityName': 'Kuusamo Walking', 'activityType': 'walking', 'activityId': 17771330577, 'eventUpdateTimeGmt': '2024-12-16T11:21:04'}, {'eventType': 'ACTIVITY', 'eventStartTimeGmt': '2024-12-16T11:44:56', 'timezoneOffset': 7200000, 'durationInMilliseconds': 780000, 'bodyBatteryImpact': -1, 'feedbackType': 'EXERCISE_TRAINING_EFFECT_BELOW_2', 'shortFeedback': 'EASY_RECOVERY', 'deviceId': 3423864303, 'activityName': 'Kuusamo Walking', 'activityType': 'walking', 'activityId': 17771595600, 'eventUpdateTimeGmt': '2024-12-16T12:01:47'}]",15.0,22.0,11.0,12.0,2024-12-16T22:00:00.0,100,2024-12-16
5652846,3432.0,1376.0,2056.0,3432.0,,,3432.0,18098,2500,14365,14365,1376.0,3876.0,5652846,2024-12-17,"{'typeId': 4, 'typeKey': 'groups'}",2e94c2c4329d428cac2e279602b9dece,1500,2024-12-16T22:00:00.0,2024-12-17T00:00:00.0,2024-12-17T22:00:00.0,2024-12-18T00:00:00.0,86400000,,7705,2988,47087,28620,True,True,False,False,96,58,366.115,364.19,120.11647,119.48491,1000,10,56,179,63,62,GARMIN,38,96,30000,23760,13860,17100,84720,15660,10080,4260.0,35.41,28.05,16.36,20.18,18.48,11.9,5.03,STRESSFUL,40560,27060,,60,176,42,42,47,5,5,42.0,47.0,3.0,6.0,,,,,,286.0,208.0,"{'eventTimestampGmt': '2024-12-17T19:41:14', 'bodyBatteryLevel': 'VERY_LOW', 'feedbackShortType': 'SLEEP_PREPARATION_NOT_STRESS_DATA_AND_INTENSIVE_EXERCISE', 'feedbackLongType': 'SLEEP_PREPARATION_NOT_STRESS_DATA_AND_HARD_EXERCISE_AND_BB_LOW'}","{'eventTimestampGmt': '2024-12-17T02:14:05', 'bodyBatteryLevel': 'MODERATE', 'feedbackShortType': 'SLEEP_TIME_PASSED_STRESSFUL_AND_INACTIVE', 'feedbackLongType': 'SLEEP_TIME_PASSED_STRESSFUL_AND_INACTIVE'}","[{'eventType': 'SLEEP', 'eventStartTimeGmt': '2024-12-16T23:19:47', 'timezoneOffset': 7200000, 'durationInMilliseconds': 28620000, 'bodyBatteryImpact': 42, 'feedbackType': 'NONE', 'shortFeedback': 'NONE', 'deviceId': 3423864303, 'activityName': None, 'activityType': None, 'activityId': None, 'eventUpdateTimeGmt': '2024-12-17T07:16:52'}, {'eventType': 'ACTIVITY', 'eventStartTimeGmt': '2024-12-17T10:03:54', 'timezoneOffset': 7200000, 'durationInMilliseconds': 8700000, 'bodyBatteryImpact': -12, 'feedbackType': 'EXERCISE_TRAINING_EFFECT_3', 'shortFeedback': 'IMPROVING_AEROBIC_BASE', 'deviceId': 3423864303, 'activityName': 'Kuusamo Trail Running', 'activityType': 'trail_running', 'activityId': 17779190139, 'eventUpdateTimeGmt': '2024-12-17T12:30:41'}]",14.0,22.0,11.0,13.0,2024-12-17T22:00:00.0,100,2024-12-17
5652846,2403.0,347.0,2056.0,2403.0,,,2403.0,3328,2500,2760,2760,347.0,2847.0,5652846,2024-12-18,"{'typeId': 4, 'typeKey': 'groups'}",363c1f85e55e486593a2ff106d07ce01,1500,2024-12-17T22:00:00.0,2024-12-18T00:00:00.0,2024-12-18T22:00:00.0,2024-12-19T00:00:00.0,86400000,,1588,1404,55224,28184,True,False,False,False,1,2,42.909,40.934,14.07776,13.42979,1000,10,55,139,63,61,GARMIN,39,97,51360,24420,7200,2160,85140,30960,16920,3480.0,60.32,28.68,8.46,2.54,36.36,19.87,4.09,STRESSFUL,59340,23640,,59,135,40,37,42,5,8,35.0,40.0,3.0,4.0,,,,,,300.0,,"{'eventTimestampGmt': '2024-12-18T21:38:30', 'bodyBatteryLevel': 'LOW', 'feedbackShortType': 'SLEEP_PREPARATION_STRESSFUL_AND_INACTIVE', 'feedbackLongType': 'SLEEP_PREPARATION_STRESSFUL_AND_INACTIVE_AND_BB_LOW'}","{'eventTimestampGmt': '2024-12-18T02:36:42', 'bodyBatteryLevel': 'HIGH', 'feedbackShortType': 'SLEEP_TIME_PASSED_STRESSFUL_AND_INACTIVE', 'feedbackLongType': 'SLEEP_TIME_PASSED_STRESSFUL_AND_INACTIVE'}","[{'eventType': 'SLEEP', 'eventStartTimeGmt': '2024-12-17T22:36:41', 'timezoneOffset': 7200000, 'durationInMilliseconds': 24000000, 'bodyBatteryImpact': 35, 'feedbackType': 'NONE', 'shortFeedback': 'NONE', 'deviceId': 3423864303, 'activityName': None, 'activityType': None, 'activityId': None, 'eventUpdateTimeGmt': '2024-12-18T05:17:16'}]",16.0,22.0,11.0,19.0,2024-12-18T22:00:00.0,100,2024-12-18
5652846,2635.0,579.0,2056.0,2635.0,,,2635.0,4990,2500,4214,4214,579.0,3079.0,5652846,2024-12-19,"{'typeId': 4, 'typeKey': 'groups'}",ee3f2fcc851c484aadfe8e375a92fe3d,1500,2024-12-18T22:00:00.0,2024-12-19T00:00:00.0,2024-12-19T22:00:00.0,2024-12-20T00:00:00.0,86400000,,2420,1648,56336,25996,True,True,False,False,1,0,57.912,51.65,19.0,16.94554,1000,10,52,122,62,61,GARMIN,44,97,53160,23460,6900,2760,86280,22560,21900,8700.0,61.61,27.19,8.0,3.2,26.15,25.38,10.08,STRESSFUL,59340,24180,,55,120,56,59,63,5,5,58.0,63.0,3.0,10.0,,,,,,325.0,39.0,"{'eventTimestampGmt': '2024-12-19T21:29:23', 'bodyBatteryLevel': 'VERY_LOW', 'feedbackShortType': 'SLEEP_PREPARATION_STRESSFUL_AND_EXERCISE', 'feedbackLongType': 'SLEEP_PREPARATION_STRESSFUL_AND_EXERCISE_AND_BB_LOW'}","{'eventTimestampGmt': '2024-12-19T00:14:33', 'bodyBatteryLevel': 'HIGH', 'feedbackShortType': 'SLEEP_TIME_PASSED_STRESSFUL_AND_INACTIVE', 'feedbackLongType': 'SLEEP_TIME_PASSED_STRESSFUL_AND_INACTIVE'}","[{'eventType': 'SLEEP', 'eventStartTimeGmt': '2024-12-18T20:50:16', 'timezoneOffset': 7200000, 'durationInMilliseconds': 30180000, 'bodyBatteryImpact': 58, 'feedbackType': 'NONE', 'shortFeedback': 'NONE', 'deviceId': 3423864303, 'activityName': None, 'activityType': None, 'activityId': None, 'eventUpdateTimeGmt': '2024-12-19T05:21:03'}, {'eventType': 'STRESS', 'eventStartTimeGmt': '2024-12-19T06:21:18', 'timezoneOffset': 7200000, 'durationInMilliseconds': 3780000, 'bodyBatteryImpact': -9, 'feedbackType': 'STRESS', 'shortFeedback': 'STRESSFUL_PERIOD', 'deviceId': 3423864303, 'activityName': None, 'activityType': None, 'activityId': None, 'eventUpdateTimeGmt': '2024-12-19T07:28:15'}, {'eventType': 'ACTIVITY', 'eventStartTimeGmt': '2024-12-19T09:40:10', 'timezoneOffset': 7200000, 'durationInMilliseconds': 1620000, 'bodyBatteryImpact': 1, 'feedbackType': 'NONE', 'shortFeedback': 'NONE', 'deviceId': 3423864303, 'activityName': 'Yoga', 'activityType': 'yoga', 'activityId': 17792976632, 'eventUpdateTimeGmt': '2024-12-19T10:07:20'}]",15.0,25.0,10.0,15.0,2024-12-19T22:00:00.0,100,2024-12-19
5652846,3016.0,960.0,2056.0,3016.0,,,3016.0,6954,2500,6871,6871,960.0,3460.0,5652846,2024-12-20,"{'typeId': 4, 'typeKey': 'groups'}",3a8efb0b36754f52b0cabea53f9b587f,1500,2024-12-19T22:00:00.0,2024-12-20T00:00:00.0,2024-12-20T22:00:00.0,2024-12-21T00:00:00.0,86400000,,3509,2470,55370,25051,True,True,False,False,55,13,20.658,43.289,6.77756,14.20243,1000,10,61,150,64,61,GARMIN,48,99,57960,10920,10620,6480,85980,26460,24180,7320.0,67.41,12.7,12.35,7.54,30.77,28.12,8.51,VERY_STRESSFUL,56100,23400,,63,149,26,26,31,5,5,26.0,31.0,3.0,5.0,,,,,,360.0,58.0,"{'eventTimestampGmt': '2024-12-20T18:50:02', 'bodyBatteryLevel': 'VERY_LOW', 'feedbackShortType': 'SLEEP_PREPARATION_STRESSFUL_AND_EXERCISE', 'feedbackLongType': 'SLEEP_PREPARATION_STRESSFUL_AND_EXERCISE_AND_BB_LOW'}","{'eventTimestampGmt': '2024-12-20T01:04:39', 'bodyBatteryLevel': 'MODERATE', 'feedbackShortType': 'SLEEP_TIME_PASSED_STRESSFUL_AND_INACTIVE', 'feedbackLongType': 'SLEEP_TIME_PASSED_STRESSFUL_AND_INACTIVE'}","[{'eventType': 'SLEEP', 'eventStartTimeGmt': '2024-12-19T22:21:20', 'timezoneOffset': 7200000, 'durationInMilliseconds': 24240000, 'bodyBatteryImpact': 26, 'feedbackType': 'NONE', 'shortFeedback': 'NONE', 'deviceId': 3423864303, 'activityName': None, 'activityType': None, 'activityId': None, 'eventUpdateTimeGmt': '2024-12-20T05:17:28'}, {'eventType': 'ACTIVITY', 'eventStartTimeGmt': '2024-12-20T13:20:56', 'timezoneOffset': 7200000, 'durationInMilliseconds': 1200000, 'bodyBatteryImpact': 0, 'feedbackType': 'EXERCISE_TRAINING_EFFECT_BELOW_2', 'shortFeedback': 'EASY_RECOVERY', 'deviceId': 3423864303, 'activityName': 'Kuusamo Walking', 'activityType': 'walking', 'activityId': 17800947564, 'eventUpdateTimeGmt': '2024-12-20T13:41:13'}, {'eventType': 'ACTIVITY', 'eventStartTimeGmt': '2024-12-20T14:53:12', 'timezoneOffset': 7200000, 'durationInMilliseconds': 1200000, 'bodyBatteryImpact': -1, 'feedbackType': 'NONE', 'shortFeedback': 'EASY_RECOVERY', 'deviceId': 3423864303, 'activityName': None, 'activityType': None, 'activityId': None, 'eventUpdateTimeGmt': '2024-12-20T15:13:29'}]",15.0,25.0,11.0,21.0,2024-12-20T22:00:00.0,100,2024-12-20
5652846,2938.0,882.0,2056.0,2938.0,,,2938.0,7847,2500,6614,6614,882.0,3382.0,5652846,2024-12-21,"{'typeId': 4, 'typeKey': 'groups'}",27324b9513664ad9b7bd1536216cf3cc,1500,2024-12-20T22:00:00.0,2024-12-21T00:00:00.0,2024-12-21T22:00:00.0,2024-12-22T00:00:00.0,86400000,,3969,2984,59798,19649,True,False,False,False,20,7,22.836,15.339,7.49213,5.03248,1000,10,61,147,64,61,GARMIN,47,98,48540,13920,10020,13620,86100,21000,19740,7800.0,56.38,16.17,11.64,15.82,24.39,22.93,9.06,VERY_STRESSFUL,54000,18480,,63,147,26,26,31,5,5,25.0,30.0,3.0,8.0,,,,,,99.0,,"{'eventTimestampGmt': '2024-12-21T18:50:00', 'bodyBatteryLevel': 'VERY_LOW', 'feedbackShortType': 'SLEEP_PREPARATION_STRESSFUL_AND_INACTIVE', 'feedbackLongType': 'SLEEP_PREPARATION_STRESSFUL_AND_INACTIVE_AND_BB_LOW'}","{'eventTimestampGmt': '2024-12-21T20:27:46', 'bodyBatteryLevel': 'VERY_LOW', 'feedbackShortType': 'SLEEP_TIME_PASSED_STRESSFUL_AND_INACTIVE', 'feedbackLongType': 'SLEEP_TIME_PASSED_STRESSFUL_AND_INACTIVE_AND_BB_LOW'}","[{'eventType': 'SLEEP', 'eventStartTimeGmt': '2024-12-20T21:46:29', 'timezoneOffset': 7200000, 'durationInMilliseconds': 20460000, 'bodyBatteryImpact': 25, 'feedbackType': 'NONE', 'shortFeedback': 'NONE', 'deviceId': 3423864303, 'activityName': None, 'activityType': None, 'activityId': None, 'eventUpdateTimeGmt': '2024-12-21T04:19:17'}]",14.0,22.0,11.0,12.0,2024-12-21T22:00:00.0,100,2024-12-21
5652846,3286.0,1230.0,2056.0,3286.0,,,3286.0,17190,2500,15107,15107,1230.0,3730.0,5652846,2024-12-22,"{'typeId': 4, 'typeKey': 'groups'}",7342cbf9d1ff4225a67c40760c1a6b8b,1500,2024-12-21T22:00:00.0,2024-12-22T00:00:00.0,2024-12-22T22:00:00.0,2024-12-23T00:00:00.0,86400000,,6154,6713,43602,29931,True,True,False,False,130,15,282.007,266.531,92.52198,87.44455,1000,10,62,162,65,61,GARMIN,42,93,56100,9900,17400,1680,85080,37080,16560,2460.0,65.94,11.64,20.45,1.97,43.58,19.46,2.89,VERY_STRESSFUL,53700,29700,,66,162,26,26,31,5,5,26.0,31.0,3.0,3.0,,,,,,15.0,222.0,"{'eventTimestampGmt': '2024-12-22T18:50:01', 'bodyBatteryLevel': 'VERY_LOW', 'feedbackShortType': 'SLEEP_PREPARATION_STRESSFUL_AND_EXERCISE', 'feedbackLongType': 'SLEEP_PREPARATION_STRESSFUL_AND_EXERCISE_AND_BB_LOW'}","{'eventTimestampGmt': '2024-12-22T01:04:34', 'bodyBatteryLevel': 'MODERATE', 'feedbackShortType': 'SLEEP_TIME_PASSED_STRESSFUL_AND_INACTIVE', 'feedbackLongType': 'SLEEP_TIME_PASSED_STRESSFUL_AND_INACTIVE'}","[{'eventType': 'SLEEP', 'eventStartTimeGmt': '2024-12-21T22:29:17', 'timezoneOffset': 7200000, 'durationInMilliseconds': 29880000, 'bodyBatteryImpact': 26, 'feedbackType': 'NONE', 'shortFeedback': 'NONE', 'deviceId': 3423864303, 'activityName': None, 'activityType': None, 'activityId': None, 'eventUpdateTimeGmt': '2024-12-22T06:48:08'}, {'eventType': 'ACTIVITY', 'eventStartTimeGmt': '2024-12-22T10:59:48', 'timezoneOffset': 7200000, 'durationInMilliseconds': 9300000, 'bodyBatteryImpact': -6, 'feedbackType': 'EXERCISE_TRAINING_EFFECT_2', 'shortFeedback': 'MAINTAINING_AEROBIC_BASE', 'deviceId': 3423864303, 'activityName': 'Kouvola Walking', 'activityType': 'walking', 'activityId': 17816940191, 'eventUpdateTimeGmt': '2024-12-22T13:35:20'}]",15.0,26.0,11.0,15.0,2024-12-22T22:00:00.0,100,2024-12-22
5652846,2770.0,714.0,2056.0,2770.0,,,2770.0,8590,2500,8343,8343,714.0,3214.0,5652846,2024-12-23,"{'typeId': 4, 'typeKey': 'groups'}",f8c5e53a63894fd8a315be457a1f8f6b,1500,2024-12-22T22:00:00.0,2024-12-23T00:00:00.0,2024-12-23T22:00:00.0,2024-12-24T00:00:00.0,86400000,,2486,4464,55450,24000,True,True,False,False,41,2,44.871,50.351,14.72146,16.51936,1000,10,53,146,68,64,GARMIN,41,96,60000,10800,9900,2400,83100,40140,17460,2400.0,72.2,13.0,11.91,2.89,48.3,21.01,2.89,VERY_STRESSFUL,58140,22560,,57,145,23,23,28,5,5,23.0,28.0,3.0,,,,,,,-10.0,73.0,"{'eventTimestampGmt': '2024-12-23T18:50:01', 'bodyBatteryLevel': 'VERY_LOW', 'feedbackShortType': 'SLEEP_PREPARATION_STRESSFUL_AND_EXERCISE', 'feedbackLongType': 'SLEEP_PREPARATION_STRESSFUL_AND_EXERCISE_AND_BB_LOW'}","{'eventTimestampGmt': '2024-12-23T01:29:37', 'bodyBatteryLevel': 'MODERATE', 'feedbackShortType': 'SLEEP_TIME_PASSED_STRESSFUL_AND_INACTIVE', 'feedbackLongType': 'SLEEP_TIME_PASSED_STRESSFUL_AND_INACTIVE'}","[{'eventType': 'SLEEP', 'eventStartTimeGmt': '2024-12-22T22:29:20', 'timezoneOffset': 7200000, 'durationInMilliseconds': 24000000, 'bodyBatteryImpact': 23, 'feedbackType': 'NONE', 'shortFeedback': 'NONE', 'deviceId': 3423864303, 'activityName': None, 'activityType': None, 'activityId': None, 'eventUpdateTimeGmt': '2024-12-23T05:12:23'}, {'eventType': 'ACTIVITY', 'eventStartTimeGmt': '2024-12-23T12:51:28', 'timezoneOffset': 7200000, 'durationInMilliseconds': 1800000, 'bodyBatteryImpact': -3, 'feedbackType': 'EXERCISE_TRAINING_EFFECT_BELOW_2', 'shortFeedback': 'EASY_RECOVERY', 'deviceId': 3423864303, 'activityName': 'Helsinki Walking', 'activityType': 'walking', 'activityId': 17821173800, 'eventUpdateTimeGmt': '2024-12-23T13:25:27'}, {'eventType': 'ACTIVITY', 'eventStartTimeGmt': '2024-12-23T18:10:53', 'timezoneOffset': 7200000, 'durationInMilliseconds': 1200000, 'bodyBatteryImpact': 0, 'feedbackType': 'NONE', 'shortFeedback': 'NONE', 'deviceId': 3423864303, 'activityName': 'Yoga', 'activityType': 'yoga', 'activityId': 17823033438, 'eventUpdateTimeGmt': '2024-12-23T18:31:06'}]",15.0,26.0,11.0,14.0,2024-12-23T22:00:00.0,100,2024-12-23
5652846,3189.0,1133.0,2056.0,3189.0,,,3189.0,11986,2500,9542,9542,1133.0,3633.0,5652846,2024-12-24,"{'typeId': 4, 'typeKey': 'groups'}",d29a75cbce974adaa05d46dd60163576,1500,2024-12-23T22:00:00.0,2024-12-24T00:00:00.0,2024-12-24T22:00:00.0,2024-12-25T00:00:00.0,86400000,,2278,8010,44072,32040,True,True,False,False,66,1,50.02,58.297,16.41076,19.12631,1000,10,64,147,68,65,GARMIN,45,97,63180,5220,14880,1440,84720,40680,17160,5340.0,74.58,6.16,17.56,1.7,48.02,20.25,6.3,VERY_STRESSFUL,51780,31500,,67,136,21,21,26,5,5,21.0,26.0,3.0,11.0,,,,,,-20.0,98.0,"{'eventTimestampGmt': '2024-12-24T19:29:02', 'bodyBatteryLevel': 'VERY_LOW', 'feedbackShortType': 'SLEEP_PREPARATION_STRESSFUL_AND_EXERCISE', 'feedbackLongType': 'SLEEP_PREPARATION_STRESSFUL_AND_EXERCISE_AND_BB_LOW'}","{'eventTimestampGmt': '2024-12-24T01:58:00', 'bodyBatteryLevel': 'MODERATE', 'feedbackShortType': 'SLEEP_TIME_PASSED_STRESSFUL_AND_INACTIVE', 'feedbackLongType': 'SLEEP_TIME_PASSED_STRESSFUL_AND_INACTIVE'}","[{'eventType': 'SLEEP', 'eventStartTimeGmt': '2024-12-23T22:28:06', 'timezoneOffset': 7200000, 'durationInMilliseconds': 32040000, 'bodyBatteryImpact': 21, 'feedbackType': 'NONE', 'shortFeedback': 'NONE', 'deviceId': 3423864303, 'activityName': None, 'activityType': None, 'activityId': None, 'eventUpdateTimeGmt': '2024-12-24T07:24:50'}, {'eventType': 'ACTIVITY', 'eventStartTimeGmt': '2024-12-24T18:13:21', 'timezoneOffset': 7200000, 'durationInMilliseconds': 4080000, 'bodyBatteryImpact': -1, 'feedbackType': 'EXERCISE_TRAINING_EFFECT_BELOW_2', 'shortFeedback': 'EASY_AEROBIC_BASE', 'deviceId': 3423864303, 'activityName': 'Lappeenranta Walking', 'activityType': 'walking', 'activityId': 17830466262, 'eventUpdateTimeGmt': '2024-12-24T19:24:02'}]",14.0,25.0,10.0,18.0,2024-12-24T21:59:00.0,100,2024-12-24
5652846,2744.0,688.0,2056.0,2744.0,,,2744.0,11135,2500,9925,9925,688.0,3188.0,5652846,2024-12-25,"{'typeId': 4, 'typeKey': 'groups'}",8c3b6b94f5514adb9625cdb1b727d78c,1500,2024-12-24T22:00:00.0,2024-12-25T00:00:00.0,2024-12-25T22:00:00.0,2024-12-26T00:00:00.0,86400000,,4348,4499,52233,25320,True,True,False,False,58,1,49.764,49.624,16.32677,16.28084,1000,10,64,134,68,66,GARMIN,39,93,57780,15540,11700,1140,86160,42720,12060,3000.0,67.06,18.04,13.58,1.32,49.58,14.0,3.48,VERY_STRESSFUL,59820,25200,,65,130,25,25,27,5,5,,,3.0,3.0,,,,,,85.0,87.0,"{'eventTimestampGmt': '2024-12-25T18:50:00', 'bodyBatteryLevel': 'VERY_LOW', 'feedbackShortType': 'SLEEP_PREPARATION_BALANCED_AND_EXERCISE', 'feedbackLongType': 'SLEEP_PREPARATION_BALANCED_AND_EXERCISE_AND_BB_LOW_MORNING_AND_NOW'}","{'eventTimestampGmt': '2024-12-25T01:24:22', 'bodyBatteryLevel': 'LOW', 'feedbackShortType': 'SLEEP_TIME_PASSED_STRESSFUL_AND_INACTIVE', 'feedbackLongType': 'SLEEP_TIME_PASSED_STRESSFUL_AND_INACTIVE_AND_BB_LOW'}","[{'eventType': 'SLEEP', 'eventStartTimeGmt': '2024-12-24T23:17:02', 'timezoneOffset': 7200000, 'durationInMilliseconds': 25320000, 'bodyBatteryImpact': 20, 'feedbackType': 'NONE', 'shortFeedback': 'NONE', 'deviceId': 3423864303, 'activityName': None, 'activityType': None, 'activityId': None, 'eventUpdateTimeGmt': '2024-12-25T06:19:11'}, {'eventType': 'ACTIVITY', 'eventStartTimeGmt': '2024-12-25T16:06:25', 'timezoneOffset': 7200000, 'durationInMilliseconds': 3600000, 'bodyBatteryImpact': -10, 'feedbackType': 'EXERCISE_TRAINING_EFFECT_BELOW_2', 'shortFeedback': 'EASY_AEROBIC_BASE', 'deviceId': 3423864303, 'activityName': 'Lappeenranta Walking', 'activityType': 'walking', 'activityId': 17835893057, 'eventUpdateTimeGmt': '2024-12-25T17:08:06'}]",15.0,24.0,10.0,14.0,2024-12-25T21:57:00.0,100,2024-12-25
5652846,3131.0,1075.0,2056.0,3131.0,,,3131.0,5446,2500,4634,4634,1075.0,3575.0,5652846,2024-12-26,"{'typeId': 4, 'typeKey': 'groups'}",1c4571ac3e6147b19efbd9ef76dfb4a8,1500,2024-12-25T22:00:00.0,2024-12-26T00:00:00.0,2024-12-26T22:00:00.0,2024-12-27T00:00:00.0,86400000,,2654,3031,58875,21840,True,False,False,False,15,7,18.288,15.415,6.0,5.05741,1000,10,67,154,70,67,GARMIN,48,99,60180,12600,8520,3180,84480,28020,22980,9180.0,71.24,14.91,10.09,3.76,33.17,27.2,10.87,VERY_STRESSFUL,60180,21120,,70,152,20,20,25,5,5,20.0,25.0,3.0,18.0,,,,,,45.0,,"{'eventTimestampGmt': '2024-12-26T18:50:00', 'bodyBatteryLevel': 'VERY_LOW', 'feedbackShortType': 'SLEEP_PREPARATION_STRESSFUL_AND_INACTIVE', 'feedbackLongType': 'SLEEP_PREPARATION_STRESSFUL_AND_INACTIVE_AND_BB_LOW'}","{'eventTimestampGmt': '2024-12-26T02:29:22', 'bodyBatteryLevel': 'LOW', 'feedbackShortType': 'SLEEP_TIME_PASSED_BALANCED_AND_INACTIVE', 'feedbackLongType': 'SLEEP_TIME_PASSED_BALANCED_AND_INACTIVE_AND_BB_LOW'}","[{'eventType': 'SLEEP', 'eventStartTimeGmt': '2024-12-26T00:27:06', 'timezoneOffset': 7200000, 'durationInMilliseconds': 21840000, 'bodyBatteryImpact': 20, 'feedbackType': 'NONE', 'shortFeedback': 'NONE', 'deviceId': 3423864303, 'activityName': None, 'activityType': None, 'activityId': None, 'eventUpdateTimeGmt': '2024-12-26T06:46:38'}]",14.0,24.0,11.0,15.0,2024-12-26T21:53:00.0,100,2024-12-26
5652846,3002.0,946.0,2056.0,3002.0,,,3002.0,13740,2500,11612,11612,946.0,3446.0,5652846,2024-12-27,"{'typeId': 4, 'typeKey': 'groups'}",a242b0b4eedf4e9d8f762b46d017cc10,1500,2024-12-26T22:00:00.0,2024-12-27T00:00:00.0,2024-12-27T22:00:00.0,2024-12-28T00:00:00.0,86400000,,5529,4528,51895,24448,True,True,False,False,70,4,72.161,62.767,23.67487,20.59285,1000,10,66,140,70,68,GARMIN,39,97,60000,11820,11760,1740,85320,45240,12840,1920.0,70.32,13.85,13.78,2.04,53.02,15.05,2.25,VERY_STRESSFUL,59280,24300,,68,139,25,25,26,5,5,21.0,26.0,3.0,2.0,,,,,,-1.0,106.0,"{'eventTimestampGmt': '2024-12-27T18:50:01', 'bodyBatteryLevel': 'VERY_LOW', 'feedbackShortType': 'SLEEP_PREPARATION_STRESSFUL_AND_EXERCISE', 'feedbackLongType': 'SLEEP_PREPARATION_STRESSFUL_AND_EXERCISE_AND_BB_LOW'}","{'eventTimestampGmt': '2024-12-27T01:37:58', 'bodyBatteryLevel': 'MODERATE', 'feedbackShortType': 'SLEEP_TIME_PASSED_STRESSFUL_AND_INACTIVE', 'feedbackLongType': 'SLEEP_TIME_PASSED_STRESSFUL_AND_INACTIVE'}","[{'eventType': 'SLEEP', 'eventStartTimeGmt': '2024-12-26T22:22:38', 'timezoneOffset': 7200000, 'durationInMilliseconds': 24420000, 'bodyBatteryImpact': 21, 'feedbackType': 'NONE', 'shortFeedback': 'NONE', 'deviceId': 3423864303, 'activityName': None, 'activityType': None, 'activityId': None, 'eventUpdateTimeGmt': '2024-12-27T05:10:06'}, {'eventType': 'ACTIVITY', 'eventStartTimeGmt': '2024-12-27T14:37:33', 'timezoneOffset': 7200000, 'durationInMilliseconds': 4440000, 'bodyBatteryImpact': -5, 'feedbackType': 'EXERCISE_TRAINING_EFFECT_2', 'shortFeedback': 'MAINTAINING_AEROBIC_BASE', 'deviceId': 3423864303, 'activityName': 'Helsinki Walking', 'activityType': 'walking', 'activityId': 17851937594, 'eventUpdateTimeGmt': '2024-12-27T15:52:36'}]",16.0,27.0,12.0,14.0,2024-12-27T22:00:00.0,100,2024-12-27
5652846,3249.0,1193.0,2056.0,3249.0,,,3249.0,9921,2500,15224,15224,1193.0,3693.0,5652846,2024-12-28,"{'typeId': 4, 'typeKey': 'groups'}",23a5806b11f84382b7d7ce6aa61030e3,1500,2024-12-27T22:00:00.0,2024-12-28T00:00:00.0,2024-12-28T22:00:00.0,2024-12-29T00:00:00.0,86400000,,3298,7309,54701,21092,True,True,False,False,98,24,296.205,295.627,97.18012,96.99049,1000,10,61,164,66,68,GARMIN,34,93,39180,23700,15540,4260,82680,30660,7320,1200.0,47.39,28.66,18.8,5.15,37.08,8.85,1.45,STRESSFUL,59160,19260,,63,153,31,31,33,5,5,27.0,32.0,3.0,2.0,,,,,,26.0,204.0,"{'eventTimestampGmt': '2024-12-28T18:50:00', 'bodyBatteryLevel': 'VERY_LOW', 'feedbackShortType': 'SLEEP_PREPARATION_BALANCED_AND_EXERCISE', 'feedbackLongType': 'SLEEP_PREPARATION_BALANCED_AND_EXERCISE_AND_BB_LOW_MORNING_AND_NOW'}","{'eventTimestampGmt': '2024-12-28T02:04:57', 'bodyBatteryLevel': 'LOW', 'feedbackShortType': 'SLEEP_TIME_PASSED_STRESSFUL_AND_INACTIVE', 'feedbackLongType': 'SLEEP_TIME_PASSED_STRESSFUL_AND_INACTIVE_AND_BB_LOW'}","[{'eventType': 'SLEEP', 'eventStartTimeGmt': '2024-12-27T23:42:36', 'timezoneOffset': 7200000, 'durationInMilliseconds': 21060000, 'bodyBatteryImpact': 27, 'feedbackType': 'NONE', 'shortFeedback': 'NONE', 'deviceId': 3423864303, 'activityName': None, 'activityType': None, 'activityId': None, 'eventUpdateTimeGmt': '2024-12-28T05:34:08'}, {'eventType': 'RECOVERY', 'eventStartTimeGmt': '2024-12-28T08:20:03', 'timezoneOffset': 7200000, 'durationInMilliseconds': 1200000, 'bodyBatteryImpact': 3, 'feedbackType': 'RECOVERY_BODY_BATTERY_INCREASE', 'shortFeedback': 'BODY_BATTERY_RECHARGE', 'deviceId': 3423864303, 'activityName': None, 'activityType': None, 'activityId': None, 'eventUpdateTimeGmt': '2024-12-28T08:42:35'}, {'eventType': 'ACTIVITY', 'eventStartTimeGmt': '2024-12-28T09:32:57', 'timezoneOffset': 7200000, 'durationInMilliseconds': 7080000, 'bodyBatteryImpact': -8, 'feedbackType': 'EXERCISE_TRAINING_EFFECT_2', 'shortFeedback': 'MAINTAINING_AEROBIC_BASE', 'deviceId': 3423864303, 'activityName': 'Espoo Trail Running', 'activityType': 'trail_running', 'activityId': 17855849639, 'eventUpdateTimeGmt': '2024-12-28T11:32:18'}, {'eventType': 'ACTIVITY', 'eventStartTimeGmt': '2024-12-28T17:23:42', 'timezoneOffset': 7200000, 'durationInMilliseconds': 1380000, 'bodyBatteryImpact': -2, 'feedbackType': 'NONE', 'shortFeedback': 'NONE', 'deviceId': 3423864303, 'activityName': 'Yoga', 'activityType': 'yoga', 'activityId': 17860424530, 'eventUpdateTimeGmt': '2024-12-28T17:47:48'}]",16.0,26.0,11.0,19.0,2024-12-28T22:00:00.0,100,2024-12-28
5652846,3333.0,1277.0,2056.0,3333.0,,,3333.0,17676,2500,16192,16192,1277.0,3777.0,5652846,2024-12-29,"{'typeId': 4, 'typeKey': 'groups'}",f2d16c5ab1fb4a9a95035ad8d35f09ff,1500,2024-12-28T22:00:00.0,2024-12-29T00:00:00.0,2024-12-29T22:00:00.0,2024-12-30T00:00:00.0,86400000,,8164,2863,41319,34054,True,True,False,False,83,59,96.36,104.147,31.61417,34.16896,1000,10,59,172,63,68,GARMIN,32,99,36060,34080,7140,8700,85980,23520,10500,2040.0,41.94,39.64,8.3,10.12,27.36,12.21,2.37,BALANCED,43380,33900,,61,162,65,54,70,5,16,65.0,70.0,3.0,1.0,,,,,,73.0,191.0,"{'eventTimestampGmt': '2024-12-29T18:50:01', 'bodyBatteryLevel': 'LOW', 'feedbackShortType': 'SLEEP_PREPARATION_STRESSFUL_AND_INTENSIVE_EXERCISE', 'feedbackLongType': 'SLEEP_PREPARATION_STRESSFUL_AND_INTENSIVE_EXERCISE_AND_BB_LOW'}","{'eventTimestampGmt': '2024-12-29T02:39:03', 'bodyBatteryLevel': 'HIGH', 'feedbackShortType': 'SLEEP_TIME_PASSED_BALANCED_AND_INACTIVE', 'feedbackLongType': 'SLEEP_TIME_PASSED_BALANCED_AND_INACTIVE'}","[{'eventType': 'SLEEP', 'eventStartTimeGmt': '2024-12-28T23:28:48', 'timezoneOffset': 7200000, 'durationInMilliseconds': 32400000, 'bodyBatteryImpact': 65, 'feedbackType': 'NONE', 'shortFeedback': 'NONE', 'deviceId': 3423864303, 'activityName': None, 'activityType': None, 'activityId': None, 'eventUpdateTimeGmt': '2024-12-29T08:28:53'}, {'eventType': 'ACTIVITY', 'eventStartTimeGmt': '2024-12-29T11:16:54', 'timezoneOffset': 7200000, 'durationInMilliseconds': 6840000, 'bodyBatteryImpact': -17, 'feedbackType': 'EXERCISE_TRAINING_EFFECT_3', 'shortFeedback': 'IMPROVING_AEROBIC_BASE', 'deviceId': 3423864303, 'activityName': 'Helsinki Running', 'activityType': 'running', 'activityId': 17864945340, 'eventUpdateTimeGmt': '2024-12-29T13:16:53'}, {'eventType': 'ACTIVITY', 'eventStartTimeGmt': '2024-12-29T16:27:05', 'timezoneOffset': 7200000, 'durationInMilliseconds': 1260000, 'bodyBatteryImpact': -4, 'feedbackType': 'NONE', 'shortFeedback': 'EASY_RECOVERY', 'deviceId': 3423864303, 'activityName': None, 'activityType': None, 'activityId': None, 'eventUpdateTimeGmt': '2024-12-29T16:48:26'}]",17.0,35.0,10.0,19.0,2024-12-29T22:00:00.0,100,2024-12-29
5652846,2818.0,762.0,2056.0,2818.0,,,2818.0,12549,2500,10691,10691,762.0,3262.0,5652846,2024-12-30,"{'typeId': 4, 'typeKey': 'groups'}",f66842d4095b4910a9bf4de977cb03f3,1500,2024-12-29T22:00:00.0,2024-12-30T00:00:00.0,2024-12-30T22:00:00.0,2024-12-31T00:00:00.0,86400000,,6310,2549,49983,27558,True,True,False,False,51,16,210.723,210.693,69.13484,69.125,1000,10,57,177,65,67,GARMIN,26,93,18420,40740,23880,3240,86280,14100,3240,1080.0,21.35,47.22,27.68,3.76,16.34,3.76,1.25,BALANCED,57300,25740,,59,172,47,38,57,16,25,,,3.0,,,,,,,52.0,120.0,"{'eventTimestampGmt': '2024-12-30T21:30:49', 'bodyBatteryLevel': 'HIGH', 'feedbackShortType': 'SLEEP_PREPARATION_RECOVERING_AND_EXERCISE', 'feedbackLongType': 'SLEEP_PREPARATION_RECOVERING_AND_EXERCISE'}","{'eventTimestampGmt': '2024-12-29T23:33:47', 'bodyBatteryLevel': 'HIGH', 'feedbackShortType': 'SLEEP_TIME_PASSED_STRESSFUL_AND_INTENSIVE_EXERCISE', 'feedbackLongType': 'SLEEP_TIME_PASSED_STRESSFUL_AND_INTENSIVE_EXERCISE'}","[{'eventType': 'SLEEP', 'eventStartTimeGmt': '2024-12-29T21:32:26', 'timezoneOffset': 7200000, 'durationInMilliseconds': 27960000, 'bodyBatteryImpact': 40, 'feedbackType': 'NONE', 'shortFeedback': 'NONE', 'deviceId': 3423864303, 'activityName': None, 'activityType': None, 'activityId': None, 'eventUpdateTimeGmt': '2024-12-30T05:19:18'}, {'eventType': 'NAP', 'eventStartTimeGmt': '2024-12-30T11:40:18', 'timezoneOffset': 7200000, 'durationInMilliseconds': 1200000, 'bodyBatteryImpact': 0, 'feedbackType': 'NAP_RECOVERING_BODY_BATTERY_MAINTAIN', 'shortFeedback': 'RESTFUL_NAP', 'deviceId': 3423864303, 'activityName': None, 'activityType': None, 'activityId': None, 'eventUpdateTimeGmt': '2024-12-30T12:17:35'}, {'eventType': 'RECOVERY', 'eventStartTimeGmt': '2024-12-30T12:51:03', 'timezoneOffset': 7200000, 'durationInMilliseconds': 1920000, 'bodyBatteryImpact': 0, 'feedbackType': 'RECOVERY_BODY_BATTERY_NOT_INCREASE', 'shortFeedback': 'RESTFUL_PERIOD', 'deviceId': 3423864303, 'activityName': None, 'activityType': None, 'activityId': None, 'eventUpdateTimeGmt': '2024-12-30T13:26:40'}, {'eventType': 'ACTIVITY', 'eventStartTimeGmt': '2024-12-30T13:28:07', 'timezoneOffset': 7200000, 'durationInMilliseconds': 3780000, 'bodyBatteryImpact': -8, 'feedbackType': 'EXERCISE_TRAINING_EFFECT_2', 'shortFeedback': 'MAINTAINING_AEROBIC_BASE', 'deviceId': 3423864303, 'activityName': 'Helsinki - Recovery', 'activityType': 'trail_running', 'activityId': 17873179215, 'eventUpdateTimeGmt': '2024-12-30T14:33:53'}, {'eventType': 'RECOVERY', 'eventStartTimeGmt': '2024-12-30T15:20:48', 'timezoneOffset': 7200000, 'durationInMilliseconds': 3360000, 'bodyBatteryImpact': 2, 'feedbackType': 'RECOVERY_BODY_BATTERY_INCREASE', 'shortFeedback': 'BODY_BATTERY_RECHARGE', 'deviceId': 3423864303, 'activityName': None, 'activityType': None, 'activityId': None, 'eventUpdateTimeGmt': '2024-12-30T16:28:05'}, {'eventType': 'ACTIVITY', 'eventStartTimeGmt': '2024-12-30T16:35:51', 'timezoneOffset': 7200000, 'durationInMilliseconds': 1200000, 'bodyBatteryImpact': -2, 'feedbackType': 'NONE', 'shortFeedback': 'NONE', 'deviceId': 3423864303, 'activityName': 'Yoga', 'activityType': 'yoga', 'activityId': 17874437766, 'eventUpdateTimeGmt': '2024-12-30T16:56:46'}]",14.0,24.0,11.0,13.0,2024-12-30T22:00:00.0,100,2024-12-30
5652846,2449.0,393.0,2056.0,2449.0,,,2449.0,6970,2500,5844,5844,393.0,2893.0,5652846,2024-12-31,"{'typeId': 4, 'typeKey': 'groups'}",365215b4addd4874a4693bf72dc005a8,1500,2024-12-30T22:00:00.0,2024-12-31T00:00:00.0,2024-12-31T22:00:00.0,2025-01-01T00:00:00.0,86400000,,3407,3893,54620,24480,True,False,False,False,0,1,11.249,17.399,3.69062,5.70833,1000,10,60,129,64,67,GARMIN,34,96,39060,33000,9780,2460,84300,24600,12240,2220.0,46.33,39.15,11.6,2.92,29.18,14.52,2.63,BALANCED,57900,23940,,62,125,52,63,77,14,14,52.0,77.0,3.0,,,,,,,103.0,,"{'eventTimestampGmt': '2024-12-31T18:50:00', 'bodyBatteryLevel': 'MODERATE', 'feedbackShortType': 'SLEEP_PREPARATION_BALANCED_AND_INACTIVE', 'feedbackLongType': 'SLEEP_PREPARATION_BALANCED_AND_INACTIVE'}","{'eventTimestampGmt': '2024-12-31T21:55:12', 'bodyBatteryLevel': 'LOW', 'feedbackShortType': 'SLEEP_TIME_PASSED_BALANCED_AND_INACTIVE', 'feedbackLongType': 'SLEEP_TIME_PASSED_BALANCED_AND_INACTIVE_AND_BB_LOW'}","[{'eventType': 'SLEEP', 'eventStartTimeGmt': '2024-12-30T22:02:46', 'timezoneOffset': 7200000, 'durationInMilliseconds': 24480000, 'bodyBatteryImpact': 52, 'feedbackType': 'NONE', 'shortFeedback': 'NONE', 'deviceId': 3423864303, 'activityName': None, 'activityType': None, 'activityId': None, 'eventUpdateTimeGmt': '2024-12-31T05:11:56'}, {'eventType': 'RECOVERY', 'eventStartTimeGmt': '2024-12-31T17:04:21', 'timezoneOffset': 7200000, 'durationInMilliseconds': 2100000, 'bodyBatteryImpact': 0, 'feedbackType': 'RECOVERY_BODY_BATTERY_NOT_INCREASE', 'shortFeedback': 'RESTFUL_PERIOD', 'deviceId': 3423864303, 'activityName': None, 'activityType': None, 'activityId': None, 'eventUpdateTimeGmt': '2024-12-31T17:42:30'}]",15.0,22.0,11.0,13.0,2024-12-31T21:59:00.0,100,2024-12-31
5652846,2567.0,517.0,2050.0,2567.0,,,2567.0,13649,2500,13201,13201,517.0,3017.0,5652846,2025-01-01,"{'typeId': 4, 'typeKey': 'groups'}",9953d52e1b434bbe881dbffc98fd5842,1500,2024-12-31T22:00:00.0,2025-01-01T00:00:00.0,2025-01-01T22:00:00.0,2025-01-02T00:00:00.0,86400000,,2649,6241,56252,21258,True,True,False,False,70,2,56.956,39.229,18.68635,12.87041,1000,10,36,136,63,66,GARMIN,28,90,31320,37080,13380,1980,83760,25440,5100,780.0,37.39,44.27,15.97,2.36,30.37,6.09,0.93,BALANCED,61260,20520,,51,119,49,45,50,10,18,40.0,50.0,3.0,,,,,,,100.0,108.0,"{'eventTimestampGmt': '2025-01-01T20:37:06', 'bodyBatteryLevel': 'MODERATE', 'feedbackShortType': 'SLEEP_PREPARATION_RECOVERING_AND_EXERCISE', 'feedbackLongType': 'SLEEP_PREPARATION_RECOVERING_AND_EXERCISE'}","{'eventTimestampGmt': '2025-01-01T02:15:16', 'bodyBatteryLevel': 'MODERATE', 'feedbackShortType': 'SLEEP_TIME_PASSED_BALANCED_AND_INACTIVE', 'feedbackLongType': 'SLEEP_TIME_PASSED_BALANCED_AND_INACTIVE'}","[{'eventType': 'SLEEP', 'eventStartTimeGmt': '2025-01-01T00:58:56', 'timezoneOffset': 7200000, 'durationInMilliseconds': 17280000, 'bodyBatteryImpact': 40, 'feedbackType': 'NONE', 'shortFeedback': 'NONE', 'deviceId': 3423864303, 'activityName': None, 'activityType': None, 'activityId': None, 'eventUpdateTimeGmt': '2025-01-01T05:48:44'}, {'eventType': 'ACTIVITY', 'eventStartTimeGmt': '2025-01-01T10:46:42', 'timezoneOffset': 7200000, 'durationInMilliseconds': 4500000, 'bodyBatteryImpact': -5, 'feedbackType': 'EXERCISE_TRAINING_EFFECT_BELOW_2', 'shortFeedback': 'EASY_RECOVERY', 'deviceId': 3423864303, 'activityName': 'Lappeenranta Walking', 'activityType': 'walking', 'activityId': 17887765771, 'eventUpdateTimeGmt': '2025-01-01T12:03:42'}, {'eventType': 'RECOVERY', 'eventStartTimeGmt': '2025-01-01T14:10:22', 'timezoneOffset': 7200000, 'durationInMilliseconds': 1200000, 'bodyBatteryImpact': 3, 'feedbackType': 'RECOVERY_BODY_BATTERY_INCREASE', 'shortFeedback': 'BODY_BATTERY_RECHARGE', 'deviceId': 3423864303, 'activityName': None, 'activityType': None, 'activityId': None, 'eventUpdateTimeGmt': '2025-01-01T14:49:50'}]",15.0,24.0,11.0,21.0,2025-01-01T22:00:00.0,100,2025-01-01
5652846,2456.0,406.0,2050.0,2456.0,,,2456.0,8230,2500,6864,6864,406.0,2906.0,5652846,2025-01-02,"{'typeId': 4, 'typeKey': 'groups'}",407f0412f3564050b6242fe2d570550c,1500,2025-01-01T22:00:00.0,2025-01-02T00:00:00.0,2025-01-02T22:00:00.0,2025-01-03T00:00:00.0,86400000,,3847,1588,51678,29287,True,True,False,False,36,0,41.055,43.867,13.46949,14.39206,1000,10,55,121,61,65,GARMIN,24,93,22260,48120,9720,3360,83460,15420,5760,1080.0,26.67,57.66,11.65,4.03,18.48,6.9,1.29,BALANCED,55440,24660,,57,118,81,73,90,18,26,75.0,90.0,3.0,,,,,,,10.0,55.0,"{'eventTimestampGmt': '2025-01-02T18:50:00', 'bodyBatteryLevel': 'HIGH', 'feedbackShortType': 'SLEEP_PREPARATION_RECOVERING_AND_EXERCISE', 'feedbackLongType': 'SLEEP_PREPARATION_RECOVERING_AND_EXERCISE'}","{'eventTimestampGmt': '2025-01-01T22:42:59', 'bodyBatteryLevel': 'HIGH', 'feedbackShortType': 'SLEEP_TIME_PASSED_RECOVERING_AND_EXERCISE', 'feedbackLongType': 'SLEEP_TIME_PASSED_RECOVERING_AND_EXERCISE'}","[{'eventType': 'SLEEP', 'eventStartTimeGmt': '2025-01-01T20:53:42', 'timezoneOffset': 7200000, 'durationInMilliseconds': 29940000, 'bodyBatteryImpact': 74, 'feedbackType': 'NONE', 'shortFeedback': 'NONE', 'deviceId': 3423864303, 'activityName': None, 'activityType': None, 'activityId': None, 'eventUpdateTimeGmt': '2025-01-02T05:13:07'}, {'eventType': 'RECOVERY', 'eventStartTimeGmt': '2025-01-02T07:50:52', 'timezoneOffset': 7200000, 'durationInMilliseconds': 2640000, 'bodyBatteryImpact': -1, 'feedbackType': 'RECOVERY_BODY_BATTERY_NOT_INCREASE', 'shortFeedback': 'RESTFUL_PERIOD', 'deviceId': 3423864303, 'activityName': None, 'activityType': None, 'activityId': None, 'eventUpdateTimeGmt': '2025-01-02T08:37:00'}, {'eventType': 'NAP', 'eventStartTimeGmt': '2025-01-02T11:18:07', 'timezoneOffset': 7200000, 'durationInMilliseconds': 3300000, 'bodyBatteryImpact': 6, 'feedbackType': 'NAP_RECOVERING_BODY_BATTERY_INCREASE', 'shortFeedback': 'RESTFUL_NAP', 'deviceId': 3423864303, 'activityName': None, 'activityType': None, 'activityId': None, 'eventUpdateTimeGmt': '2025-01-02T12:29:21'}, {'eventType': 'ACTIVITY', 'eventStartTimeGmt': '2025-01-02T14:42:09', 'timezoneOffset': 7200000, 'durationInMilliseconds': 3120000, 'bodyBatteryImpact': -7, 'feedbackType': 'EXERCISE_TRAINING_EFFECT_BELOW_2', 'shortFeedback': 'EASY_RECOVERY', 'deviceId': 3423864303, 'activityName': 'Helsinki Walking', 'activityType': 'walking', 'activityId': 17897397741, 'eventUpdateTimeGmt': '2025-01-02T15:35:18'}]",17.0,25.0,11.0,14.0,2025-01-02T22:00:00.0,100,2025-01-02
5652846,2549.0,499.0,2050.0,2549.0,,,2549.0,6644,2500,5536,5536,499.0,2999.0,5652846,2025-01-03,"{'typeId': 4, 'typeKey': 'groups'}",569ed2ac68024af79940401b432c3df2,1500,2025-01-02T22:00:00.0,2025-01-03T00:00:00.0,2025-01-03T22:00:00.0,2025-01-04T00:00:00.0,86400000,,1758,5326,54656,24660,True,False,False,False,0,2,24.384,24.894,8.0,8.16732,1000,10,57,127,61,63,GARMIN,39,97,41640,32040,7980,2880,84540,16320,18840,6480.0,49.25,37.9,9.44,3.41,19.3,22.29,7.67,STRESSFUL,57000,24660,,58,119,61,78,87,9,9,59.0,85.0,3.0,5.0,,,,,,27.0,,"{'eventTimestampGmt': '2025-01-03T18:50:00', 'bodyBatteryLevel': 'LOW', 'feedbackShortType': 'SLEEP_PREPARATION_STRESSFUL_AND_INACTIVE', 'feedbackLongType': 'SLEEP_PREPARATION_STRESSFUL_AND_INACTIVE_AND_BB_LOW'}","{'eventTimestampGmt': '2025-01-02T22:13:19', 'bodyBatteryLevel': 'HIGH', 'feedbackShortType': 'SLEEP_TIME_PASSED_RECOVERING_AND_EXERCISE', 'feedbackLongType': 'SLEEP_TIME_PASSED_RECOVERING_AND_EXERCISE'}","[{'eventType': 'SLEEP', 'eventStartTimeGmt': '2025-01-02T22:11:18', 'timezoneOffset': 7200000, 'durationInMilliseconds': 24660000, 'bodyBatteryImpact': 59, 'feedbackType': 'NONE', 'shortFeedback': 'NONE', 'deviceId': 3423864303, 'activityName': None, 'activityType': None, 'activityId': None, 'eventUpdateTimeGmt': '2025-01-03T05:10:05'}, {'eventType': 'STRESS', 'eventStartTimeGmt': '2025-01-03T12:48:05', 'timezoneOffset': 7200000, 'durationInMilliseconds': 4740000, 'bodyBatteryImpact': -8, 'feedbackType': 'STRESS', 'shortFeedback': 'STRESSFUL_PERIOD', 'deviceId': 3423864303, 'activityName': None, 'activityType': None, 'activityId': None, 'eventUpdateTimeGmt': '2025-01-03T14:10:15'}]",16.0,25.0,11.0,15.0,2025-01-03T22:00:00.0,100,2025-01-03
5652846,2705.0,655.0,2050.0,2705.0,,,2705.0,4761,2500,4078,4078,655.0,3155.0,5652846,2025-01-04,"{'typeId': 4, 'typeKey': 'groups'}",a124c5fc9db84d86aa4c23538f4b4df9,1500,2025-01-03T22:00:00.0,2025-01-04T00:00:00.0,2025-01-04T22:00:00.0,2025-01-05T00:00:00.0,86400000,,1682,2853,58765,23100,True,False,False,False,3,1,20.323,31.902,6.66765,10.46654,1000,10,68,142,67,63,GARMIN,61,97,78540,540,6420,780,86280,19800,44520,14220.0,91.03,0.63,7.44,0.9,22.95,51.6,16.48,VERY_STRESSFUL,62520,22980,,69,138,21,25,29,5,5,21.0,29.0,3.0,8.0,,,,,,-19.0,,"{'eventTimestampGmt': '2025-01-04T19:59:20', 'bodyBatteryLevel': 'VERY_LOW', 'feedbackShortType': 'SLEEP_PREPARATION_STRESSFUL_AND_INACTIVE', 'feedbackLongType': 'SLEEP_PREPARATION_STRESSFUL_AND_INACTIVE_AND_BB_LOW'}","{'eventTimestampGmt': '2025-01-04T21:46:14', 'bodyBatteryLevel': 'VERY_LOW', 'feedbackShortType': 'SLEEP_TIME_PASSED_STRESSFUL_AND_INACTIVE', 'feedbackLongType': 'SLEEP_TIME_PASSED_STRESSFUL_AND_INACTIVE_AND_BB_LOW'}","[{'eventType': 'SLEEP', 'eventStartTimeGmt': '2025-01-03T22:21:05', 'timezoneOffset': 7200000, 'durationInMilliseconds': 23100000, 'bodyBatteryImpact': 21, 'feedbackType': 'NONE', 'shortFeedback': 'NONE', 'deviceId': 3423864303, 'activityName': None, 'activityType': None, 'activityId': None, 'eventUpdateTimeGmt': '2025-01-04T04:57:32'}, {'eventType': 'STRESS', 'eventStartTimeGmt': '2025-01-04T06:30:47', 'timezoneOffset': 7200000, 'durationInMilliseconds': 12300000, 'bodyBatteryImpact': -12, 'feedbackType': 'STRESS_LONG', 'shortFeedback': 'NEED_A_LITTLE_BREAK', 'deviceId': 3423864303, 'activityName': None, 'activityType': None, 'activityId': None, 'eventUpdateTimeGmt': '2025-01-04T09:57:17'}]",17.0,27.0,11.0,13.0,2025-01-04T21:59:00.0,100,2025-01-04
5652846,3715.0,1665.0,2050.0,3715.0,,,3715.0,18482,2500,16311,16311,1665.0,4165.0,5652846,2025-01-05,"{'typeId': 4, 'typeKey': 'groups'}",fe08e0fdcbba4341a6148ce0d4e805cc,1500,2025-01-04T22:00:00.0,2025-01-05T00:00:00.0,2025-01-05T22:00:00.0,2025-01-06T00:00:00.0,86400000,,7530,4913,40537,33420,True,True,False,False,117,29,281.289,295.584,92.28642,96.97638,1000,10,60,170,66,64,GARMIN,39,99,40320,24600,16080,5220,86220,22440,12300,5580.0,46.76,28.53,18.65,6.05,26.03,14.27,6.47,STRESSFUL,48360,32640,,62,168,41,41,46,5,5,40.0,45.0,3.0,11.0,,,,,,4.0,213.0,"{'eventTimestampGmt': '2025-01-05T21:11:52', 'bodyBatteryLevel': 'VERY_LOW', 'feedbackShortType': 'SLEEP_PREPARATION_STRESSFUL_AND_INTENSIVE_EXERCISE', 'feedbackLongType': 'SLEEP_PREPARATION_STRESSFUL_AND_INTENSIVE_EXERCISE_AND_BB_LOW'}","{'eventTimestampGmt': '2025-01-05T02:03:51', 'bodyBatteryLevel': 'MODERATE', 'feedbackShortType': 'SLEEP_TIME_PASSED_STRESSFUL_AND_INACTIVE', 'feedbackLongType': 'SLEEP_TIME_PASSED_STRESSFUL_AND_INACTIVE'}","[{'eventType': 'SLEEP', 'eventStartTimeGmt': '2025-01-04T22:51:32', 'timezoneOffset': 7200000, 'durationInMilliseconds': 33420000, 'bodyBatteryImpact': 40, 'feedbackType': 'NONE', 'shortFeedback': 'NONE', 'deviceId': 3423864303, 'activityName': None, 'activityType': None, 'activityId': None, 'eventUpdateTimeGmt': '2025-01-05T08:10:26'}, {'eventType': 'ACTIVITY', 'eventStartTimeGmt': '2025-01-05T11:01:02', 'timezoneOffset': 7200000, 'durationInMilliseconds': 7140000, 'bodyBatteryImpact': -9, 'feedbackType': 'EXERCISE_TRAINING_EFFECT_3', 'shortFeedback': 'IMPROVING_AEROBIC_BASE', 'deviceId': 3423864303, 'activityName': 'Helsinki Walking', 'activityType': 'walking', 'activityId': 17922091310, 'eventUpdateTimeGmt': '2025-01-05T13:03:25'}, {'eventType': 'ACTIVITY', 'eventStartTimeGmt': '2025-01-05T18:27:49', 'timezoneOffset': 7200000, 'durationInMilliseconds': 1740000, 'bodyBatteryImpact': -2, 'feedbackType': 'NONE', 'shortFeedback': 'EASY_RECOVERY', 'deviceId': 3423864303, 'activityName': 'Yoga', 'activityType': 'yoga', 'activityId': 17925993305, 'eventUpdateTimeGmt': '2025-01-05T18:56:59'}]",17.0,27.0,11.0,20.0,2025-01-05T22:00:00.0,100,2025-01-05
5652846,4643.0,2593.0,2050.0,4643.0,,,4643.0,27944,2500,24012,24012,2593.0,5093.0,5652846,2025-01-06,"{'typeId': 4, 'typeKey': 'groups'}",49b3af9519df44389c78ebdf487577db,1500,2025-01-05T22:00:00.0,2025-01-06T00:00:00.0,2025-01-06T22:00:00.0,2025-01-07T00:00:00.0,86400000,,16975,11899,38839,18687,True,True,False,False,135,108,545.669,542.425,179.02526,177.96096,1000,10,54,205,67,64,GARMIN,49,99,45120,9480,9000,22740,86340,20340,17820,6960.0,52.26,10.98,10.42,26.34,23.56,20.64,8.06,VERY_STRESSFUL,45300,18300,,58,205,17,17,22,5,5,16.0,21.0,3.0,10.0,,,,,,21.0,332.0,"{'eventTimestampGmt': '2025-01-06T20:22:12', 'bodyBatteryLevel': 'VERY_LOW', 'feedbackShortType': 'SLEEP_PREPARATION_STRESSFUL_AND_INTENSIVE_EXERCISE', 'feedbackLongType': 'SLEEP_PREPARATION_STRESSFUL_AND_INTENSIVE_EXERCISE_AND_BB_LOW'}","{'eventTimestampGmt': '2025-01-06T21:47:36', 'bodyBatteryLevel': 'VERY_LOW', 'feedbackShortType': 'SLEEP_TIME_PASSED_STRESSFUL_AND_INTENSIVE_EXERCISE', 'feedbackLongType': 'SLEEP_TIME_PASSED_STRESSFUL_AND_INTENSIVE_EXERCISE_AND_BB_LOW'}","[{'eventType': 'SLEEP', 'eventStartTimeGmt': '2025-01-05T23:35:59', 'timezoneOffset': 7200000, 'durationInMilliseconds': 18660000, 'bodyBatteryImpact': 16, 'feedbackType': 'NONE', 'shortFeedback': 'NONE', 'deviceId': 3423864303, 'activityName': None, 'activityType': None, 'activityId': None, 'eventUpdateTimeGmt': '2025-01-06T04:47:26'}, {'eventType': 'ACTIVITY', 'eventStartTimeGmt': '2025-01-06T09:01:22', 'timezoneOffset': 7200000, 'durationInMilliseconds': 13920000, 'bodyBatteryImpact': -6, 'feedbackType': 'EXERCISE_TRAINING_EFFECT_4', 'shortFeedback': 'HIGHLY_IMPROVING_TEMPO', 'deviceId': 3423864303, 'activityName': 'Siuntio Trail Running', 'activityType': 'trail_running', 'activityId': 17930023848, 'eventUpdateTimeGmt': '2025-01-06T12:55:24'}]",21.0,41.0,11.0,20.0,2025-01-06T22:00:00.0,100,2025-01-06
5652846,2746.0,696.0,2050.0,2746.0,,,2746.0,8920,2500,9342,9342,696.0,3196.0,5652846,2025-01-07,"{'typeId': 4, 'typeKey': 'groups'}",09056b12bb764305a90d46e94510ad8e,1500,2025-01-06T22:00:00.0,2025-01-07T00:00:00.0,2025-01-07T22:00:00.0,2025-01-08T00:00:00.0,86400000,,5362,1189,52299,27550,True,True,False,False,43,4,29.09,45.264,9.54396,14.85039,1000,10,64,162,68,65,GARMIN,37,90,53220,18960,11520,2520,86220,40260,11820,1140.0,61.73,21.99,13.36,2.92,46.69,13.71,1.32,STRESSFUL,61620,22080,,67,159,24,23,26,5,6,,,3.0,3.0,,,,,,18.0,79.0,"{'eventTimestampGmt': '2025-01-07T18:50:00', 'bodyBatteryLevel': 'VERY_LOW', 'feedbackShortType': 'SLEEP_PREPARATION_BALANCED_AND_EXERCISE', 'feedbackLongType': 'SLEEP_PREPARATION_BALANCED_AND_EXERCISE_AND_BB_LOW_MORNING_AND_NOW'}","{'eventTimestampGmt': '2025-01-07T21:56:27', 'bodyBatteryLevel': 'LOW', 'feedbackShortType': 'SLEEP_TIME_PASSED_BALANCED_AND_EXERCISE', 'feedbackLongType': 'SLEEP_TIME_PASSED_BALANCED_AND_EXERCISE_AND_BB_LOW_MORNING_AND_NOW'}","[{'eventType': 'SLEEP', 'eventStartTimeGmt': '2025-01-06T22:12:24', 'timezoneOffset': 7200000, 'durationInMilliseconds': 23100000, 'bodyBatteryImpact': 21, 'feedbackType': 'NONE', 'shortFeedback': 'NONE', 'deviceId': 3423864303, 'activityName': None, 'activityType': None, 'activityId': None, 'eventUpdateTimeGmt': '2025-01-07T04:37:48'}, {'eventType': 'ACTIVITY', 'eventStartTimeGmt': '2025-01-07T13:22:18', 'timezoneOffset': 7200000, 'durationInMilliseconds': 2040000, 'bodyBatteryImpact': -2, 'feedbackType': 'EXERCISE_TRAINING_EFFECT_2', 'shortFeedback': 'EASY_AEROBIC', 'deviceId': 3423864303, 'activityName': 'Helsinki Walking', 'activityType': 'walking', 'activityId': 17939240285, 'eventUpdateTimeGmt': '2025-01-07T13:59:32'}, {'eventType': 'RECOVERY', 'eventStartTimeGmt': '2025-01-07T14:10:37', 'timezoneOffset': 7200000, 'durationInMilliseconds': 1260000, 'bodyBatteryImpact': 1, 'feedbackType': 'RECOVERY_BODY_BATTERY_INCREASE', 'shortFeedback': 'BODY_BATTERY_RECHARGE', 'deviceId': 3423864303, 'activityName': None, 'activityType': None, 'activityId': None, 'eventUpdateTimeGmt': '2025-01-07T14:34:24'}, {'eventType': 'ACTIVITY', 'eventStartTimeGmt': '2025-01-07T15:32:24', 'timezoneOffset': 7200000, 'durationInMilliseconds': 1200000, 'bodyBatteryImpact': 0, 'feedbackType': 'NONE', 'shortFeedback': 'NONE', 'deviceId': 3423864303, 'activityName': 'Yoga', 'activityType': 'yoga', 'activityId': 17942995184, 'eventUpdateTimeGmt': '2025-01-07T15:53:14'}, {'eventType': 'RECOVERY', 'eventStartTimeGmt': '2025-01-07T19:16:44', 'timezoneOffset': 7200000, 'durationInMilliseconds': 3120000, 'bodyBatteryImpact': 0, 'feedbackType': 'RECOVERY_EVENING', 'shortFeedback': 'RESTFUL_PERIOD', 'deviceId': 3423864303, 'activityName': None, 'activityType': None, 'activityId': None, 'eventUpdateTimeGmt': '2025-01-07T20:12:40'}]",18.0,26.0,12.0,19.0,2025-01-07T22:00:00.0,100,2025-01-07
5652846,2602.0,552.0,2050.0,2602.0,,,2602.0,8564,2500,7591,7591,552.0,3052.0,5652846,2025-01-08,"{'typeId': 4, 'typeKey': 'groups'}",69f18538eafc484fa24040e84a44a2b4,1500,2025-01-07T22:00:00.0,2025-01-08T00:00:00.0,2025-01-08T22:00:00.0,2025-01-09T00:00:00.0,86400000,,4102,2810,49052,30436,True,True,False,False,36,0,32.668,29.707,10.71785,9.74639,1000,10,60,124,65,65,GARMIN,22,93,18720,52680,10260,3780,85440,15060,3180,480.0,21.91,61.66,12.01,4.42,17.63,3.72,0.56,BALANCED,56100,25560,,61,118,80,46,78,6,40,73.0,78.0,3.0,,,,,,,24.0,54.0,"{'eventTimestampGmt': '2025-01-08T18:50:01', 'bodyBatteryLevel': 'HIGH', 'feedbackShortType': 'SLEEP_PREPARATION_RECOVERING_AND_EXERCISE', 'feedbackLongType': 'SLEEP_PREPARATION_RECOVERING_AND_EXERCISE'}","{'eventTimestampGmt': '2025-01-07T23:14:30', 'bodyBatteryLevel': 'HIGH', 'feedbackShortType': 'SLEEP_TIME_PASSED_BALANCED_AND_EXERCISE', 'feedbackLongType': 'SLEEP_TIME_PASSED_BALANCED_AND_EXERCISE'}","[{'eventType': 'SLEEP', 'eventStartTimeGmt': '2025-01-07T20:46:14', 'timezoneOffset': 7200000, 'durationInMilliseconds': 30240000, 'bodyBatteryImpact': 73, 'feedbackType': 'NONE', 'shortFeedback': 'NONE', 'deviceId': 3423864303, 'activityName': None, 'activityType': None, 'activityId': None, 'eventUpdateTimeGmt': '2025-01-08T05:10:20'}, {'eventType': 'RECOVERY', 'eventStartTimeGmt': '2025-01-08T08:58:25', 'timezoneOffset': 7200000, 'durationInMilliseconds': 1680000, 'bodyBatteryImpact': 2, 'feedbackType': 'RECOVERY_BODY_BATTERY_INCREASE', 'shortFeedback': 'BODY_BATTERY_RECHARGE', 'deviceId': 3423864303, 'activityName': None, 'activityType': None, 'activityId': None, 'eventUpdateTimeGmt': '2025-01-08T09:30:10'}, {'eventType': 'ACTIVITY', 'eventStartTimeGmt': '2025-01-08T13:40:13', 'timezoneOffset': 7200000, 'durationInMilliseconds': 3120000, 'bodyBatteryImpact': -6, 'feedbackType': 'EXERCISE_TRAINING_EFFECT_BELOW_2', 'shortFeedback': 'EASY_RECOVERY', 'deviceId': 3423864303, 'activityName': None, 'activityType': None, 'activityId': None, 'eventUpdateTimeGmt': '2025-01-08T14:32:58'}, {'eventType': 'RECOVERY', 'eventStartTimeGmt': '2025-01-08T15:16:33', 'timezoneOffset': 7200000, 'durationInMilliseconds': 4020000, 'bodyBatteryImpact': 0, 'feedbackType': 'RECOVERY_LONG_BODY_BATTERY_NOT_INCREASE', 'shortFeedback': 'LONG_RESTFUL_PERIOD', 'deviceId': 3423864303, 'activityName': None, 'activityType': None, 'activityId': None, 'eventUpdateTimeGmt': '2025-01-08T16:27:25'}]",16.0,24.0,11.0,15.0,2025-01-08T22:00:00.0,100,2025-01-08
5652846,2577.0,527.0,2050.0,2577.0,,,2577.0,9773,2500,9128,9128,527.0,3027.0,5652846,2025-01-09,"{'typeId': 4, 'typeKey': 'groups'}",b2eb6cf67bfa4075920738aa8a5c4977,1500,2025-01-08T22:00:00.0,2025-01-09T00:00:00.0,2025-01-09T22:00:00.0,2025-01-10T00:00:00.0,86400000,,4184,2500,48657,31059,True,True,False,False,46,0,52.306,44.572,17.16076,14.62336,1000,10,57,124,62,65,GARMIN,26,96,23220,45360,12240,3720,84540,16500,5520,1200.0,27.47,53.66,14.48,4.4,19.52,6.53,1.42,BALANCED,50340,30480,,58,124,59,65,91,26,34,57.0,91.0,3.0,,,,,,,10.0,82.0,"{'eventTimestampGmt': '2025-01-09T20:21:14', 'bodyBatteryLevel': 'HIGH', 'feedbackShortType': 'SLEEP_PREPARATION_RECOVERING_AND_EXERCISE', 'feedbackLongType': 'SLEEP_PREPARATION_RECOVERING_AND_EXERCISE'}","{'eventTimestampGmt': '2025-01-08T22:10:31', 'bodyBatteryLevel': 'HIGH', 'feedbackShortType': 'SLEEP_TIME_PASSED_RECOVERING_AND_EXERCISE', 'feedbackLongType': 'SLEEP_TIME_PASSED_RECOVERING_AND_EXERCISE'}","[{'eventType': 'SLEEP', 'eventStartTimeGmt': '2025-01-08T20:42:58', 'timezoneOffset': 7200000, 'durationInMilliseconds': 30420000, 'bodyBatteryImpact': 57, 'feedbackType': 'NONE', 'shortFeedback': 'NONE', 'deviceId': 3423864303, 'activityName': None, 'activityType': None, 'activityId': None, 'eventUpdateTimeGmt': '2025-01-09T05:10:06'}, {'eventType': 'ACTIVITY', 'eventStartTimeGmt': '2025-01-09T12:40:33', 'timezoneOffset': 7200000, 'durationInMilliseconds': 1980000, 'bodyBatteryImpact': -4, 'feedbackType': 'EXERCISE_TRAINING_EFFECT_BELOW_2', 'shortFeedback': 'EASY_RECOVERY', 'deviceId': 3423864303, 'activityName': 'Helsinki Walking', 'activityType': 'walking', 'activityId': 17956639306, 'eventUpdateTimeGmt': '2025-01-09T13:14:11'}, {'eventType': 'ACTIVITY', 'eventStartTimeGmt': '2025-01-09T16:51:31', 'timezoneOffset': 7200000, 'durationInMilliseconds': 1380000, 'bodyBatteryImpact': -3, 'feedbackType': 'NONE', 'shortFeedback': 'EASY_RECOVERY', 'deviceId': 3423864303, 'activityName': 'Yoga', 'activityType': 'yoga', 'activityId': 17958368614, 'eventUpdateTimeGmt': '2025-01-09T17:15:19'}]",17.0,25.0,11.0,20.0,2025-01-09T22:00:00.0,100,2025-01-09
5652846,2441.0,391.0,2050.0,2441.0,,,2441.0,8968,2500,9461,9461,391.0,2891.0,5652846,2025-01-10,"{'typeId': 4, 'typeKey': 'groups'}",8c0d452ce6354bf4a1db3d708187be00,1500,2025-01-09T22:00:00.0,2025-01-10T00:00:00.0,2025-01-10T22:00:00.0,2025-01-11T00:00:00.0,86400000,,4416,1384,52322,28278,True,True,False,False,21,0,46.698,39.254,15.32087,12.87861,1000,10,58,123,63,65,GARMIN,28,96,29400,41520,10740,2220,83880,21960,6240,1200.0,35.05,49.5,12.8,2.65,26.18,7.44,1.43,BALANCED,56340,25320,,62,120,55,65,87,24,24,61.0,87.0,3.0,,,,,,,10.0,32.0,"{'eventTimestampGmt': '2025-01-10T21:05:01', 'bodyBatteryLevel': 'MODERATE', 'feedbackShortType': 'SLEEP_PREPARATION_RECOVERING_AND_EXERCISE', 'feedbackLongType': 'SLEEP_PREPARATION_RECOVERING_AND_EXERCISE'}","{'eventTimestampGmt': '2025-01-09T22:10:07', 'bodyBatteryLevel': 'HIGH', 'feedbackShortType': 'SLEEP_TIME_PASSED_RECOVERING_AND_EXERCISE', 'feedbackLongType': 'SLEEP_TIME_PASSED_RECOVERING_AND_EXERCISE'}","[{'eventType': 'SLEEP', 'eventStartTimeGmt': '2025-01-09T20:32:19', 'timezoneOffset': 7200000, 'durationInMilliseconds': 30720000, 'bodyBatteryImpact': 61, 'feedbackType': 'NONE', 'shortFeedback': 'NONE', 'deviceId': 3423864303, 'activityName': None, 'activityType': None, 'activityId': None, 'eventUpdateTimeGmt': '2025-01-10T05:04:38'}, {'eventType': 'RECOVERY', 'eventStartTimeGmt': '2025-01-10T08:58:13', 'timezoneOffset': 7200000, 'durationInMilliseconds': 2580000, 'bodyBatteryImpact': 0, 'feedbackType': 'RECOVERY_BODY_BATTERY_NOT_INCREASE', 'shortFeedback': 'RESTFUL_PERIOD', 'deviceId': 3423864303, 'activityName': None, 'activityType': None, 'activityId': None, 'eventUpdateTimeGmt': '2025-01-10T09:44:27'}, {'eventType': 'ACTIVITY', 'eventStartTimeGmt': '2025-01-10T12:12:21', 'timezoneOffset': 7200000, 'durationInMilliseconds': 1320000, 'bodyBatteryImpact': -3, 'feedbackType': 'EXERCISE_TRAINING_EFFECT_BELOW_2', 'shortFeedback': 'EASY_RECOVERY', 'deviceId': 3423864303, 'activityName': 'Helsinki Walking', 'activityType': 'walking', 'activityId': 17964915881, 'eventUpdateTimeGmt': '2025-01-10T12:38:20'}]",16.0,25.0,11.0,21.0,2025-01-10T22:00:00.0,100,2025-01-10
5652846,3191.0,1141.0,2050.0,3191.0,,,3191.0,14790,2500,12392,12392,1141.0,3641.0,5652846,2025-01-11,"{'typeId': 4, 'typeKey': 'groups'}",8aec9c6004d54628bc7980bea9909c0e,1500,2025-01-10T22:00:00.0,2025-01-11T00:00:00.0,2025-01-11T22:00:00.0,2025-01-12T00:00:00.0,86400000,,4436,7529,49404,25031,True,True,False,False,58,10,134.112,137.713,44.0,45.18143,1000,10,57,164,63,65,GARMIN,44,97,39600,25500,15960,3360,84420,10440,19800,9360.0,46.91,30.21,18.91,3.98,12.37,23.45,11.09,STRESSFUL,57420,23640,,59,158,58,77,82,5,5,57.0,81.0,3.0,3.0,,,,,,12.0,94.0,"{'eventTimestampGmt': '2025-01-11T21:04:35', 'bodyBatteryLevel': 'VERY_LOW', 'feedbackShortType': 'SLEEP_PREPARATION_STRESSFUL_AND_EXERCISE', 'feedbackLongType': 'SLEEP_PREPARATION_STRESSFUL_AND_EXERCISE_AND_BB_LOW'}","{'eventTimestampGmt': '2025-01-11T21:57:21', 'bodyBatteryLevel': 'VERY_LOW', 'feedbackShortType': 'SLEEP_TIME_PASSED_STRESSFUL_AND_EXERCISE', 'feedbackLongType': 'SLEEP_TIME_PASSED_STRESSFUL_AND_EXERCISE_AND_BB_LOW'}","[{'eventType': 'SLEEP', 'eventStartTimeGmt': '2025-01-10T21:13:20', 'timezoneOffset': 7200000, 'durationInMilliseconds': 27780000, 'bodyBatteryImpact': 57, 'feedbackType': 'NONE', 'shortFeedback': 'NONE', 'deviceId': 3423864303, 'activityName': None, 'activityType': None, 'activityId': None, 'eventUpdateTimeGmt': '2025-01-11T04:57:11'}, {'eventType': 'STRESS', 'eventStartTimeGmt': '2025-01-11T08:23:31', 'timezoneOffset': 7200000, 'durationInMilliseconds': 6600000, 'bodyBatteryImpact': -14, 'feedbackType': 'STRESS', 'shortFeedback': 'STRESSFUL_PERIOD', 'deviceId': 3423864303, 'activityName': None, 'activityType': None, 'activityId': None, 'eventUpdateTimeGmt': '2025-01-11T10:17:10'}, {'eventType': 'ACTIVITY', 'eventStartTimeGmt': '2025-01-11T12:53:35', 'timezoneOffset': 7200000, 'durationInMilliseconds': 3960000, 'bodyBatteryImpact': -4, 'feedbackType': 'EXERCISE_TRAINING_EFFECT_2', 'shortFeedback': 'MAINTAINING_AEROBIC_BASE', 'deviceId': 3423864303, 'activityName': 'Helsinki Walking', 'activityType': 'walking', 'activityId': 17973670602, 'eventUpdateTimeGmt': '2025-01-11T14:00:54'}]",17.0,25.0,11.0,24.0,2025-01-11T22:00:00.0,100,2025-01-11
5652846,3530.0,1480.0,2050.0,3530.0,,,3980.0,20498,2500,20361,20361,1480.0,3980.0,5652846,2025-01-12,"{'typeId': 4, 'typeKey': 'groups'}",d0267bca037f4619ae6106629f6e314f,1500,2025-01-11T22:00:00.0,2025-01-12T00:00:00.0,2025-01-12T22:00:00.0,2025-01-13T00:00:00.0,86400000,,9081,9830,38272,29217,True,True,False,False,114,31,335.28,333.091,110.0,109.28182,1000,10,57,163,65,65,GARMIN,27,99,20340,34500,12000,18780,85620,13860,5700,780.0,23.76,40.29,14.02,21.93,16.19,6.66,0.91,BALANCED,37800,29040,,60,160,58,45,56,5,18,51.0,56.0,3.0,,,,,,,23.0,206.0,"{'eventTimestampGmt': '2025-01-12T21:35:47', 'bodyBatteryLevel': 'MODERATE', 'feedbackShortType': 'SLEEP_PREPARATION_BALANCED_AND_INTENSIVE_EXERCISE', 'feedbackLongType': 'SLEEP_PREPARATION_BALANCED_AND_INTENSIVE_EXERCISE'}","{'eventTimestampGmt': '2025-01-12T02:46:12', 'bodyBatteryLevel': 'HIGH', 'feedbackShortType': 'SLEEP_TIME_PASSED_STRESSFUL_AND_INACTIVE', 'feedbackLongType': 'SLEEP_TIME_PASSED_STRESSFUL_AND_INACTIVE'}","[{'eventType': 'SLEEP', 'eventStartTimeGmt': '2025-01-11T23:13:54', 'timezoneOffset': 7200000, 'durationInMilliseconds': 29160000, 'bodyBatteryImpact': 51, 'feedbackType': 'NONE', 'shortFeedback': 'NONE', 'deviceId': 3423864303, 'activityName': None, 'activityType': None, 'activityId': None, 'eventUpdateTimeGmt': '2025-01-12T07:20:51'}, {'eventType': 'ACTIVITY', 'eventStartTimeGmt': '2025-01-12T10:04:35', 'timezoneOffset': 7200000, 'durationInMilliseconds': 8640000, 'bodyBatteryImpact': -13, 'feedbackType': 'EXERCISE_TRAINING_EFFECT_3', 'shortFeedback': 'IMPROVING_AEROBIC_BASE', 'deviceId': 3423864303, 'activityName': 'Espoo Trail Running', 'activityType': 'trail_running', 'activityId': 17982008792, 'eventUpdateTimeGmt': '2025-01-12T12:29:36'}, {'eventType': 'RECOVERY', 'eventStartTimeGmt': '2025-01-12T12:50:01', 'timezoneOffset': 7200000, 'durationInMilliseconds': 2940000, 'bodyBatteryImpact': 4, 'feedbackType': 'RECOVERY_BODY_BATTERY_INCREASE', 'shortFeedback': 'BODY_BATTERY_RECHARGE', 'deviceId': 3423864303, 'activityName': None, 'activityType': None, 'activityId': None, 'eventUpdateTimeGmt': '2025-01-12T13:41:50'}]",19.0,35.0,12.0,13.0,2025-01-12T22:00:00.0,100,2025-01-12
5652846,3189.0,1139.0,2050.0,3189.0,,,3189.0,7968,2500,13211,7195,1139.0,3639.0,5652846,2025-01-13,"{'typeId': 4, 'typeKey': 'groups'}",41ce877ef01a43ff973389ae6c632642,1500,2025-01-12T22:00:00.0,2025-01-13T00:00:00.0,2025-01-13T22:00:00.0,2025-01-14T00:00:00.0,86400000,,4909,2942,68949,9600,True,True,False,False,19,73,64.151,57.799,21.04692,18.96293,1000,10,61,174,66,65,GARMIN,30,91,29640,34740,17040,4380,85800,21600,6840,1200.0,34.55,40.49,19.86,5.1,25.17,7.97,1.4,BALANCED,71820,9600,,62,171,23,36,37,5,5,23.0,37.0,3.0,1.0,,,,,,18.0,58.0,"{'eventTimestampGmt': '2025-01-13T18:50:01', 'bodyBatteryLevel': 'VERY_LOW', 'feedbackShortType': 'SLEEP_PREPARATION_RECOVERING_AND_INTENSIVE_EXERCISE', 'feedbackLongType': 'SLEEP_PREPARATION_RECOVERING_AND_INTENSIVE_EXERCISE_AND_BB_LOW_MORNING_AND_NOW'}","{'eventTimestampGmt': '2025-01-13T02:35:56', 'bodyBatteryLevel': 'MODERATE', 'feedbackShortType': 'SLEEP_TIME_PASSED_BALANCED_AND_INACTIVE', 'feedbackLongType': 'SLEEP_TIME_PASSED_BALANCED_AND_INACTIVE'}","[{'eventType': 'RECOVERY', 'eventStartTimeGmt': '2025-01-12T20:21:06', 'timezoneOffset': 7200000, 'durationInMilliseconds': 3300000, 'bodyBatteryImpact': 3, 'feedbackType': 'RECOVERY_EVENING', 'shortFeedback': 'RESTFUL_PERIOD', 'deviceId': 3423864303, 'activityName': None, 'activityType': None, 'activityId': None, 'eventUpdateTimeGmt': '2025-01-13T05:59:50'}, {'eventType': 'SLEEP', 'eventStartTimeGmt': '2025-01-13T02:30:36', 'timezoneOffset': 7200000, 'durationInMilliseconds': 9600000, 'bodyBatteryImpact': 21, 'feedbackType': 'NONE', 'shortFeedback': 'NONE', 'deviceId': 3423864303, 'activityName': None, 'activityType': None, 'activityId': None, 'eventUpdateTimeGmt': '2025-01-13T06:03:26'}, {'eventType': 'ACTIVITY', 'eventStartTimeGmt': '2025-01-13T16:31:52', 'timezoneOffset': 7200000, 'durationInMilliseconds': 5580000, 'bodyBatteryImpact': -8, 'feedbackType': 'EXERCISE_TRAINING_EFFECT_3', 'shortFeedback': 'IMPROVING_ANAEROBIC_CAPACITY_AND_SPEED', 'deviceId': 3423864303, 'activityName': 'Espoo Cross Country Skate Skiing', 'activityType': 'skate_skiing_ws', 'activityId': 17993426711, 'eventUpdateTimeGmt': '2025-01-13T18:11:09'}]",14.0,25.0,12.0,14.0,2025-01-13T22:00:00.0,100,2025-01-13
5652846,2556.0,506.0,2050.0,2556.0,,,3006.0,12809,2500,11130,11130,506.0,3006.0,5652846,2025-01-14,"{'typeId': 4, 'typeKey': 'groups'}",7274060e7dd9471dba317125f300290e,1500,2025-01-13T22:00:00.0,2025-01-14T00:00:00.0,2025-01-14T22:00:00.0,2025-01-15T00:00:00.0,86400000,,3062,6586,53551,23201,True,True,False,False,68,0,42.716,56.606,14.01444,18.57152,1000,10,55,116,67,64,GARMIN,28,87,29040,38280,14280,3000,84600,22920,5280,840.0,34.33,45.25,16.88,3.55,27.09,6.24,0.99,BALANCED,58620,22980,,58,115,47,37,50,5,15,44.0,49.0,3.0,,,,,,,14.0,100.0,"{'eventTimestampGmt': '2025-01-14T18:50:00', 'bodyBatteryLevel': 'MODERATE', 'feedbackShortType': 'SLEEP_PREPARATION_RECOVERING_AND_EXERCISE', 'feedbackLongType': 'SLEEP_PREPARATION_RECOVERING_AND_EXERCISE'}","{'eventTimestampGmt': '2025-01-14T02:14:24', 'bodyBatteryLevel': 'HIGH', 'feedbackShortType': 'SLEEP_TIME_PASSED_RECOVERING_AND_INACTIVE', 'feedbackLongType': 'SLEEP_TIME_PASSED_RECOVERING_AND_INACTIVE'}","[{'eventType': 'SLEEP', 'eventStartTimeGmt': '2025-01-13T22:44:09', 'timezoneOffset': 7200000, 'durationInMilliseconds': 23160000, 'bodyBatteryImpact': 44, 'feedbackType': 'NONE', 'shortFeedback': 'NONE', 'deviceId': 3423864303, 'activityName': None, 'activityType': None, 'activityId': None, 'eventUpdateTimeGmt': '2025-01-14T05:10:50'}, {'eventType': 'ACTIVITY', 'eventStartTimeGmt': '2025-01-14T16:10:06', 'timezoneOffset': 7200000, 'durationInMilliseconds': 4140000, 'bodyBatteryImpact': -3, 'feedbackType': 'EXERCISE_TRAINING_EFFECT_BELOW_2', 'shortFeedback': 'EASY_RECOVERY', 'deviceId': 3423864303, 'activityName': 'Espoo Walking', 'activityType': 'walking', 'activityId': 18004567097, 'eventUpdateTimeGmt': '2025-01-14T17:20:32'}]",15.0,25.0,11.0,13.0,2025-01-14T22:00:00.0,100,2025-01-14
5652846,3499.0,1449.0,2050.0,3499.0,,,3949.0,8333,2500,13448,7596,1449.0,3949.0,5652846,2025-01-15,"{'typeId': 4, 'typeKey': 'groups'}",1f061e083ce148358cfdb959b935ab53,1500,2025-01-14T22:00:00.0,2025-01-15T00:00:00.0,2025-01-15T22:00:00.0,2025-01-16T00:00:00.0,86400000,,4397,4307,54006,23690,True,True,False,False,9,94,72.193,32.829,23.68537,10.77067,1000,10,58,197,63,64,GARMIN,26,97,20880,41340,9720,10200,82140,12180,6900,1800.0,25.42,50.33,11.83,12.42,14.83,8.4,2.19,BALANCED,48360,23580,,60,193,67,77,81,5,5,67.0,81.0,3.0,1.0,,,,,,11.0,55.0,"{'eventTimestampGmt': '2025-01-15T21:57:36', 'bodyBatteryLevel': 'VERY_LOW', 'feedbackShortType': 'SLEEP_PREPARATION_RECOVERING_AND_INTENSIVE_EXERCISE', 'feedbackLongType': 'SLEEP_PREPARATION_RECOVERING_AND_INTENSIVE_EXERCISE_AND_BB_LOW'}","{'eventTimestampGmt': '2025-01-15T00:00:54', 'bodyBatteryLevel': 'HIGH', 'feedbackShortType': 'SLEEP_TIME_PASSED_RECOVERING_AND_EXERCISE', 'feedbackLongType': 'SLEEP_TIME_PASSED_RECOVERING_AND_EXERCISE'}","[{'eventType': 'SLEEP', 'eventStartTimeGmt': '2025-01-14T22:35:32', 'timezoneOffset': 7200000, 'durationInMilliseconds': 23640000, 'bodyBatteryImpact': 67, 'feedbackType': 'NONE', 'shortFeedback': 'NONE', 'deviceId': 3423864303, 'activityName': None, 'activityType': None, 'activityId': None, 'eventUpdateTimeGmt': '2025-01-15T05:10:22'}, {'eventType': 'RECOVERY', 'eventStartTimeGmt': '2025-01-15T08:15:37', 'timezoneOffset': 7200000, 'durationInMilliseconds': 3300000, 'bodyBatteryImpact': -2, 'feedbackType': 'RECOVERY_BODY_BATTERY_NOT_INCREASE', 'shortFeedback': 'RESTFUL_PERIOD', 'deviceId': 3423864303, 'activityName': None, 'activityType': None, 'activityId': None, 'eventUpdateTimeGmt': '2025-01-15T09:15:02'}, {'eventType': 'ACTIVITY', 'eventStartTimeGmt': '2025-01-15T16:33:36', 'timezoneOffset': 7200000, 'durationInMilliseconds': 5340000, 'bodyBatteryImpact': -19, 'feedbackType': 'EXERCISE_TRAINING_EFFECT_4', 'shortFeedback': 'HIGHLY_IMPROVING_VO2MAX', 'deviceId': 3423864303, 'activityName': 'Espoo Cross Country Skate Skiing', 'activityType': 'skate_skiing_ws', 'activityId': 18011858586, 'eventUpdateTimeGmt': '2025-01-15T18:09:58'}]",18.0,43.0,11.0,13.0,2025-01-15T22:00:00.0,100,2025-01-15
5652846,2742.0,692.0,2050.0,2742.0,,,3192.0,14984,2500,13792,13792,692.0,3192.0,5652846,2025-01-16,"{'typeId': 4, 'typeKey': 'groups'}",79809983f1194b8eb8cb71fb1a003b0d,1500,2025-01-15T22:00:00.0,2025-01-16T00:00:00.0,2025-01-16T22:00:00.0,2025-01-17T00:00:00.0,86400000,,6553,4712,55515,19620,True,True,False,False,83,0,81.416,99.103,26.71129,32.51411,1000,10,55,136,65,65,GARMIN,30,95,28140,32640,15120,8400,84300,19920,6480,1740.0,33.38,38.72,17.94,9.96,23.63,7.69,2.06,BALANCED,60120,15780,,59,130,43,39,48,5,9,40.0,46.0,3.0,,,,,,,15.0,122.0,"{'eventTimestampGmt': '2025-01-16T18:50:00', 'bodyBatteryLevel': 'LOW', 'feedbackShortType': 'SLEEP_PREPARATION_RECOVERING_AND_EXERCISE', 'feedbackLongType': 'SLEEP_PREPARATION_RECOVERING_AND_EXERCISE_AND_BB_LOW_MORNING_AND_NOW'}","{'eventTimestampGmt': '2025-01-16T02:49:15', 'bodyBatteryLevel': 'HIGH', 'feedbackShortType': 'SLEEP_TIME_PASSED_RECOVERING_AND_INACTIVE', 'feedbackLongType': 'SLEEP_TIME_PASSED_RECOVERING_AND_INACTIVE'}","[{'eventType': 'SLEEP', 'eventStartTimeGmt': '2025-01-15T23:43:58', 'timezoneOffset': 7200000, 'durationInMilliseconds': 19620000, 'bodyBatteryImpact': 40, 'feedbackType': 'NONE', 'shortFeedback': 'NONE', 'deviceId': 3423864303, 'activityName': None, 'activityType': None, 'activityId': None, 'eventUpdateTimeGmt': '2025-01-16T05:19:32'}, {'eventType': 'RECOVERY', 'eventStartTimeGmt': '2025-01-16T10:47:27', 'timezoneOffset': 7200000, 'durationInMilliseconds': 2340000, 'bodyBatteryImpact': 0, 'feedbackType': 'RECOVERY_BODY_BATTERY_NOT_INCREASE', 'shortFeedback': 'RESTFUL_PERIOD', 'deviceId': 3423864303, 'activityName': None, 'activityType': None, 'activityId': None, 'eventUpdateTimeGmt': '2025-01-16T11:28:10'}, {'eventType': 'ACTIVITY', 'eventStartTimeGmt': '2025-01-16T14:29:29', 'timezoneOffset': 7200000, 'durationInMilliseconds': 5100000, 'bodyBatteryImpact': -7, 'feedbackType': 'EXERCISE_TRAINING_EFFECT_2', 'shortFeedback': 'MAINTAINING_AEROBIC_BASE', 'deviceId': 3423864303, 'activityName': 'Helsinki Walking', 'activityType': 'walking', 'activityId': 18022471489, 'eventUpdateTimeGmt': '2025-01-16T15:55:16'}]",16.0,24.0,12.0,13.0,2025-01-16T22:00:00.0,100,2025-01-16
5652846,3055.0,1005.0,2050.0,3055.0,,,3505.0,9457,2500,14132,8775,1005.0,3505.0,5652846,2025-01-17,"{'typeId': 4, 'typeKey': 'groups'}",cb45d627fe2d43cc819fa9b290219487,1500,2025-01-16T22:00:00.0,2025-01-17T00:00:00.0,2025-01-17T22:00:00.0,2025-01-18T00:00:00.0,86400000,,8095,2669,56376,19260,True,True,False,False,40,61,85.346,44.975,28.00066,14.75558,1000,10,57,197,61,64,GARMIN,27,93,26220,37620,15480,3300,82620,19500,5820,900.0,31.74,45.53,18.74,3.99,23.6,7.04,1.09,BALANCED,61620,17700,,58,190,64,62,68,9,11,48.0,57.0,3.0,2.0,,,,,,16.0,61.0,"{'eventTimestampGmt': '2025-01-17T20:15:50', 'bodyBatteryLevel': 'LOW', 'feedbackShortType': 'SLEEP_PREPARATION_RECOVERING_AND_INTENSIVE_EXERCISE', 'feedbackLongType': 'SLEEP_PREPARATION_RECOVERING_AND_INTENSIVE_EXERCISE_AND_BB_LOW_MORNING_AND_NOW'}","{'eventTimestampGmt': '2025-01-17T20:24:27', 'bodyBatteryLevel': 'LOW', 'feedbackShortType': 'SLEEP_TIME_PASSED_RECOVERING_AND_INTENSIVE_EXERCISE', 'feedbackLongType': 'SLEEP_TIME_PASSED_RECOVERING_AND_INTENSIVE_EXERCISE_AND_BB_LOW_MORNING_AND_NOW'}","[{'eventType': 'SLEEP', 'eventStartTimeGmt': '2025-01-16T22:20:16', 'timezoneOffset': 7200000, 'durationInMilliseconds': 18240000, 'bodyBatteryImpact': 49, 'feedbackType': 'NONE', 'shortFeedback': 'NONE', 'deviceId': 3423864303, 'activityName': None, 'activityType': None, 'activityId': None, 'eventUpdateTimeGmt': '2025-01-17T05:08:08'}, {'eventType': 'RECOVERY', 'eventStartTimeGmt': '2025-01-17T08:41:28', 'timezoneOffset': 7200000, 'durationInMilliseconds': 2940000, 'bodyBatteryImpact': 1, 'feedbackType': 'RECOVERY_BODY_BATTERY_INCREASE', 'shortFeedback': 'BODY_BATTERY_RECHARGE', 'deviceId': 3423864303, 'activityName': None, 'activityType': None, 'activityId': None, 'eventUpdateTimeGmt': '2025-01-17T09:33:20'}, {'eventType': 'NAP', 'eventStartTimeGmt': '2025-01-17T15:01:08', 'timezoneOffset': 7200000, 'durationInMilliseconds': 1020000, 'bodyBatteryImpact': 2, 'feedbackType': 'NAP_RECOVERING_BODY_BATTERY_INCREASE', 'shortFeedback': 'RESTFUL_NAP', 'deviceId': 3423864303, 'activityName': None, 'activityType': None, 'activityId': None, 'eventUpdateTimeGmt': '2025-01-17T15:35:35'}, {'eventType': 'ACTIVITY', 'eventStartTimeGmt': '2025-01-17T16:25:43', 'timezoneOffset': 7200000, 'durationInMilliseconds': 5700000, 'bodyBatteryImpact': -12, 'feedbackType': 'EXERCISE_TRAINING_EFFECT_3', 'shortFeedback': 'IMPROVING_ANAEROBIC_CAPACITY_AND_SPEED', 'deviceId': 3423864303, 'activityName': 'Espoo Cross Country Skate Skiing', 'activityType': 'skate_skiing_ws', 'activityId': 18029405408, 'eventUpdateTimeGmt': '2025-01-17T18:10:43'}]",16.0,25.0,7.0,12.0,2025-01-17T22:00:00.0,200,2025-01-17
5652846,2464.0,414.0,2050.0,2464.0,,,2914.0,8757,2500,8611,8611,414.0,2914.0,5652846,2025-01-18,"{'typeId': 4, 'typeKey': 'groups'}",e5b2631077544134ad8c20b007924199,1500,2025-01-17T22:00:00.0,2025-01-18T00:00:00.0,2025-01-18T22:00:00.0,2025-01-19T00:00:00.0,86400000,,4526,1792,57071,23011,True,True,False,False,33,1,51.174,53.968,16.78937,17.70604,1000,10,58,139,63,64,GARMIN,27,92,29100,42600,8880,2940,83520,23400,4740,960.0,34.84,51.01,10.63,3.52,28.02,5.68,1.15,BALANCED,60120,20460,,58,136,68,43,54,8,36,46.0,54.0,3.0,1.0,,,,,,12.0,76.0,"{'eventTimestampGmt': '2025-01-18T19:55:00', 'bodyBatteryLevel': 'HIGH', 'feedbackShortType': 'SLEEP_PREPARATION_RECOVERING_AND_EXERCISE', 'feedbackLongType': 'SLEEP_PREPARATION_RECOVERING_AND_EXERCISE'}","{'eventTimestampGmt': '2025-01-18T02:13:57', 'bodyBatteryLevel': 'HIGH', 'feedbackShortType': 'SLEEP_TIME_PASSED_RECOVERING_AND_INACTIVE', 'feedbackLongType': 'SLEEP_TIME_PASSED_RECOVERING_AND_INACTIVE'}","[{'eventType': 'SLEEP', 'eventStartTimeGmt': '2025-01-17T23:46:43', 'timezoneOffset': 7200000, 'durationInMilliseconds': 20760000, 'bodyBatteryImpact': 46, 'feedbackType': 'NONE', 'shortFeedback': 'NONE', 'deviceId': 3423864303, 'activityName': None, 'activityType': None, 'activityId': None, 'eventUpdateTimeGmt': '2025-01-18T05:36:38'}, {'eventType': 'ACTIVITY', 'eventStartTimeGmt': '2025-01-18T12:09:52', 'timezoneOffset': 7200000, 'durationInMilliseconds': 1800000, 'bodyBatteryImpact': -3, 'feedbackType': 'EXERCISE_TRAINING_EFFECT_BELOW_2', 'shortFeedback': 'EASY_RECOVERY', 'deviceId': 3423864303, 'activityName': 'Helsinki Walking', 'activityType': 'walking', 'activityId': 18036505084, 'eventUpdateTimeGmt': '2025-01-18T12:41:36'}, {'eventType': 'RECOVERY', 'eventStartTimeGmt': '2025-01-18T15:08:11', 'timezoneOffset': 7200000, 'durationInMilliseconds': 1140000, 'bodyBatteryImpact': 3, 'feedbackType': 'RECOVERY_BODY_BATTERY_INCREASE', 'shortFeedback': 'BODY_BATTERY_RECHARGE', 'deviceId': 3423864303, 'activityName': None, 'activityType': None, 'activityId': None, 'eventUpdateTimeGmt': '2025-01-18T15:30:25'}, {'eventType': 'ACTIVITY', 'eventStartTimeGmt': '2025-01-18T17:14:38', 'timezoneOffset': 7200000, 'durationInMilliseconds': 1320000, 'bodyBatteryImpact': -3, 'feedbackType': 'NONE', 'shortFeedback': 'NONE', 'deviceId': 3423864303, 'activityName': 'Yoga', 'activityType': 'yoga', 'activityId': 18038622177, 'eventUpdateTimeGmt': '2025-01-18T17:44:29'}]",16.0,24.0,7.0,18.0,2025-01-18T22:00:00.0,200,2025-01-18
5652846,2910.0,860.0,2050.0,2910.0,,,3360.0,15856,2500,13216,13216,860.0,3360.0,5652846,2025-01-19,"{'typeId': 4, 'typeKey': 'groups'}",e315bc71732f4c74bb343b533482b593,1500,2025-01-18T22:00:00.0,2025-01-19T00:00:00.0,2025-01-19T22:00:00.0,2025-01-20T00:00:00.0,86400000,,5996,5291,42247,32866,True,True,False,False,87,19,223.447,230.722,73.30938,75.69619,1000,10,54,157,59,63,GARMIN,19,96,12840,53760,9480,9000,85080,9780,2280,780.0,15.09,63.19,11.14,10.58,11.5,2.68,0.92,CALM,43620,32460,,56,148,69,63,100,36,42,68.0,100.0,3.0,,,,,,,21.0,193.0,"{'eventTimestampGmt': '2025-01-19T18:59:16', 'bodyBatteryLevel': 'HIGH', 'feedbackShortType': 'SLEEP_PREPARATION_RECOVERING_AND_EXERCISE', 'feedbackLongType': 'SLEEP_PREPARATION_RECOVERING_AND_EXERCISE'}","{'eventTimestampGmt': '2025-01-18T22:15:14', 'bodyBatteryLevel': 'HIGH', 'feedbackShortType': 'SLEEP_TIME_PASSED_RECOVERING_AND_EXERCISE', 'feedbackLongType': 'SLEEP_TIME_PASSED_RECOVERING_AND_EXERCISE'}","[{'eventType': 'SLEEP', 'eventStartTimeGmt': '2025-01-18T21:22:29', 'timezoneOffset': 7200000, 'durationInMilliseconds': 33360000, 'bodyBatteryImpact': 68, 'feedbackType': 'NONE', 'shortFeedback': 'NONE', 'deviceId': 3423864303, 'activityName': None, 'activityType': None, 'activityId': None, 'eventUpdateTimeGmt': '2025-01-19T06:39:02'}, {'eventType': 'RECOVERY', 'eventStartTimeGmt': '2025-01-19T08:34:17', 'timezoneOffset': 7200000, 'durationInMilliseconds': 2760000, 'bodyBatteryImpact': -2, 'feedbackType': 'RECOVERY_BODY_BATTERY_NOT_INCREASE', 'shortFeedback': 'RESTFUL_PERIOD', 'deviceId': 3423864303, 'activityName': None, 'activityType': None, 'activityId': None, 'eventUpdateTimeGmt': '2025-01-19T09:23:10'}, {'eventType': 'ACTIVITY', 'eventStartTimeGmt': '2025-01-19T10:42:52', 'timezoneOffset': 7200000, 'durationInMilliseconds': 6060000, 'bodyBatteryImpact': -15, 'feedbackType': 'EXERCISE_TRAINING_EFFECT_2', 'shortFeedback': 'MAINTAINING_AEROBIC_BASE', 'deviceId': 3423864303, 'activityName': 'Espoo Trail Running', 'activityType': 'trail_running', 'activityId': 18044800142, 'eventUpdateTimeGmt': '2025-01-19T12:25:39'}, {'eventType': 'RECOVERY', 'eventStartTimeGmt': '2025-01-19T16:11:09', 'timezoneOffset': 7200000, 'durationInMilliseconds': 2160000, 'bodyBatteryImpact': 0, 'feedbackType': 'RECOVERY_BODY_BATTERY_NOT_INCREASE', 'shortFeedback': 'RESTFUL_PERIOD', 'deviceId': 3423864303, 'activityName': None, 'activityType': None, 'activityId': None, 'eventUpdateTimeGmt': '2025-01-19T16:50:15'}, {'eventType': 'RECOVERY', 'eventStartTimeGmt': '2025-01-19T16:55:54', 'timezoneOffset': 7200000, 'durationInMilliseconds': 4080000, 'bodyBatteryImpact': 3, 'feedbackType': 'RECOVERY_LONG_BODY_BATTERY_INCREASE', 'shortFeedback': 'LONG_RESTFUL_PERIOD', 'deviceId': 3423864303, 'activityName': None, 'activityType': None, 'activityId': None, 'eventUpdateTimeGmt': '2025-01-19T18:08:40'}, {'eventType': 'ACTIVITY', 'eventStartTimeGmt': '2025-01-19T18:18:27', 'timezoneOffset': 7200000, 'durationInMilliseconds': 2100000, 'bodyBatteryImpact': -1, 'feedbackType': 'NONE', 'shortFeedback': 'NONE', 'deviceId': 3423864303, 'activityName': 'Yoga', 'activityType': 'yoga', 'activityId': 18048925426, 'eventUpdateTimeGmt': '2025-01-19T18:54:16'}]",17.0,34.0,6.0,20.0,2025-01-19T22:00:00.0,200,2025-01-19
5652846,2543.0,493.0,2050.0,2543.0,,,2993.0,8490,2500,7308,7308,493.0,2993.0,5652846,2025-01-20,"{'typeId': 4, 'typeKey': 'groups'}",8a94a94b4d0a47228bb3881e54eb1266,1500,2025-01-19T22:00:00.0,2025-01-20T00:00:00.0,2025-01-20T22:00:00.0,2025-01-21T00:00:00.0,86400000,,4090,905,52857,28548,True,True,False,False,4,31,20.516,26.658,6.73097,8.74606,1000,10,55,165,59,62,GARMIN,16,87,10800,62400,6360,3840,83400,8220,2340,240.0,12.95,74.82,7.63,4.6,9.86,2.81,0.29,CALM,51180,28380,,56,164,71,54,100,42,59,60.0,100.0,3.0,,,,,,,-11.0,81.0,"{'eventTimestampGmt': '2025-01-20T18:50:01', 'bodyBatteryLevel': 'HIGH', 'feedbackShortType': 'SLEEP_PREPARATION_RECOVERING_AND_EXERCISE', 'feedbackLongType': 'SLEEP_PREPARATION_RECOVERING_AND_EXERCISE'}","{'eventTimestampGmt': '2025-01-19T22:15:13', 'bodyBatteryLevel': 'HIGH', 'feedbackShortType': 'SLEEP_TIME_PASSED_RECOVERING_AND_EXERCISE', 'feedbackLongType': 'SLEEP_TIME_PASSED_RECOVERING_AND_EXERCISE'}","[{'eventType': 'SLEEP', 'eventStartTimeGmt': '2025-01-19T21:31:16', 'timezoneOffset': 7200000, 'durationInMilliseconds': 27540000, 'bodyBatteryImpact': 60, 'feedbackType': 'NONE', 'shortFeedback': 'NONE', 'deviceId': 3423864303, 'activityName': None, 'activityType': None, 'activityId': None, 'eventUpdateTimeGmt': '2025-01-20T05:14:47'}, {'eventType': 'RECOVERY', 'eventStartTimeGmt': '2025-01-20T07:36:42', 'timezoneOffset': 7200000, 'durationInMilliseconds': 7440000, 'bodyBatteryImpact': -2, 'feedbackType': 'RECOVERY_LONG_BODY_BATTERY_NOT_INCREASE', 'shortFeedback': 'LONG_RESTFUL_PERIOD', 'deviceId': 3423864303, 'activityName': None, 'activityType': None, 'activityId': None, 'eventUpdateTimeGmt': '2025-01-20T09:45:55'}, {'eventType': 'RECOVERY', 'eventStartTimeGmt': '2025-01-20T12:20:52', 'timezoneOffset': 7200000, 'durationInMilliseconds': 5160000, 'bodyBatteryImpact': -1, 'feedbackType': 'RECOVERY_LONG_BODY_BATTERY_NOT_INCREASE', 'shortFeedback': 'LONG_RESTFUL_PERIOD', 'deviceId': 3423864303, 'activityName': None, 'activityType': None, 'activityId': None, 'eventUpdateTimeGmt': '2025-01-20T13:50:18'}, {'eventType': 'ACTIVITY', 'eventStartTimeGmt': '2025-01-20T13:51:16', 'timezoneOffset': 7200000, 'durationInMilliseconds': 1980000, 'bodyBatteryImpact': -9, 'feedbackType': 'EXERCISE_TRAINING_EFFECT_2', 'shortFeedback': 'MAINTAINING_AEROBIC', 'deviceId': 3423864303, 'activityName': 'Helsinki - Base', 'activityType': 'running', 'activityId': 18053941905, 'eventUpdateTimeGmt': '2025-01-20T14:28:29'}, {'eventType': 'ACTIVITY', 'eventStartTimeGmt': '2025-01-20T16:48:33', 'timezoneOffset': 7200000, 'durationInMilliseconds': 1380000, 'bodyBatteryImpact': -2, 'feedbackType': 'NONE', 'shortFeedback': 'NONE', 'deviceId': 3423864303, 'activityName': 'Yoga', 'activityType': 'yoga', 'activityId': 18056628302, 'eventUpdateTimeGmt': '2025-01-20T17:12:28'}]",16.0,36.0,7.0,17.0,2025-01-20T22:00:00.0,200,2025-01-20
5652846,2559.0,509.0,2050.0,2559.0,,,3009.0,11128,2500,9659,9659,509.0,3009.0,5652846,2025-01-21,"{'typeId': 4, 'typeKey': 'groups'}",687645bac8a44fa18d084804053fec0d,1500,2025-01-20T22:00:00.0,2025-01-21T00:00:00.0,2025-01-21T22:00:00.0,2025-01-22T00:00:00.0,86400000,,5415,819,49498,30668,True,True,False,False,47,4,54.09,67.123,17.74606,22.02198,1000,10,44,116,56,61,GARMIN,15,84,7680,56520,13680,8160,86040,5340,2220,120.0,8.93,65.69,15.9,9.48,6.21,2.58,0.14,CALM,50700,27180,,51,115,51,62,100,44,48,47.0,100.0,3.0,,,,,,,28.0,105.0,"{'eventTimestampGmt': '2025-01-21T19:36:20', 'bodyBatteryLevel': 'HIGH', 'feedbackShortType': 'SLEEP_PREPARATION_RECOVERING_AND_EXERCISE', 'feedbackLongType': 'SLEEP_PREPARATION_RECOVERING_AND_EXERCISE'}","{'eventTimestampGmt': '2025-01-20T22:10:31', 'bodyBatteryLevel': 'HIGH', 'feedbackShortType': 'SLEEP_TIME_PASSED_RECOVERING_AND_EXERCISE', 'feedbackLongType': 'SLEEP_TIME_PASSED_RECOVERING_AND_EXERCISE'}","[{'eventType': 'SLEEP', 'eventStartTimeGmt': '2025-01-20T21:14:28', 'timezoneOffset': 7200000, 'durationInMilliseconds': 28260000, 'bodyBatteryImpact': 47, 'feedbackType': 'NONE', 'shortFeedback': 'NONE', 'deviceId': 3423864303, 'activityName': None, 'activityType': None, 'activityId': None, 'eventUpdateTimeGmt': '2025-01-21T05:05:30'}, {'eventType': 'RECOVERY', 'eventStartTimeGmt': '2025-01-21T06:46:00', 'timezoneOffset': 7200000, 'durationInMilliseconds': 3240000, 'bodyBatteryImpact': -1, 'feedbackType': 'RECOVERY_BODY_BATTERY_NOT_INCREASE', 'shortFeedback': 'RESTFUL_PERIOD', 'deviceId': 3423864303, 'activityName': None, 'activityType': None, 'activityId': None, 'eventUpdateTimeGmt': '2025-01-21T07:44:03'}, {'eventType': 'RECOVERY', 'eventStartTimeGmt': '2025-01-21T07:53:15', 'timezoneOffset': 7200000, 'durationInMilliseconds': 4020000, 'bodyBatteryImpact': 2, 'feedbackType': 'RECOVERY_LONG_BODY_BATTERY_INCREASE', 'shortFeedback': 'LONG_RESTFUL_PERIOD', 'deviceId': 3423864303, 'activityName': None, 'activityType': None, 'activityId': None, 'eventUpdateTimeGmt': '2025-01-21T09:02:58'}, {'eventType': 'ACTIVITY', 'eventStartTimeGmt': '2025-01-21T12:33:55', 'timezoneOffset': 7200000, 'durationInMilliseconds': 6420000, 'bodyBatteryImpact': -13, 'feedbackType': 'EXERCISE_TRAINING_EFFECT_BELOW_2', 'shortFeedback': 'EASY_RECOVERY', 'deviceId': 3423864303, 'activityName': 'Helsinki Walking', 'activityType': 'walking', 'activityId': 18063079532, 'eventUpdateTimeGmt': '2025-01-21T14:22:22'}, {'eventType': 'RECOVERY', 'eventStartTimeGmt': '2025-01-21T16:56:32', 'timezoneOffset': 7200000, 'durationInMilliseconds': 3300000, 'bodyBatteryImpact': 2, 'feedbackType': 'RECOVERY_BODY_BATTERY_INCREASE', 'shortFeedback': 'BODY_BATTERY_RECHARGE', 'deviceId': 3423864303, 'activityName': None, 'activityType': None, 'activityId': None, 'eventUpdateTimeGmt': '2025-01-21T17:55:05'}, {'eventType': 'ACTIVITY', 'eventStartTimeGmt': '2025-01-21T19:16:13', 'timezoneOffset': 7200000, 'durationInMilliseconds': 1200000, 'bodyBatteryImpact': -2, 'feedbackType': 'NONE', 'shortFeedback': 'NONE', 'deviceId': 3423864303, 'activityName': 'Yoga', 'activityType': 'yoga', 'activityId': 18066351933, 'eventUpdateTimeGmt': '2025-01-21T19:36:20'}]",14.0,24.0,7.0,19.0,2025-01-21T21:59:00.0,200,2025-01-21
5652846,2835.0,785.0,2050.0,2835.0,,,3285.0,13498,2500,11255,11255,785.0,3285.0,5652846,2025-01-22,"{'typeId': 4, 'typeKey': 'groups'}",c6a8844e1b4a4020ac08397d77f3d529,1500,2025-01-21T22:00:00.0,2025-01-22T00:00:00.0,2025-01-22T22:00:00.0,2025-01-23T00:00:00.0,86400000,,6664,1566,52148,26022,True,True,False,False,19,39,179.832,178.018,59.0,58.40486,1000,10,53,184,56,60,GARMIN,28,95,28620,43320,8520,5640,86100,17280,8820,2520.0,33.24,50.31,9.9,6.55,20.07,10.24,2.93,BALANCED,54540,25920,,54,183,55,81,99,22,22,55.0,99.0,3.0,1.0,,,,,,20.0,104.0,"{'eventTimestampGmt': '2025-01-22T20:37:56', 'bodyBatteryLevel': 'MODERATE', 'feedbackShortType': 'SLEEP_PREPARATION_RECOVERING_AND_INTENSIVE_EXERCISE', 'feedbackLongType': 'SLEEP_PREPARATION_RECOVERING_AND_INTENSIVE_EXERCISE'}","{'eventTimestampGmt': '2025-01-21T22:05:46', 'bodyBatteryLevel': 'HIGH', 'feedbackShortType': 'SLEEP_TIME_PASSED_RECOVERING_AND_EXERCISE', 'feedbackLongType': 'SLEEP_TIME_PASSED_RECOVERING_AND_EXERCISE'}","[{'eventType': 'SLEEP', 'eventStartTimeGmt': '2025-01-21T21:34:20', 'timezoneOffset': 7200000, 'durationInMilliseconds': 27540000, 'bodyBatteryImpact': 53, 'feedbackType': 'NONE', 'shortFeedback': 'NONE', 'deviceId': 3423864303, 'activityName': None, 'activityType': None, 'activityId': None, 'eventUpdateTimeGmt': '2025-01-22T05:13:42'}, {'eventType': 'RECOVERY', 'eventStartTimeGmt': '2025-01-22T07:33:42', 'timezoneOffset': 7200000, 'durationInMilliseconds': 5040000, 'bodyBatteryImpact': 0, 'feedbackType': 'RECOVERY_LONG_BODY_BATTERY_NOT_INCREASE', 'shortFeedback': 'LONG_RESTFUL_PERIOD', 'deviceId': 3423864303, 'activityName': None, 'activityType': None, 'activityId': None, 'eventUpdateTimeGmt': '2025-01-22T09:01:50'}, {'eventType': 'ACTIVITY', 'eventStartTimeGmt': '2025-01-22T13:32:13', 'timezoneOffset': 7200000, 'durationInMilliseconds': 3120000, 'bodyBatteryImpact': -11, 'feedbackType': 'EXERCISE_TRAINING_EFFECT_3', 'shortFeedback': 'IMPROVING_LACTATE_THRESHOLD', 'deviceId': 3423864303, 'activityName': 'Helsinki - Threshold', 'activityType': 'trail_running', 'activityId': 18072034177, 'eventUpdateTimeGmt': '2025-01-22T14:26:59'}, {'eventType': 'ACTIVITY', 'eventStartTimeGmt': '2025-01-22T19:59:36', 'timezoneOffset': 7200000, 'durationInMilliseconds': 1260000, 'bodyBatteryImpact': -1, 'feedbackType': 'NONE', 'shortFeedback': 'NONE', 'deviceId': 3423864303, 'activityName': None, 'activityType': None, 'activityId': None, 'eventUpdateTimeGmt': '2025-01-22T20:20:59'}]",15.0,41.0,7.0,19.0,2025-01-22T22:00:00.0,200,2025-01-22
5652846,2704.0,654.0,2050.0,2704.0,,,3154.0,12000,2500,11870,11870,654.0,3154.0,5652846,2025-01-23,"{'typeId': 4, 'typeKey': 'groups'}",f4487e8323f449dabbabfd18726dd7d0,1500,2025-01-22T22:00:00.0,2025-01-23T00:00:00.0,2025-01-23T22:00:00.0,2025-01-24T00:00:00.0,86400000,,5998,3113,53889,23400,True,True,False,False,7,31,39.662,41.791,13.01247,13.71096,1000,10,52,164,59,59,GARMIN,23,92,19800,51900,10020,3720,85440,15000,3780,1020.0,23.17,60.74,11.73,4.35,17.56,4.42,1.19,BALANCED,58380,23340,,53,163,66,64,82,22,24,58.0,80.0,3.0,,,,,,,11.0,75.0,"{'eventTimestampGmt': '2025-01-23T20:57:43', 'bodyBatteryLevel': 'MODERATE', 'feedbackShortType': 'SLEEP_PREPARATION_RECOVERING_AND_EXERCISE', 'feedbackLongType': 'SLEEP_PREPARATION_RECOVERING_AND_EXERCISE'}","{'eventTimestampGmt': '2025-01-23T21:43:10', 'bodyBatteryLevel': 'MODERATE', 'feedbackShortType': 'SLEEP_TIME_PASSED_RECOVERING_AND_EXERCISE', 'feedbackLongType': 'SLEEP_TIME_PASSED_RECOVERING_AND_EXERCISE'}","[{'eventType': 'SLEEP', 'eventStartTimeGmt': '2025-01-22T22:12:59', 'timezoneOffset': 7200000, 'durationInMilliseconds': 23400000, 'bodyBatteryImpact': 58, 'feedbackType': 'NONE', 'shortFeedback': 'NONE', 'deviceId': 3423864303, 'activityName': None, 'activityType': None, 'activityId': None, 'eventUpdateTimeGmt': '2025-01-23T04:46:20'}, {'eventType': 'RECOVERY', 'eventStartTimeGmt': '2025-01-23T07:21:40', 'timezoneOffset': 7200000, 'durationInMilliseconds': 1800000, 'bodyBatteryImpact': 2, 'feedbackType': 'RECOVERY_BODY_BATTERY_INCREASE', 'shortFeedback': 'BODY_BATTERY_RECHARGE', 'deviceId': 3423864303, 'activityName': None, 'activityType': None, 'activityId': None, 'eventUpdateTimeGmt': '2025-01-23T07:54:45'}, {'eventType': 'ACTIVITY', 'eventStartTimeGmt': '2025-01-23T17:37:07', 'timezoneOffset': 7200000, 'durationInMilliseconds': 1920000, 'bodyBatteryImpact': -7, 'feedbackType': 'EXERCISE_TRAINING_EFFECT_2', 'shortFeedback': 'MAINTAINING_AEROBIC', 'deviceId': 3423864303, 'activityName': 'Helsinki - Base', 'activityType': 'trail_running', 'activityId': 18082569129, 'eventUpdateTimeGmt': '2025-01-23T18:10:48'}, {'eventType': 'ACTIVITY', 'eventStartTimeGmt': '2025-01-23T18:24:53', 'timezoneOffset': 7200000, 'durationInMilliseconds': 1200000, 'bodyBatteryImpact': -2, 'feedbackType': 'NONE', 'shortFeedback': 'NONE', 'deviceId': 3423864303, 'activityName': 'Yoga', 'activityType': 'yoga', 'activityId': 18084047970, 'eventUpdateTimeGmt': '2025-01-23T18:45:05'}]",15.0,40.0,7.0,18.0,2025-01-23T22:00:00.0,200,2025-01-23
5652846,2826.0,776.0,2050.0,2826.0,,,3276.0,10793,2500,11366,11366,776.0,3276.0,5652846,2025-01-24,"{'typeId': 4, 'typeKey': 'groups'}",81c0d08254b3454d8fb37b846eaaa47b,1500,2025-01-23T22:00:00.0,2025-01-24T00:00:00.0,2025-01-24T22:00:00.0,2025-01-25T00:00:00.0,86400000,,3658,5667,52295,24780,True,True,False,False,44,17,15.24,25.935,5.0,8.50886,1000,10,47,155,59,59,GARMIN,21,90,14220,47760,20760,2160,84900,9660,3660,900.0,16.75,56.25,24.45,2.54,11.38,4.31,1.06,CALM,58020,24720,,48,151,70,63,87,24,31,63.0,87.0,3.0,,,,,,,14.0,107.0,"{'eventTimestampGmt': '2025-01-24T19:30:14', 'bodyBatteryLevel': 'HIGH', 'feedbackShortType': 'SLEEP_PREPARATION_RECOVERING_AND_EXERCISE', 'feedbackLongType': 'SLEEP_PREPARATION_RECOVERING_AND_EXERCISE'}","{'eventTimestampGmt': '2025-01-24T21:55:18', 'bodyBatteryLevel': 'HIGH', 'feedbackShortType': 'SLEEP_TIME_PASSED_RECOVERING_AND_EXERCISE', 'feedbackLongType': 'SLEEP_TIME_PASSED_RECOVERING_AND_EXERCISE'}","[{'eventType': 'SLEEP', 'eventStartTimeGmt': '2025-01-23T22:02:05', 'timezoneOffset': 7200000, 'durationInMilliseconds': 24780000, 'bodyBatteryImpact': 63, 'feedbackType': 'NONE', 'shortFeedback': 'NONE', 'deviceId': 3423864303, 'activityName': None, 'activityType': None, 'activityId': None, 'eventUpdateTimeGmt': '2025-01-24T04:55:09'}, {'eventType': 'RECOVERY', 'eventStartTimeGmt': '2025-01-24T07:27:19', 'timezoneOffset': 7200000, 'durationInMilliseconds': 5580000, 'bodyBatteryImpact': 2, 'feedbackType': 'RECOVERY_LONG_BODY_BATTERY_INCREASE', 'shortFeedback': 'LONG_RESTFUL_PERIOD', 'deviceId': 3423864303, 'activityName': None, 'activityType': None, 'activityId': None, 'eventUpdateTimeGmt': '2025-01-24T09:03:50'}, {'eventType': 'ACTIVITY', 'eventStartTimeGmt': '2025-01-24T13:19:29', 'timezoneOffset': 7200000, 'durationInMilliseconds': 1380000, 'bodyBatteryImpact': -3, 'feedbackType': 'EXERCISE_TRAINING_EFFECT_BELOW_2', 'shortFeedback': 'EASY_RECOVERY', 'deviceId': 3423864303, 'activityName': 'Helsinki Walking', 'activityType': 'walking', 'activityId': 18088775353, 'eventUpdateTimeGmt': '2025-01-24T13:43:13'}, {'eventType': 'ACTIVITY', 'eventStartTimeGmt': '2025-01-24T13:52:57', 'timezoneOffset': 7200000, 'durationInMilliseconds': 3360000, 'bodyBatteryImpact': -7, 'feedbackType': 'EXERCISE_TRAINING_EFFECT_2', 'shortFeedback': 'MAINTAINING_ANAEROBIC_FITNESS', 'deviceId': 3423864303, 'activityName': 'Strength', 'activityType': 'strength_training', 'activityId': 18089244271, 'eventUpdateTimeGmt': '2025-01-24T14:49:18'}]",14.0,24.0,7.0,7.0,2025-01-24T22:00:00.0,200,2025-01-24
5652846,3149.0,1099.0,2050.0,3149.0,,,3599.0,15649,2500,12999,12999,1099.0,3599.0,5652846,2025-01-25,"{'typeId': 4, 'typeKey': 'groups'}",9947ca6de53e4e6e82cd559d1ce1c9d0,1500,2025-01-24T22:00:00.0,2025-01-25T00:00:00.0,2025-01-25T22:00:00.0,2025-01-26T00:00:00.0,86400000,,8448,3801,49944,24207,True,True,False,False,46,60,52.282,51.258,17.15289,16.81693,1000,10,50,168,60,58,GARMIN,22,99,14340,51900,9420,8820,84480,8640,3720,1980.0,16.97,61.43,11.15,10.44,10.23,4.4,2.34,CALM,51540,24120,,53,165,60,63,86,28,28,54.0,86.0,3.0,,,,,,,11.0,182.0,"{'eventTimestampGmt': '2025-01-25T18:50:02', 'bodyBatteryLevel': 'HIGH', 'feedbackShortType': 'SLEEP_PREPARATION_RECOVERING_AND_INTENSIVE_EXERCISE', 'feedbackLongType': 'SLEEP_PREPARATION_RECOVERING_AND_INTENSIVE_EXERCISE'}",,"[{'eventType': 'SLEEP', 'eventStartTimeGmt': '2025-01-24T22:34:18', 'timezoneOffset': 7200000, 'durationInMilliseconds': 24180000, 'bodyBatteryImpact': 54, 'feedbackType': 'NONE', 'shortFeedback': 'NONE', 'deviceId': 3423864303, 'activityName': None, 'activityType': None, 'activityId': None, 'eventUpdateTimeGmt': '2025-01-25T05:17:45'}, {'eventType': 'ACTIVITY', 'eventStartTimeGmt': '2025-01-25T07:57:47', 'timezoneOffset': 7200000, 'durationInMilliseconds': 3480000, 'bodyBatteryImpact': -7, 'feedbackType': 'EXERCISE_TRAINING_EFFECT_BELOW_2', 'shortFeedback': 'EASY_AEROBIC_BASE', 'deviceId': 3423864303, 'activityName': 'Strength', 'activityType': 'strength_training', 'activityId': 18095231850, 'eventUpdateTimeGmt': '2025-01-25T08:56:39'}, {'eventType': 'RECOVERY', 'eventStartTimeGmt': '2025-01-25T10:45:29', 'timezoneOffset': 7200000, 'durationInMilliseconds': 8940000, 'bodyBatteryImpact': 5, 'feedbackType': 'RECOVERY_LONG_BODY_BATTERY_INCREASE', 'shortFeedback': 'LONG_RESTFUL_PERIOD', 'deviceId': 3423864303, 'activityName': None, 'activityType': None, 'activityId': None, 'eventUpdateTimeGmt': '2025-01-25T13:17:55'}, {'eventType': 'ACTIVITY', 'eventStartTimeGmt': '2025-01-25T14:51:08', 'timezoneOffset': 7200000, 'durationInMilliseconds': 2520000, 'bodyBatteryImpact': -9, 'feedbackType': 'EXERCISE_TRAINING_EFFECT_3', 'shortFeedback': 'IMPROVING_AEROBIC_BASE', 'deviceId': 3423864303, 'activityName': 'Helsinki - Base', 'activityType': 'running', 'activityId': 18098643820, 'eventUpdateTimeGmt': '2025-01-25T15:36:42'}, {'eventType': 'ACTIVITY', 'eventStartTimeGmt': '2025-01-25T15:55:28', 'timezoneOffset': 7200000, 'durationInMilliseconds': 1560000, 'bodyBatteryImpact': -4, 'feedbackType': 'NONE', 'shortFeedback': 'NONE', 'deviceId': 3423864303, 'activityName': 'Yoga', 'activityType': 'yoga', 'activityId': 18099142996, 'eventUpdateTimeGmt': '2025-01-25T16:22:07'}]",17.0,39.0,7.0,18.0,2025-01-25T22:00:00.0,200,2025-01-25
5652846,3618.0,1568.0,2050.0,3618.0,,,4068.0,26838,2500,21761,21761,1568.0,4068.0,5652846,2025-01-26,"{'typeId': 4, 'typeKey': 'groups'}",3d5c107743554d70a9a195c52d3cc896,1500,2025-01-25T22:00:00.0,2025-01-26T00:00:00.0,2025-01-26T22:00:00.0,2025-01-27T00:00:00.0,86400000,,11887,2603,43350,28560,True,True,False,False,56,107,504.765,507.736,165.60531,166.58005,1000,10,55,172,59,58,GARMIN,27,96,22680,39180,7740,14400,84000,12960,6840,2880.0,27.0,46.64,9.21,17.14,15.43,8.14,3.43,BALANCED,41340,28260,,56,171,65,77,90,15,16,62.0,90.0,3.0,2.0,,,,,,21.0,226.0,"{'eventTimestampGmt': '2025-01-26T20:37:15', 'bodyBatteryLevel': 'MODERATE', 'feedbackShortType': 'SLEEP_PREPARATION_BALANCED_AND_INTENSIVE_EXERCISE', 'feedbackLongType': 'SLEEP_PREPARATION_BALANCED_AND_INTENSIVE_EXERCISE'}","{'eventTimestampGmt': '2025-01-25T22:15:15', 'bodyBatteryLevel': 'HIGH', 'feedbackShortType': 'SLEEP_TIME_PASSED_RECOVERING_AND_INTENSIVE_EXERCISE', 'feedbackLongType': 'SLEEP_TIME_PASSED_RECOVERING_AND_INTENSIVE_EXERCISE'}","[{'eventType': 'SLEEP', 'eventStartTimeGmt': '2025-01-25T22:06:07', 'timezoneOffset': 7200000, 'durationInMilliseconds': 28560000, 'bodyBatteryImpact': 62, 'feedbackType': 'NONE', 'shortFeedback': 'NONE', 'deviceId': 3423864303, 'activityName': None, 'activityType': None, 'activityId': None, 'eventUpdateTimeGmt': '2025-01-26T06:02:17'}, {'eventType': 'ACTIVITY', 'eventStartTimeGmt': '2025-01-26T08:27:04', 'timezoneOffset': 7200000, 'durationInMilliseconds': 9540000, 'bodyBatteryImpact': -30, 'feedbackType': 'EXERCISE_TRAINING_EFFECT_4_GOOD_TIMING', 'shortFeedback': 'HIGHLY_IMPROVING_AEROBIC_ENDURANCE', 'deviceId': 3423864303, 'activityName': 'Espoo - Base', 'activityType': 'trail_running', 'activityId': 18105019957, 'eventUpdateTimeGmt': '2025-01-26T11:09:12'}]",19.0,39.0,6.0,16.0,2025-01-26T22:00:00.0,200,2025-01-26
5652846,2618.0,568.0,2050.0,2618.0,,,3068.0,12948,2500,14021,14021,568.0,3068.0,5652846,2025-01-27,"{'typeId': 4, 'typeKey': 'groups'}",658b2905668d48d6974e735e1490bbca,1500,2025-01-26T22:00:00.0,2025-01-27T00:00:00.0,2025-01-27T22:00:00.0,2025-01-28T00:00:00.0,86400000,,5535,2932,58793,19140,True,True,False,False,56,0,67.321,80.528,22.08694,26.41995,1000,10,44,137,58,58,GARMIN,17,86,8640,60960,13260,2040,84900,6900,1620,120.0,10.18,71.8,15.62,2.4,8.13,1.91,0.14,CALM,63780,19080,,47,131,74,49,70,16,41,50.0,66.0,3.0,,,,,,,16.0,124.0,"{'eventTimestampGmt': '2025-01-27T18:50:00', 'bodyBatteryLevel': 'HIGH', 'feedbackShortType': 'SLEEP_PREPARATION_RECOVERING_AND_EXERCISE', 'feedbackLongType': 'SLEEP_PREPARATION_RECOVERING_AND_EXERCISE'}","{'eventTimestampGmt': '2025-01-27T19:29:25', 'bodyBatteryLevel': 'HIGH', 'feedbackShortType': 'SLEEP_TIME_PASSED_RECOVERING_AND_EXERCISE', 'feedbackLongType': 'SLEEP_TIME_PASSED_RECOVERING_AND_EXERCISE'}","[{'eventType': 'SLEEP', 'eventStartTimeGmt': '2025-01-26T22:03:12', 'timezoneOffset': 7200000, 'durationInMilliseconds': 15960000, 'bodyBatteryImpact': 50, 'feedbackType': 'NONE', 'shortFeedback': 'NONE', 'deviceId': 3423864303, 'activityName': None, 'activityType': None, 'activityId': None, 'eventUpdateTimeGmt': '2025-01-27T04:26:59'}, {'eventType': 'RECOVERY', 'eventStartTimeGmt': '2025-01-27T05:51:04', 'timezoneOffset': 7200000, 'durationInMilliseconds': 8400000, 'bodyBatteryImpact': -1, 'feedbackType': 'RECOVERY_LONG_BODY_BATTERY_NOT_INCREASE', 'shortFeedback': 'LONG_RESTFUL_PERIOD', 'deviceId': 3423864303, 'activityName': None, 'activityType': None, 'activityId': None, 'eventUpdateTimeGmt': '2025-01-27T08:13:00'}, {'eventType': 'RECOVERY', 'eventStartTimeGmt': '2025-01-27T08:14:49', 'timezoneOffset': 7200000, 'durationInMilliseconds': 2580000, 'bodyBatteryImpact': 4, 'feedbackType': 'RECOVERY_BODY_BATTERY_INCREASE', 'shortFeedback': 'BODY_BATTERY_RECHARGE', 'deviceId': 3423864303, 'activityName': None, 'activityType': None, 'activityId': None, 'eventUpdateTimeGmt': '2025-01-27T09:01:20'}, {'eventType': 'ACTIVITY', 'eventStartTimeGmt': '2025-01-27T13:38:44', 'timezoneOffset': 7200000, 'durationInMilliseconds': 3120000, 'bodyBatteryImpact': -7, 'feedbackType': 'EXERCISE_TRAINING_EFFECT_BELOW_2', 'shortFeedback': 'EASY_RECOVERY', 'deviceId': 3423864303, 'activityName': 'Helsinki Walking', 'activityType': 'walking', 'activityId': 18115187716, 'eventUpdateTimeGmt': '2025-01-27T14:32:09'}, {'eventType': 'RECOVERY', 'eventStartTimeGmt': '2025-01-27T14:58:29', 'timezoneOffset': 7200000, 'durationInMilliseconds': 3660000, 'bodyBatteryImpact': 5, 'feedbackType': 'RECOVERY_LONG_BODY_BATTERY_INCREASE', 'shortFeedback': 'LONG_RESTFUL_PERIOD', 'deviceId': 3423864303, 'activityName': None, 'activityType': None, 'activityId': None, 'eventUpdateTimeGmt': '2025-01-27T16:02:36'}, {'eventType': 'ACTIVITY', 'eventStartTimeGmt': '2025-01-27T17:46:47', 'timezoneOffset': 7200000, 'durationInMilliseconds': 2040000, 'bodyBatteryImpact': -3, 'feedbackType': 'EXERCISE_TRAINING_EFFECT_BELOW_2', 'shortFeedback': 'NONE', 'deviceId': 3423864303, 'activityName': 'Strength', 'activityType': 'strength_training', 'activityId': 18116967935, 'eventUpdateTimeGmt': '2025-01-27T18:21:00'}]",15.0,25.0,7.0,17.0,2025-01-27T22:00:00.0,200,2025-01-27
5652846,2758.0,708.0,2050.0,2758.0,,,3208.0,11116,2500,10067,10067,708.0,3208.0,5652846,2025-01-28,"{'typeId': 4, 'typeKey': 'groups'}",dfbccc78d25a4ef4aadd4ea1f047037a,1500,2025-01-27T22:00:00.0,2025-01-28T00:00:00.0,2025-01-28T22:00:00.0,2025-01-29T00:00:00.0,86400000,,4902,1594,56954,22950,True,True,False,False,19,37,21.572,29.259,7.07743,9.59941,1000,10,50,185,56,58,GARMIN,22,99,21060,50760,8220,5700,85740,14040,5460,1560.0,24.56,59.2,9.59,6.65,16.38,6.37,1.82,BALANCED,57720,22320,,54,185,62,75,95,24,29,59.0,93.0,3.0,,,,,,,7.0,91.0,"{'eventTimestampGmt': '2025-01-28T20:36:47', 'bodyBatteryLevel': 'HIGH', 'feedbackShortType': 'SLEEP_PREPARATION_RECOVERING_AND_INTENSIVE_EXERCISE', 'feedbackLongType': 'SLEEP_PREPARATION_RECOVERING_AND_INTENSIVE_EXERCISE'}","{'eventTimestampGmt': '2025-01-28T21:25:45', 'bodyBatteryLevel': 'HIGH', 'feedbackShortType': 'SLEEP_TIME_PASSED_RECOVERING_AND_INTENSIVE_EXERCISE', 'feedbackLongType': 'SLEEP_TIME_PASSED_RECOVERING_AND_INTENSIVE_EXERCISE'}","[{'eventType': 'SLEEP', 'eventStartTimeGmt': '2025-01-27T21:07:00', 'timezoneOffset': 7200000, 'durationInMilliseconds': 23760000, 'bodyBatteryImpact': 59, 'feedbackType': 'NONE', 'shortFeedback': 'NONE', 'deviceId': 3423864303, 'activityName': None, 'activityType': None, 'activityId': None, 'eventUpdateTimeGmt': '2025-01-28T04:10:07'}, {'eventType': 'RECOVERY', 'eventStartTimeGmt': '2025-01-28T07:31:12', 'timezoneOffset': 7200000, 'durationInMilliseconds': 2700000, 'bodyBatteryImpact': -1, 'feedbackType': 'RECOVERY_BODY_BATTERY_NOT_INCREASE', 'shortFeedback': 'RESTFUL_PERIOD', 'deviceId': 3423864303, 'activityName': None, 'activityType': None, 'activityId': None, 'eventUpdateTimeGmt': '2025-01-28T08:21:40'}, {'eventType': 'RECOVERY', 'eventStartTimeGmt': '2025-01-28T11:29:22', 'timezoneOffset': 7200000, 'durationInMilliseconds': 6000000, 'bodyBatteryImpact': 2, 'feedbackType': 'RECOVERY_LONG_BODY_BATTERY_INCREASE', 'shortFeedback': 'LONG_RESTFUL_PERIOD', 'deviceId': 3423864303, 'activityName': None, 'activityType': None, 'activityId': None, 'eventUpdateTimeGmt': '2025-01-28T13:11:27'}, {'eventType': 'ACTIVITY', 'eventStartTimeGmt': '2025-01-28T13:15:43', 'timezoneOffset': 7200000, 'durationInMilliseconds': 2580000, 'bodyBatteryImpact': -10, 'feedbackType': 'EXERCISE_TRAINING_EFFECT_3', 'shortFeedback': 'IMPROVING_LACTATE_THRESHOLD', 'deviceId': 3423864303, 'activityName': 'Threshold', 'activityType': 'treadmill_running', 'activityId': 18123734245, 'eventUpdateTimeGmt': '2025-01-28T14:02:06'}, {'eventType': 'ACTIVITY', 'eventStartTimeGmt': '2025-01-28T14:08:04', 'timezoneOffset': 7200000, 'durationInMilliseconds': 1200000, 'bodyBatteryImpact': -2, 'feedbackType': 'EXERCISE_TRAINING_EFFECT_BELOW_2', 'shortFeedback': 'NONE', 'deviceId': 3423864303, 'activityName': 'Strength', 'activityType': 'strength_training', 'activityId': 18124394087, 'eventUpdateTimeGmt': '2025-01-28T14:28:30'}]",15.0,45.0,6.0,10.0,2025-01-28T22:00:00.0,200,2025-01-28
5652846,2564.0,514.0,2050.0,2564.0,,,3014.0,9594,2500,8219,8219,514.0,3014.0,5652846,2025-01-29,"{'typeId': 4, 'typeKey': 'groups'}",a3d2ed2e059b45ee931f3976ac881bef,1500,2025-01-28T22:00:00.0,2025-01-29T00:00:00.0,2025-01-29T22:00:00.0,2025-01-30T00:00:00.0,86400000,,4945,1352,54000,26103,True,True,False,False,42,4,50.298,45.195,16.50197,14.82776,1000,10,54,124,58,58,GARMIN,26,87,26160,47160,10920,2040,86280,18000,6240,1920.0,30.32,54.66,12.66,2.36,20.86,7.23,2.23,BALANCED,58320,25920,,55,122,66,63,84,26,32,60.0,84.0,3.0,,,,,,,23.0,84.0,"{'eventTimestampGmt': '2025-01-29T18:51:18', 'bodyBatteryLevel': 'HIGH', 'feedbackShortType': 'SLEEP_PREPARATION_RECOVERING_AND_EXERCISE', 'feedbackLongType': 'SLEEP_PREPARATION_RECOVERING_AND_EXERCISE'}","{'eventTimestampGmt': '2025-01-29T21:12:41', 'bodyBatteryLevel': 'HIGH', 'feedbackShortType': 'SLEEP_TIME_PASSED_RECOVERING_AND_EXERCISE', 'feedbackLongType': 'SLEEP_TIME_PASSED_RECOVERING_AND_EXERCISE'}","[{'eventType': 'SLEEP', 'eventStartTimeGmt': '2025-01-28T21:20:30', 'timezoneOffset': 7200000, 'durationInMilliseconds': 24720000, 'bodyBatteryImpact': 60, 'feedbackType': 'NONE', 'shortFeedback': 'NONE', 'deviceId': 3423864303, 'activityName': None, 'activityType': None, 'activityId': None, 'eventUpdateTimeGmt': '2025-01-29T04:17:11'}, {'eventType': 'STRESS', 'eventStartTimeGmt': '2025-01-29T07:00:41', 'timezoneOffset': 7200000, 'durationInMilliseconds': 1260000, 'bodyBatteryImpact': -5, 'feedbackType': 'STRESS', 'shortFeedback': 'STRESSFUL_PERIOD', 'deviceId': 3423864303, 'activityName': None, 'activityType': None, 'activityId': None, 'eventUpdateTimeGmt': '2025-01-29T07:23:40'}, {'eventType': 'ACTIVITY', 'eventStartTimeGmt': '2025-01-29T13:38:07', 'timezoneOffset': 7200000, 'durationInMilliseconds': 2100000, 'bodyBatteryImpact': -4, 'feedbackType': 'EXERCISE_TRAINING_EFFECT_BELOW_2', 'shortFeedback': 'EASY_RECOVERY', 'deviceId': 3423864303, 'activityName': 'Helsinki Walking', 'activityType': 'walking', 'activityId': 18133209352, 'eventUpdateTimeGmt': '2025-01-29T14:14:33'}, {'eventType': 'RECOVERY', 'eventStartTimeGmt': '2025-01-29T14:36:43', 'timezoneOffset': 7200000, 'durationInMilliseconds': 780000, 'bodyBatteryImpact': 2, 'feedbackType': 'RECOVERY_SHORT', 'shortFeedback': 'BODY_BATTERY_RECHARGE', 'deviceId': 3423864303, 'activityName': None, 'activityType': None, 'activityId': None, 'eventUpdateTimeGmt': '2025-01-29T14:52:30'}, {'eventType': 'ACTIVITY', 'eventStartTimeGmt': '2025-01-29T16:21:42', 'timezoneOffset': 7200000, 'durationInMilliseconds': 1380000, 'bodyBatteryImpact': -1, 'feedbackType': 'EXERCISE_TRAINING_EFFECT_BELOW_2', 'shortFeedback': 'NONE', 'deviceId': 3423864303, 'activityName': 'Strength', 'activityType': 'strength_training', 'activityId': 18134461907, 'eventUpdateTimeGmt': '2025-01-29T16:45:27'}]",15.0,24.0,7.0,16.0,2025-01-29T22:00:00.0,200,2025-01-29
5652846,2644.0,606.0,2038.0,2644.0,,,3106.0,9269,2500,8150,8150,606.0,3106.0,5652846,2025-01-30,"{'typeId': 4, 'typeKey': 'groups'}",d00b11b4316b43d4989d835c949ff238,1500,2025-01-29T22:00:00.0,2025-01-30T00:00:00.0,2025-01-30T22:00:00.0,2025-01-31T00:00:00.0,86400000,,4480,915,51886,29119,True,True,False,False,17,33,37.359,55.62,12.25689,18.24803,1000,10,49,167,57,58,GARMIN,23,94,19380,53880,7740,5220,86220,15420,3420,540.0,22.48,62.49,8.98,6.05,17.88,3.97,0.63,BALANCED,51960,29040,,54,166,64,59,90,32,37,64.0,90.0,3.0,,,,,,,6.0,87.0,"{'eventTimestampGmt': '2025-01-30T18:50:01', 'bodyBatteryLevel': 'HIGH', 'feedbackShortType': 'SLEEP_PREPARATION_RECOVERING_AND_INTENSIVE_EXERCISE', 'feedbackLongType': 'SLEEP_PREPARATION_RECOVERING_AND_INTENSIVE_EXERCISE'}",,"[{'eventType': 'SLEEP', 'eventStartTimeGmt': '2025-01-29T20:57:27', 'timezoneOffset': 7200000, 'durationInMilliseconds': 29580000, 'bodyBatteryImpact': 64, 'feedbackType': 'NONE', 'shortFeedback': 'NONE', 'deviceId': 3423864303, 'activityName': None, 'activityType': None, 'activityId': None, 'eventUpdateTimeGmt': '2025-01-30T05:19:18'}, {'eventType': 'RECOVERY', 'eventStartTimeGmt': '2025-01-30T07:29:33', 'timezoneOffset': 7200000, 'durationInMilliseconds': 1140000, 'bodyBatteryImpact': 2, 'feedbackType': 'RECOVERY_BODY_BATTERY_INCREASE', 'shortFeedback': 'BODY_BATTERY_RECHARGE', 'deviceId': 3423864303, 'activityName': None, 'activityType': None, 'activityId': None, 'eventUpdateTimeGmt': '2025-01-30T07:51:40'}, {'eventType': 'ACTIVITY', 'eventStartTimeGmt': '2025-01-30T13:10:23', 'timezoneOffset': 7200000, 'durationInMilliseconds': 2040000, 'bodyBatteryImpact': -8, 'feedbackType': 'EXERCISE_TRAINING_EFFECT_3', 'shortFeedback': 'IMPROVING_AEROBIC_BASE', 'deviceId': 3423864303, 'activityName': 'Helsinki - Base', 'activityType': 'running', 'activityId': 18141900876, 'eventUpdateTimeGmt': '2025-01-30T13:48:23'}, {'eventType': 'ACTIVITY', 'eventStartTimeGmt': '2025-01-30T13:58:44', 'timezoneOffset': 7200000, 'durationInMilliseconds': 1620000, 'bodyBatteryImpact': -1, 'feedbackType': 'EXERCISE_TRAINING_EFFECT_BELOW_2', 'shortFeedback': 'NONE', 'deviceId': 3423864303, 'activityName': 'Strength', 'activityType': 'strength_training', 'activityId': 18142160768, 'eventUpdateTimeGmt': '2025-01-30T14:26:08'}]",16.0,37.0,7.0,19.0,2025-01-30T22:00:00.0,200,2025-01-30
5652846,2984.0,946.0,2038.0,2984.0,,,3446.0,13043,2500,14261,14261,946.0,3446.0,5652846,2025-01-31,"{'typeId': 4, 'typeKey': 'groups'}",323ebad203804c2e956869d6b4e7cb50,1500,2025-01-30T22:00:00.0,2025-01-31T00:00:00.0,2025-01-31T22:00:00.0,2025-02-01T00:00:00.0,86400000,,8057,4264,49662,24417,True,True,False,False,47,28,33.528,42.58,11.0,13.96982,1000,10,54,151,59,58,GARMIN,26,90,23760,40140,13620,8640,86160,15720,6840,1200.0,27.58,46.59,15.81,10.03,18.25,7.94,1.39,BALANCED,53880,23640,,57,148,57,75,93,20,20,60.0,93.0,3.0,,,,,,,1.0,112.0,"{'eventTimestampGmt': '2025-01-31T21:05:17', 'bodyBatteryLevel': 'MODERATE', 'feedbackShortType': 'SLEEP_PREPARATION_RECOVERING_AND_EXERCISE', 'feedbackLongType': 'SLEEP_PREPARATION_RECOVERING_AND_EXERCISE'}","{'eventTimestampGmt': '2025-01-31T21:45:03', 'bodyBatteryLevel': 'MODERATE', 'feedbackShortType': 'SLEEP_TIME_PASSED_BALANCED_AND_EXERCISE', 'feedbackLongType': 'SLEEP_TIME_PASSED_BALANCED_AND_EXERCISE'}","[{'eventType': 'SLEEP', 'eventStartTimeGmt': '2025-01-30T21:05:08', 'timezoneOffset': 7200000, 'durationInMilliseconds': 25980000, 'bodyBatteryImpact': 60, 'feedbackType': 'NONE', 'shortFeedback': 'NONE', 'deviceId': 3423864303, 'activityName': None, 'activityType': None, 'activityId': None, 'eventUpdateTimeGmt': '2025-01-31T04:21:29'}, {'eventType': 'NAP', 'eventStartTimeGmt': '2025-01-31T11:00:29', 'timezoneOffset': 7200000, 'durationInMilliseconds': 720000, 'bodyBatteryImpact': 2, 'feedbackType': 'NAP_RECOVERING_BODY_BATTERY_INCREASE', 'shortFeedback': 'RESTFUL_NAP', 'deviceId': 3423864303, 'activityName': None, 'activityType': None, 'activityId': None, 'eventUpdateTimeGmt': '2025-01-31T11:27:40'}, {'eventType': 'ACTIVITY', 'eventStartTimeGmt': '2025-01-31T12:30:50', 'timezoneOffset': 7200000, 'durationInMilliseconds': 3480000, 'bodyBatteryImpact': -5, 'feedbackType': 'EXERCISE_TRAINING_EFFECT_BELOW_2', 'shortFeedback': 'EASY_RECOVERY', 'deviceId': 3423864303, 'activityName': 'Helsinki Walking', 'activityType': 'walking', 'activityId': 18150442302, 'eventUpdateTimeGmt': '2025-01-31T13:29:49'}, {'eventType': 'ACTIVITY', 'eventStartTimeGmt': '2025-01-31T13:35:26', 'timezoneOffset': 7200000, 'durationInMilliseconds': 3180000, 'bodyBatteryImpact': -2, 'feedbackType': 'EXERCISE_TRAINING_EFFECT_BELOW_2', 'shortFeedback': 'EASY_RECOVERY', 'deviceId': 3423864303, 'activityName': 'Strength', 'activityType': 'strength_training', 'activityId': 18151103499, 'eventUpdateTimeGmt': '2025-01-31T13:29:50'}]",15.0,36.0,6.0,21.0,2025-01-31T21:54:00.0,200,2025-01-31
5652846,3268.0,1230.0,2038.0,3268.0,,,3730.0,16753,2500,14100,14100,1230.0,3730.0,5652846,2025-02-01,"{'typeId': 4, 'typeKey': 'groups'}",bdbb33b50d6940c0a4ccb9519f2e3063,1500,2025-01-31T22:00:00.0,2025-02-01T00:00:00.0,2025-02-01T22:00:00.0,2025-02-02T00:00:00.0,86400000,,9655,4111,44723,27911,True,True,False,False,41,64,49.671,48.823,16.29626,16.01804,1000,10,55,165,62,58,GARMIN,31,92,32040,30120,10440,11340,83940,23340,7620,1080.0,38.17,35.88,12.44,13.51,27.81,9.08,1.29,BALANCED,45120,27480,,58,164,48,54,68,14,14,44.0,66.0,3.0,,,,,,,14.0,155.0,"{'eventTimestampGmt': '2025-02-01T21:24:31', 'bodyBatteryLevel': 'LOW', 'feedbackShortType': 'SLEEP_PREPARATION_BALANCED_AND_INTENSIVE_EXERCISE', 'feedbackLongType': 'SLEEP_PREPARATION_BALANCED_AND_INTENSIVE_EXERCISE_AND_BB_LOW'}","{'eventTimestampGmt': '2025-01-31T23:38:25', 'bodyBatteryLevel': 'HIGH', 'feedbackShortType': 'SLEEP_TIME_PASSED_BALANCED_AND_EXERCISE', 'feedbackLongType': 'SLEEP_TIME_PASSED_BALANCED_AND_EXERCISE'}","[{'eventType': 'SLEEP', 'eventStartTimeGmt': '2025-01-31T21:43:11', 'timezoneOffset': 7200000, 'durationInMilliseconds': 28920000, 'bodyBatteryImpact': 46, 'feedbackType': 'NONE', 'shortFeedback': 'NONE', 'deviceId': 3423864303, 'activityName': None, 'activityType': None, 'activityId': None, 'eventUpdateTimeGmt': '2025-02-01T05:51:06'}, {'eventType': 'ACTIVITY', 'eventStartTimeGmt': '2025-02-01T08:00:48', 'timezoneOffset': 7200000, 'durationInMilliseconds': 4140000, 'bodyBatteryImpact': -7, 'feedbackType': 'EXERCISE_TRAINING_EFFECT_2', 'shortFeedback': 'MAINTAINING_AEROBIC', 'deviceId': 3423864303, 'activityName': 'Strength', 'activityType': 'strength_training', 'activityId': 18156685844, 'eventUpdateTimeGmt': '2025-02-01T09:10:13'}, {'eventType': 'ACTIVITY', 'eventStartTimeGmt': '2025-02-01T11:37:57', 'timezoneOffset': 7200000, 'durationInMilliseconds': 2460000, 'bodyBatteryImpact': -7, 'feedbackType': 'EXERCISE_TRAINING_EFFECT_3', 'shortFeedback': 'IMPROVING_AEROBIC_BASE', 'deviceId': 3423864303, 'activityName': None, 'activityType': None, 'activityId': None, 'eventUpdateTimeGmt': '2025-02-01T12:19:33'}]",16.0,39.0,7.0,12.0,2025-02-01T22:00:00.0,200,2025-02-01
5652846,2618.0,580.0,2038.0,2618.0,,,3080.0,11202,2500,9236,9236,580.0,3080.0,5652846,2025-02-02,"{'typeId': 4, 'typeKey': 'groups'}",646e63abb5e2454694e8bbbb9721bfaf,1500,2025-02-01T22:00:00.0,2025-02-02T00:00:00.0,2025-02-02T22:00:00.0,2025-02-03T00:00:00.0,86400000,,3969,4088,50838,27505,True,False,False,False,0,0,21.576,22.859,7.07874,7.49967,1000,10,59,132,62,59,GARMIN,36,98,41340,32700,10800,1320,86160,23820,13560,3960.0,47.98,37.95,12.53,1.53,27.65,15.74,4.6,STRESSFUL,60000,24840,,61,129,58,56,62,10,15,51.0,62.0,3.0,1.0,,,,,,16.0,,"{'eventTimestampGmt': '2025-02-02T21:58:50', 'bodyBatteryLevel': 'MODERATE', 'feedbackShortType': 'SLEEP_PREPARATION_STRESSFUL_AND_INACTIVE', 'feedbackLongType': 'SLEEP_PREPARATION_STRESSFUL_AND_INACTIVE'}","{'eventTimestampGmt': '2025-02-02T01:16:21', 'bodyBatteryLevel': 'HIGH', 'feedbackShortType': 'SLEEP_TIME_PASSED_BALANCED_AND_INACTIVE', 'feedbackLongType': 'SLEEP_TIME_PASSED_BALANCED_AND_INACTIVE'}","[{'eventType': 'SLEEP', 'eventStartTimeGmt': '2025-02-01T23:10:33', 'timezoneOffset': 7200000, 'durationInMilliseconds': 24840000, 'bodyBatteryImpact': 51, 'feedbackType': 'NONE', 'shortFeedback': 'NONE', 'deviceId': 3423864303, 'activityName': None, 'activityType': None, 'activityId': None, 'eventUpdateTimeGmt': '2025-02-02T06:04:35'}]",16.0,24.0,8.0,21.0,2025-02-02T22:00:00.0,200,2025-02-02
5652846,2722.0,684.0,2038.0,2722.0,,,3184.0,11128,2500,9192,9192,684.0,3184.0,5652846,2025-02-03,"{'typeId': 4, 'typeKey': 'groups'}",63cecce3f51c468aa2806d5c393e3649,1500,2025-02-02T22:00:00.0,2025-02-03T00:00:00.0,2025-02-03T22:00:00.0,2025-02-04T00:00:00.0,86400000,,4828,3101,48811,29660,True,True,False,False,19,0,54.864,70.003,18.0,22.96686,1000,10,55,125,60,59,GARMIN,35,96,39300,31860,12840,2220,86220,21060,15240,3000.0,45.58,36.95,14.89,2.57,24.43,17.68,3.48,STRESSFUL,58380,25620,,58,123,69,65,81,15,19,71.0,81.0,3.0,,,,,,,8.0,40.0,"{'eventTimestampGmt': '2025-02-03T19:37:30', 'bodyBatteryLevel': 'MODERATE', 'feedbackShortType': 'SLEEP_PREPARATION_STRESSFUL_AND_ACTIVE_AND_EXERCISE', 'feedbackLongType': 'SLEEP_PREPARATION_STRESSFUL_AND_ACTIVE_AND_EXERCISE'}","{'eventTimestampGmt': '2025-02-02T23:15:41', 'bodyBatteryLevel': 'HIGH', 'feedbackShortType': 'SLEEP_TIME_PASSED_STRESSFUL_AND_INACTIVE', 'feedbackLongType': 'SLEEP_TIME_PASSED_STRESSFUL_AND_INACTIVE'}","[{'eventType': 'SLEEP', 'eventStartTimeGmt': '2025-02-02T21:15:35', 'timezoneOffset': 7200000, 'durationInMilliseconds': 28500000, 'bodyBatteryImpact': 71, 'feedbackType': 'NONE', 'shortFeedback': 'NONE', 'deviceId': 3423864303, 'activityName': None, 'activityType': None, 'activityId': None, 'eventUpdateTimeGmt': '2025-02-03T05:19:16'}, {'eventType': 'ACTIVITY', 'eventStartTimeGmt': '2025-02-03T15:04:42', 'timezoneOffset': 7200000, 'durationInMilliseconds': 1680000, 'bodyBatteryImpact': -3, 'feedbackType': 'NONE', 'shortFeedback': 'NONE', 'deviceId': 3423864303, 'activityName': 'Yoga', 'activityType': 'yoga', 'activityId': 18177998482, 'eventUpdateTimeGmt': '2025-02-03T15:33:15'}]",15.0,25.0,8.0,18.0,2025-02-03T22:00:00.0,200,2025-02-03
5652846,3211.0,1173.0,2038.0,3211.0,,,3673.0,16084,2500,14350,14350,1173.0,3673.0,5652846,2025-02-04,"{'typeId': 4, 'typeKey': 'groups'}",5e13a5c0545a4820951e3ff58699ff8a,1500,2025-02-03T22:00:00.0,2025-02-04T00:00:00.0,2025-02-04T22:00:00.0,2025-02-05T00:00:00.0,86400000,,8116,1799,45814,30671,True,True,False,False,49,52,224.037,223.993,73.50295,73.48852,1000,10,54,173,60,60,GARMIN,33,99,32880,28080,17940,6660,85560,19140,11400,2340.0,38.43,32.82,20.97,7.78,22.37,13.32,2.73,BALANCED,52920,25980,,57,171,67,69,84,15,17,68.0,84.0,3.0,,,,,,,12.0,140.0,"{'eventTimestampGmt': '2025-02-04T20:04:25', 'bodyBatteryLevel': 'MODERATE', 'feedbackShortType': 'SLEEP_PREPARATION_STRESSFUL_AND_INTENSIVE_EXERCISE', 'feedbackLongType': 'SLEEP_PREPARATION_STRESSFUL_AND_INTENSIVE_EXERCISE'}","{'eventTimestampGmt': '2025-02-03T22:42:39', 'bodyBatteryLevel': 'HIGH', 'feedbackShortType': 'SLEEP_TIME_PASSED_STRESSFUL_AND_ACTIVE_AND_EXERCISE', 'feedbackLongType': 'SLEEP_TIME_PASSED_STRESSFUL_AND_ACTIVE_AND_EXERCISE'}","[{'eventType': 'SLEEP', 'eventStartTimeGmt': '2025-02-03T20:56:15', 'timezoneOffset': 7200000, 'durationInMilliseconds': 29880000, 'bodyBatteryImpact': 68, 'feedbackType': 'NONE', 'shortFeedback': 'NONE', 'deviceId': 3423864303, 'activityName': None, 'activityType': None, 'activityId': None, 'eventUpdateTimeGmt': '2025-02-04T05:14:25'}, {'eventType': 'ACTIVITY', 'eventStartTimeGmt': '2025-02-04T09:26:23', 'timezoneOffset': 7200000, 'durationInMilliseconds': 3960000, 'bodyBatteryImpact': -5, 'feedbackType': 'EXERCISE_TRAINING_EFFECT_BELOW_2', 'shortFeedback': 'EASY_RECOVERY', 'deviceId': 3423864303, 'activityName': 'Helsinki Walking', 'activityType': 'walking', 'activityId': 18184759783, 'eventUpdateTimeGmt': '2025-02-04T10:33:40'}, {'eventType': 'ACTIVITY', 'eventStartTimeGmt': '2025-02-04T13:04:02', 'timezoneOffset': 7200000, 'durationInMilliseconds': 3360000, 'bodyBatteryImpact': -9, 'feedbackType': 'EXERCISE_TRAINING_EFFECT_3', 'shortFeedback': 'IMPROVING_TEMPO', 'deviceId': 3423864303, 'activityName': 'Helsinki - Tempo', 'activityType': 'running', 'activityId': 18186548601, 'eventUpdateTimeGmt': '2025-02-04T14:01:51'}, {'eventType': 'ACTIVITY', 'eventStartTimeGmt': '2025-02-04T14:11:04', 'timezoneOffset': 7200000, 'durationInMilliseconds': 1320000, 'bodyBatteryImpact': -2, 'feedbackType': 'NONE', 'shortFeedback': 'NONE', 'deviceId': 3423864303, 'activityName': 'Yoga', 'activityType': 'yoga', 'activityId': 18186769329, 'eventUpdateTimeGmt': '2025-02-04T14:34:04'}]",17.0,39.0,7.0,16.0,2025-02-04T22:00:00.0,200,2025-02-04
5652846,2878.0,840.0,2038.0,2878.0,,,3340.0,13835,2500,12311,12311,840.0,3340.0,5652846,2025-02-05,"{'typeId': 4, 'typeKey': 'groups'}",3290f8443ed24ee7bbe08db243701c29,1500,2025-02-04T22:00:00.0,2025-02-05T00:00:00.0,2025-02-05T22:00:00.0,2025-02-06T00:00:00.0,86400000,,6163,2322,51100,26815,True,True,False,False,36,38,48.768,41.005,16.0,13.45308,1000,10,53,160,60,60,GARMIN,27,99,25080,45420,9120,5040,84660,17520,5700,1860.0,29.62,53.65,10.77,5.95,20.69,6.73,2.2,BALANCED,54900,24720,,59,158,58,47,72,17,28,56.0,71.0,3.0,,,,,,,20.0,113.0,"{'eventTimestampGmt': '2025-02-05T19:46:14', 'bodyBatteryLevel': 'HIGH', 'feedbackShortType': 'SLEEP_PREPARATION_RECOVERING_AND_INTENSIVE_EXERCISE', 'feedbackLongType': 'SLEEP_PREPARATION_RECOVERING_AND_INTENSIVE_EXERCISE'}","{'eventTimestampGmt': '2025-02-05T21:54:12', 'bodyBatteryLevel': 'HIGH', 'feedbackShortType': 'SLEEP_TIME_PASSED_RECOVERING_AND_INTENSIVE_EXERCISE', 'feedbackLongType': 'SLEEP_TIME_PASSED_RECOVERING_AND_INTENSIVE_EXERCISE'}","[{'eventType': 'SLEEP', 'eventStartTimeGmt': '2025-02-04T20:43:04', 'timezoneOffset': 7200000, 'durationInMilliseconds': 29460000, 'bodyBatteryImpact': 56, 'feedbackType': 'NONE', 'shortFeedback': 'NONE', 'deviceId': 3423864303, 'activityName': None, 'activityType': None, 'activityId': None, 'eventUpdateTimeGmt': '2025-02-05T04:55:50'}, {'eventType': 'RECOVERY', 'eventStartTimeGmt': '2025-02-05T09:07:56', 'timezoneOffset': 7200000, 'durationInMilliseconds': 1800000, 'bodyBatteryImpact': 0, 'feedbackType': 'RECOVERY_BODY_BATTERY_NOT_INCREASE', 'shortFeedback': 'RESTFUL_PERIOD', 'deviceId': 3423864303, 'activityName': None, 'activityType': None, 'activityId': None, 'eventUpdateTimeGmt': '2025-02-05T09:41:30'}, {'eventType': 'ACTIVITY', 'eventStartTimeGmt': '2025-02-05T10:16:47', 'timezoneOffset': 7200000, 'durationInMilliseconds': 3060000, 'bodyBatteryImpact': -4, 'feedbackType': 'EXERCISE_TRAINING_EFFECT_BELOW_2', 'shortFeedback': 'EASY_RECOVERY', 'deviceId': 3423864303, 'activityName': 'Helsinki Walking', 'activityType': 'walking', 'activityId': 18194539530, 'eventUpdateTimeGmt': '2025-02-05T11:08:43'}, {'eventType': 'ACTIVITY', 'eventStartTimeGmt': '2025-02-05T13:11:31', 'timezoneOffset': 7200000, 'durationInMilliseconds': 1860000, 'bodyBatteryImpact': -6, 'feedbackType': 'EXERCISE_TRAINING_EFFECT_3', 'shortFeedback': 'IMPROVING_AEROBIC_BASE', 'deviceId': 3423864303, 'activityName': 'Helsinki - Base', 'activityType': 'running', 'activityId': 18195884287, 'eventUpdateTimeGmt': '2025-02-05T13:43:46'}, {'eventType': 'ACTIVITY', 'eventStartTimeGmt': '2025-02-05T13:54:04', 'timezoneOffset': 7200000, 'durationInMilliseconds': 1620000, 'bodyBatteryImpact': -3, 'feedbackType': 'NONE', 'shortFeedback': 'NONE', 'deviceId': 3423864303, 'activityName': 'Yoga', 'activityType': 'yoga', 'activityId': 18196162620, 'eventUpdateTimeGmt': '2025-02-05T14:22:09'}]",15.0,40.0,7.0,19.0,2025-02-05T22:00:00.0,200,2025-02-05
5652846,2779.0,741.0,2038.0,2779.0,,,3241.0,10948,2500,10132,10132,741.0,3241.0,5652846,2025-02-06,"{'typeId': 4, 'typeKey': 'groups'}",680bb49184db41658f702d91ed8ad890,1500,2025-02-05T22:00:00.0,2025-02-06T00:00:00.0,2025-02-06T22:00:00.0,2025-02-07T00:00:00.0,86400000,,5238,2151,50712,28299,True,True,False,False,27,40,173.876,184.89,57.04593,60.65945,1000,10,49,171,60,60,GARMIN,25,99,23700,47820,7740,5220,84480,17460,4860,1380.0,28.05,56.61,9.16,6.18,20.67,5.75,1.63,BALANCED,55740,23520,,55,169,63,62,85,23,29,,,3.0,,,,,,,-23.0,98.0,"{'eventTimestampGmt': '2025-02-06T21:03:53', 'bodyBatteryLevel': 'HIGH', 'feedbackShortType': 'SLEEP_PREPARATION_RECOVERING_AND_INTENSIVE_EXERCISE', 'feedbackLongType': 'SLEEP_PREPARATION_RECOVERING_AND_INTENSIVE_EXERCISE'}","{'eventTimestampGmt': '2025-02-06T21:37:19', 'bodyBatteryLevel': 'HIGH', 'feedbackShortType': 'SLEEP_TIME_PASSED_RECOVERING_AND_INTENSIVE_EXERCISE', 'feedbackLongType': 'SLEEP_TIME_PASSED_RECOVERING_AND_INTENSIVE_EXERCISE'}","[{'eventType': 'SLEEP', 'eventStartTimeGmt': '2025-02-05T21:27:09', 'timezoneOffset': 7200000, 'durationInMilliseconds': 25800000, 'bodyBatteryImpact': 60, 'feedbackType': 'NONE', 'shortFeedback': 'NONE', 'deviceId': 3423864303, 'activityName': None, 'activityType': None, 'activityId': None, 'eventUpdateTimeGmt': '2025-02-06T04:37:30'}, {'eventType': 'RECOVERY', 'eventStartTimeGmt': '2025-02-06T06:06:20', 'timezoneOffset': 7200000, 'durationInMilliseconds': 7860000, 'bodyBatteryImpact': -2, 'feedbackType': 'RECOVERY_LONG_BODY_BATTERY_NOT_INCREASE', 'shortFeedback': 'LONG_RESTFUL_PERIOD', 'deviceId': 3423864303, 'activityName': None, 'activityType': None, 'activityId': None, 'eventUpdateTimeGmt': '2025-02-06T08:20:00'}, {'eventType': 'ACTIVITY', 'eventStartTimeGmt': '2025-02-06T13:19:23', 'timezoneOffset': 7200000, 'durationInMilliseconds': 2700000, 'bodyBatteryImpact': -10, 'feedbackType': 'EXERCISE_TRAINING_EFFECT_3', 'shortFeedback': 'IMPROVING_TEMPO', 'deviceId': 3423864303, 'activityName': 'Helsinki - Tempo', 'activityType': 'running', 'activityId': 18205163918, 'eventUpdateTimeGmt': '2025-02-06T14:05:25'}, {'eventType': 'ACTIVITY', 'eventStartTimeGmt': '2025-02-06T14:16:49', 'timezoneOffset': 7200000, 'durationInMilliseconds': 1440000, 'bodyBatteryImpact': -3, 'feedbackType': 'NONE', 'shortFeedback': 'NONE', 'deviceId': 3423864303, 'activityName': 'Yoga', 'activityType': 'yoga', 'activityId': 18205401730, 'eventUpdateTimeGmt': '2025-02-06T14:41:30'}]",16.0,40.0,6.0,11.0,2025-02-06T22:00:00.0,200,2025-02-06
5652846,2995.0,957.0,2038.0,2995.0,,,3457.0,12331,2500,10834,10834,957.0,3457.0,5652846,2025-02-07,"{'typeId': 4, 'typeKey': 'groups'}",26143cc30d2540af8d16f462a290cb68,1500,2025-02-06T22:00:00.0,2025-02-07T00:00:00.0,2025-02-07T22:00:00.0,2025-02-08T00:00:00.0,86400000,,7496,3661,45546,29697,True,True,False,False,43,32,38.38,61.501,12.59186,20.17749,1000,10,56,154,59,60,GARMIN,26,97,20880,41220,13080,6900,82080,14700,5340,840.0,25.44,50.22,15.94,8.41,17.91,6.51,1.02,BALANCED,47880,27300,,58,147,62,59,80,23,32,56.0,79.0,3.0,,,,,,,2.0,115.0,"{'eventTimestampGmt': '2025-02-07T20:58:46', 'bodyBatteryLevel': 'HIGH', 'feedbackShortType': 'SLEEP_PREPARATION_BALANCED_AND_INTENSIVE_EXERCISE', 'feedbackLongType': 'SLEEP_PREPARATION_BALANCED_AND_INTENSIVE_EXERCISE'}","{'eventTimestampGmt': '2025-02-07T21:51:41', 'bodyBatteryLevel': 'HIGH', 'feedbackShortType': 'SLEEP_TIME_PASSED_BALANCED_AND_INTENSIVE_EXERCISE', 'feedbackLongType': 'SLEEP_TIME_PASSED_BALANCED_AND_INTENSIVE_EXERCISE'}","[{'eventType': 'SLEEP', 'eventStartTimeGmt': '2025-02-06T20:45:30', 'timezoneOffset': 7200000, 'durationInMilliseconds': 29160000, 'bodyBatteryImpact': 57, 'feedbackType': 'NONE', 'shortFeedback': 'NONE', 'deviceId': 3423864303, 'activityName': None, 'activityType': None, 'activityId': None, 'eventUpdateTimeGmt': '2025-02-07T05:05:29'}, {'eventType': 'ACTIVITY', 'eventStartTimeGmt': '2025-02-07T12:54:13', 'timezoneOffset': 7200000, 'durationInMilliseconds': 2160000, 'bodyBatteryImpact': -3, 'feedbackType': 'EXERCISE_TRAINING_EFFECT_BELOW_2', 'shortFeedback': 'EASY_RECOVERY', 'deviceId': 3423864303, 'activityName': 'Helsinki Walking', 'activityType': 'walking', 'activityId': 18213531617, 'eventUpdateTimeGmt': '2025-02-07T13:31:16'}, {'eventType': 'ACTIVITY', 'eventStartTimeGmt': '2025-02-07T13:37:40', 'timezoneOffset': 7200000, 'durationInMilliseconds': 3180000, 'bodyBatteryImpact': -1, 'feedbackType': 'EXERCISE_TRAINING_EFFECT_BELOW_2', 'shortFeedback': 'NONE', 'deviceId': 3423864303, 'activityName': 'Strength', 'activityType': 'strength_training', 'activityId': 18213978268, 'eventUpdateTimeGmt': '2025-02-07T13:31:18'}, {'eventType': 'RECOVERY', 'eventStartTimeGmt': '2025-02-07T18:41:13', 'timezoneOffset': 7200000, 'durationInMilliseconds': 4020000, 'bodyBatteryImpact': 3, 'feedbackType': 'RECOVERY_EVENING', 'shortFeedback': 'RESTFUL_PERIOD', 'deviceId': 3423864303, 'activityName': None, 'activityType': None, 'activityId': None, 'eventUpdateTimeGmt': '2025-02-07T19:50:54'}]",16.0,35.0,8.0,16.0,2025-02-07T21:59:00.0,200,2025-02-07
5652846,3660.0,1622.0,2038.0,3660.0,,,4122.0,22251,2500,18377,18377,1622.0,4122.0,5652846,2025-02-08,"{'typeId': 4, 'typeKey': 'groups'}",9736211eef9a4107b4d26e51a835c18d,1500,2025-02-07T22:00:00.0,2025-02-08T00:00:00.0,2025-02-08T22:00:00.0,2025-02-09T00:00:00.0,86400000,,7394,12638,41195,25173,True,True,False,False,103,28,134.805,147.386,44.22736,48.35499,1000,10,50,151,55,59,GARMIN,37,99,26640,27960,23760,6900,85260,9360,10860,6420.0,31.25,32.79,27.87,8.09,10.98,12.74,7.53,BALANCED,53520,24840,,51,139,50,77,81,6,6,57.0,81.0,3.0,2.0,,,,,,26.0,184.0,"{'eventTimestampGmt': '2025-02-08T18:50:00', 'bodyBatteryLevel': 'LOW', 'feedbackShortType': 'SLEEP_PREPARATION_STRESSFUL_AND_EXERCISE', 'feedbackLongType': 'SLEEP_PREPARATION_STRESSFUL_AND_EXERCISE_AND_BB_LOW'}","{'eventTimestampGmt': '2025-02-08T21:59:45', 'bodyBatteryLevel': 'LOW', 'feedbackShortType': 'SLEEP_TIME_PASSED_STRESSFUL_AND_EXERCISE', 'feedbackLongType': 'SLEEP_TIME_PASSED_STRESSFUL_AND_EXERCISE_AND_BB_LOW'}","[{'eventType': 'SLEEP', 'eventStartTimeGmt': '2025-02-07T20:36:33', 'timezoneOffset': 7200000, 'durationInMilliseconds': 30180000, 'bodyBatteryImpact': 57, 'feedbackType': 'NONE', 'shortFeedback': 'NONE', 'deviceId': 3423864303, 'activityName': None, 'activityType': None, 'activityId': None, 'eventUpdateTimeGmt': '2025-02-08T05:04:25'}, {'eventType': 'ACTIVITY', 'eventStartTimeGmt': '2025-02-08T05:26:44', 'timezoneOffset': 7200000, 'durationInMilliseconds': 5460000, 'bodyBatteryImpact': -9, 'feedbackType': 'EXERCISE_TRAINING_EFFECT_BELOW_2', 'shortFeedback': 'EASY_RECOVERY', 'deviceId': 3423864303, 'activityName': 'Helsinki Walking', 'activityType': 'walking', 'activityId': 18218925399, 'eventUpdateTimeGmt': '2025-02-08T06:58:32'}, {'eventType': 'ACTIVITY', 'eventStartTimeGmt': '2025-02-08T07:03:48', 'timezoneOffset': 7200000, 'durationInMilliseconds': 2400000, 'bodyBatteryImpact': -6, 'feedbackType': 'EXERCISE_TRAINING_EFFECT_2', 'shortFeedback': 'MINOR_ANAEROBIC_EFFECT', 'deviceId': 3423864303, 'activityName': 'Strength', 'activityType': 'strength_training', 'activityId': 18219110982, 'eventUpdateTimeGmt': '2025-02-08T07:44:21'}, {'eventType': 'ACTIVITY', 'eventStartTimeGmt': '2025-02-08T16:02:59', 'timezoneOffset': 7200000, 'durationInMilliseconds': 3720000, 'bodyBatteryImpact': -2, 'feedbackType': 'EXERCISE_TRAINING_EFFECT_BELOW_2', 'shortFeedback': 'EASY_AEROBIC_BASE', 'deviceId': 3423864303, 'activityName': 'Helsinki Walking', 'activityType': 'walking', 'activityId': 18224362868, 'eventUpdateTimeGmt': '2025-02-08T17:05:50'}]",15.0,23.0,7.0,18.0,2025-02-08T22:00:00.0,200,2025-02-08
5652846,3596.0,1558.0,2038.0,3596.0,,,4058.0,25121,2500,20603,20603,1558.0,4058.0,5652846,2025-02-09,"{'typeId': 4, 'typeKey': 'groups'}",a27f298d7a7c42608f5bdec883123d3f,1500,2025-02-08T22:00:00.0,2025-02-09T00:00:00.0,2025-02-09T22:00:00.0,2025-02-10T00:00:00.0,86400000,,11636,4385,53227,17152,True,True,False,False,31,96,217.564,212.159,71.37927,69.60597,1000,10,57,170,62,59,GARMIN,30,96,32100,32580,10080,11220,85980,24360,7080,660.0,37.33,37.89,11.72,13.05,28.33,8.23,0.77,BALANCED,57720,17040,,60,164,36,33,34,5,9,,,3.0,,,,,,,17.0,183.0,"{'eventTimestampGmt': '2025-02-09T18:57:30', 'bodyBatteryLevel': 'VERY_LOW', 'feedbackShortType': 'SLEEP_PREPARATION_RECOVERING_AND_INTENSIVE_EXERCISE', 'feedbackLongType': 'SLEEP_PREPARATION_RECOVERING_AND_INTENSIVE_EXERCISE_AND_BB_LOW_MORNING_AND_NOW'}","{'eventTimestampGmt': '2025-02-09T21:29:18', 'bodyBatteryLevel': 'LOW', 'feedbackShortType': 'SLEEP_TIME_PASSED_RECOVERING_AND_INTENSIVE_EXERCISE', 'feedbackLongType': 'SLEEP_TIME_PASSED_RECOVERING_AND_INTENSIVE_EXERCISE_AND_BB_LOW_MORNING_AND_NOW'}","[{'eventType': 'SLEEP', 'eventStartTimeGmt': '2025-02-09T00:17:50', 'timezoneOffset': 7200000, 'durationInMilliseconds': 13200000, 'bodyBatteryImpact': 26, 'feedbackType': 'NONE', 'shortFeedback': 'NONE', 'deviceId': 3423864303, 'activityName': None, 'activityType': None, 'activityId': None, 'eventUpdateTimeGmt': '2025-02-09T04:34:42'}, {'eventType': 'ACTIVITY', 'eventStartTimeGmt': '2025-02-09T08:33:05', 'timezoneOffset': 7200000, 'durationInMilliseconds': 7740000, 'bodyBatteryImpact': -12, 'feedbackType': 'EXERCISE_TRAINING_EFFECT_3', 'shortFeedback': 'IMPROVING_AEROBIC_ENDURANCE', 'deviceId': 3423864303, 'activityName': 'Siuntio Trail Running', 'activityType': 'trail_running', 'activityId': 18229486640, 'eventUpdateTimeGmt': '2025-02-09T10:44:08'}, {'eventType': 'RECOVERY', 'eventStartTimeGmt': '2025-02-09T13:59:03', 'timezoneOffset': 7200000, 'durationInMilliseconds': 2040000, 'bodyBatteryImpact': 3, 'feedbackType': 'RECOVERY_BODY_BATTERY_INCREASE', 'shortFeedback': 'BODY_BATTERY_RECHARGE', 'deviceId': 3423864303, 'activityName': None, 'activityType': None, 'activityId': None, 'eventUpdateTimeGmt': '2025-02-09T14:36:05'}]",19.0,40.0,7.0,18.0,2025-02-09T22:00:00.0,200,2025-02-09
5652846,2607.0,569.0,2038.0,2607.0,,,3069.0,13068,2500,10776,10776,569.0,3069.0,5652846,2025-02-10,"{'typeId': 4, 'typeKey': 'groups'}",b7db5f8690244a2a8f2d569af8f099d5,1500,2025-02-09T22:00:00.0,2025-02-10T00:00:00.0,2025-02-10T22:00:00.0,2025-02-11T00:00:00.0,86400000,,5895,3180,48409,28916,True,True,False,False,36,7,42.672,60.067,14.0,19.70702,1000,10,53,117,59,59,GARMIN,25,91,22800,44700,13980,2940,84420,17880,4200,720.0,27.01,52.95,16.56,3.48,21.18,4.98,0.85,BALANCED,57480,24000,,55,116,59,48,63,9,20,,,3.0,1.0,,,,,,16.0,52.0,"{'eventTimestampGmt': '2025-02-10T18:50:01', 'bodyBatteryLevel': 'MODERATE', 'feedbackShortType': 'SLEEP_PREPARATION_RECOVERING_AND_EXERCISE', 'feedbackLongType': 'SLEEP_PREPARATION_RECOVERING_AND_EXERCISE'}","{'eventTimestampGmt': '2025-02-10T21:48:23', 'bodyBatteryLevel': 'MODERATE', 'feedbackShortType': 'SLEEP_TIME_PASSED_RECOVERING_AND_EXERCISE', 'feedbackLongType': 'SLEEP_TIME_PASSED_RECOVERING_AND_EXERCISE'}","[{'eventType': 'SLEEP', 'eventStartTimeGmt': '2025-02-09T20:54:08', 'timezoneOffset': 7200000, 'durationInMilliseconds': 28440000, 'bodyBatteryImpact': 58, 'feedbackType': 'NONE', 'shortFeedback': 'NONE', 'deviceId': 3423864303, 'activityName': None, 'activityType': None, 'activityId': None, 'eventUpdateTimeGmt': '2025-02-10T05:03:41'}, {'eventType': 'RECOVERY', 'eventStartTimeGmt': '2025-02-10T08:42:46', 'timezoneOffset': 7200000, 'durationInMilliseconds': 2160000, 'bodyBatteryImpact': 2, 'feedbackType': 'RECOVERY_BODY_BATTERY_INCREASE', 'shortFeedback': 'BODY_BATTERY_RECHARGE', 'deviceId': 3423864303, 'activityName': None, 'activityType': None, 'activityId': None, 'eventUpdateTimeGmt': '2025-02-10T09:21:25'}, {'eventType': 'ACTIVITY', 'eventStartTimeGmt': '2025-02-10T13:19:42', 'timezoneOffset': 7200000, 'durationInMilliseconds': 3600000, 'bodyBatteryImpact': -4, 'feedbackType': 'EXERCISE_TRAINING_EFFECT_BELOW_2', 'shortFeedback': 'EASY_RECOVERY', 'deviceId': 3423864303, 'activityName': 'Helsinki Walking', 'activityType': 'walking', 'activityId': 18240028837, 'eventUpdateTimeGmt': '2025-02-10T14:20:12'}]",15.0,23.0,7.0,17.0,2025-02-10T22:00:00.0,200,2025-02-10
5652846,2708.0,670.0,2038.0,2708.0,,,3170.0,9363,2500,9198,9198,670.0,3170.0,5652846,2025-02-11,"{'typeId': 4, 'typeKey': 'groups'}",4278775f04034a7fb3b439514f655a4e,1500,2025-02-10T22:00:00.0,2025-02-11T00:00:00.0,2025-02-11T22:00:00.0,2025-02-12T00:00:00.0,86400000,,3947,3231,49474,29748,True,True,False,False,9,37,56.077,60.319,18.39797,19.7897,1000,10,47,177,61,59,GARMIN,33,97,33420,37200,8160,7140,85920,18120,11760,3540.0,38.9,43.3,9.5,8.31,21.09,13.69,4.12,BALANCED,49860,28920,,49,177,59,65,77,12,14,59.0,76.0,3.0,,,,,,,15.0,81.0,"{'eventTimestampGmt': '2025-02-11T18:50:00', 'bodyBatteryLevel': 'LOW', 'feedbackShortType': 'SLEEP_PREPARATION_BALANCED_AND_INTENSIVE_EXERCISE', 'feedbackLongType': 'SLEEP_PREPARATION_BALANCED_AND_INTENSIVE_EXERCISE_AND_BB_LOW'}","{'eventTimestampGmt': '2025-02-10T22:32:44', 'bodyBatteryLevel': 'HIGH', 'feedbackShortType': 'SLEEP_TIME_PASSED_RECOVERING_AND_EXERCISE', 'feedbackLongType': 'SLEEP_TIME_PASSED_RECOVERING_AND_EXERCISE'}","[{'eventType': 'SLEEP', 'eventStartTimeGmt': '2025-02-10T20:46:12', 'timezoneOffset': 7200000, 'durationInMilliseconds': 29760000, 'bodyBatteryImpact': 59, 'feedbackType': 'NONE', 'shortFeedback': 'NONE', 'deviceId': 3423864303, 'activityName': None, 'activityType': None, 'activityId': None, 'eventUpdateTimeGmt': '2025-02-11T05:02:22'}, {'eventType': 'ACTIVITY', 'eventStartTimeGmt': '2025-02-11T13:31:36', 'timezoneOffset': 7200000, 'durationInMilliseconds': 2160000, 'bodyBatteryImpact': -7, 'feedbackType': 'EXERCISE_TRAINING_EFFECT_3', 'shortFeedback': 'IMPROVING_TEMPO', 'deviceId': 3423864303, 'activityName': 'Helsinki - Threshold', 'activityType': 'trail_running', 'activityId': 18249075619, 'eventUpdateTimeGmt': '2025-02-11T14:09:59'}, {'eventType': 'ACTIVITY', 'eventStartTimeGmt': '2025-02-11T14:33:01', 'timezoneOffset': 7200000, 'durationInMilliseconds': 1200000, 'bodyBatteryImpact': -3, 'feedbackType': 'NONE', 'shortFeedback': 'NONE', 'deviceId': 3423864303, 'activityName': 'Yoga', 'activityType': 'yoga', 'activityId': 18249376801, 'eventUpdateTimeGmt': '2025-02-11T14:53:24'}]",15.0,41.0,6.0,18.0,2025-02-11T22:00:00.0,200,2025-02-11
5652846,2583.0,545.0,2038.0,2583.0,,,3045.0,8274,2500,7913,7913,545.0,3045.0,5652846,2025-02-12,"{'typeId': 4, 'typeKey': 'groups'}",e44c68e85af14e32b2502fded0f45495,1500,2025-02-11T22:00:00.0,2025-02-12T00:00:00.0,2025-02-12T22:00:00.0,2025-02-13T00:00:00.0,86400000,,3657,3726,49031,29986,True,True,False,False,33,0,47.495,63.79,15.58235,20.92848,1000,10,59,118,63,60,GARMIN,37,93,53460,14100,14280,3060,84900,42360,9960,1140.0,62.97,16.61,16.82,3.6,49.89,11.73,1.34,VERY_STRESSFUL,57840,24000,,63,113,26,35,38,5,5,26.0,38.0,3.0,,,,,,,17.0,73.0,"{'eventTimestampGmt': '2025-02-12T18:50:01', 'bodyBatteryLevel': 'VERY_LOW', 'feedbackShortType': 'SLEEP_PREPARATION_BALANCED_AND_EXERCISE', 'feedbackLongType': 'SLEEP_PREPARATION_BALANCED_AND_EXERCISE_AND_BB_LOW_MORNING_AND_NOW'}","{'eventTimestampGmt': '2025-02-11T23:56:41', 'bodyBatteryLevel': 'HIGH', 'feedbackShortType': 'SLEEP_TIME_PASSED_BALANCED_AND_INTENSIVE_EXERCISE', 'feedbackLongType': 'SLEEP_TIME_PASSED_BALANCED_AND_INTENSIVE_EXERCISE'}","[{'eventType': 'SLEEP', 'eventStartTimeGmt': '2025-02-11T20:46:24', 'timezoneOffset': 7200000, 'durationInMilliseconds': 30240000, 'bodyBatteryImpact': 26, 'feedbackType': 'NONE', 'shortFeedback': 'NONE', 'deviceId': 3423864303, 'activityName': None, 'activityType': None, 'activityId': None, 'eventUpdateTimeGmt': '2025-02-12T05:11:55'}, {'eventType': 'RECOVERY', 'eventStartTimeGmt': '2025-02-12T08:21:50', 'timezoneOffset': 7200000, 'durationInMilliseconds': 420000, 'bodyBatteryImpact': 2, 'feedbackType': 'RECOVERY_SHORT', 'shortFeedback': 'BODY_BATTERY_RECHARGE', 'deviceId': 3423864303, 'activityName': None, 'activityType': None, 'activityId': None, 'eventUpdateTimeGmt': '2025-02-12T08:31:06'}, {'eventType': 'ACTIVITY', 'eventStartTimeGmt': '2025-02-12T14:00:19', 'timezoneOffset': 7200000, 'durationInMilliseconds': 2280000, 'bodyBatteryImpact': -2, 'feedbackType': 'EXERCISE_TRAINING_EFFECT_BELOW_2', 'shortFeedback': 'EASY_RECOVERY', 'deviceId': 3423864303, 'activityName': 'Helsinki Walking', 'activityType': 'walking', 'activityId': 18258468995, 'eventUpdateTimeGmt': '2025-02-12T14:40:24'}, {'eventType': 'ACTIVITY', 'eventStartTimeGmt': '2025-02-12T15:33:01', 'timezoneOffset': 7200000, 'durationInMilliseconds': 1200000, 'bodyBatteryImpact': -1, 'feedbackType': 'NONE', 'shortFeedback': 'NONE', 'deviceId': 3423864303, 'activityName': 'Yoga', 'activityType': 'yoga', 'activityId': 18258875618, 'eventUpdateTimeGmt': '2025-02-12T15:53:38'}]",15.0,24.0,6.0,19.0,2025-02-12T22:00:00.0,200,2025-02-12
5652846,2534.0,496.0,2038.0,2534.0,,,2996.0,12167,2500,10013,10013,496.0,2996.0,5652846,2025-02-13,"{'typeId': 4, 'typeKey': 'groups'}",baac88d68ffa4fdb899202166587bc9b,1500,2025-02-12T22:00:00.0,2025-02-13T00:00:00.0,2025-02-13T22:00:00.0,2025-02-14T00:00:00.0,86400000,,5053,3074,54625,23648,True,True,False,False,66,0,67.056,68.959,22.0,22.62434,1000,10,54,116,62,60,GARMIN,30,92,25140,30540,13500,15780,84960,17580,6660,900.0,29.59,35.95,15.89,18.57,20.69,7.84,1.06,BALANCED,50820,18360,,55,110,55,35,55,5,17,49.0,54.0,3.0,,,,,,,23.0,95.0,"{'eventTimestampGmt': '2025-02-13T20:14:03', 'bodyBatteryLevel': 'LOW', 'feedbackShortType': 'SLEEP_PREPARATION_BALANCED_AND_EXERCISE', 'feedbackLongType': 'SLEEP_PREPARATION_BALANCED_AND_EXERCISE_AND_BB_LOW_MORNING_AND_NOW'}","{'eventTimestampGmt': '2025-02-13T21:25:36', 'bodyBatteryLevel': 'MODERATE', 'feedbackShortType': 'SLEEP_TIME_PASSED_BALANCED_AND_EXERCISE', 'feedbackLongType': 'SLEEP_TIME_PASSED_BALANCED_AND_EXERCISE'}","[{'eventType': 'SLEEP', 'eventStartTimeGmt': '2025-02-12T20:50:38', 'timezoneOffset': 7200000, 'durationInMilliseconds': 23760000, 'bodyBatteryImpact': 49, 'feedbackType': 'NONE', 'shortFeedback': 'NONE', 'deviceId': 3423864303, 'activityName': None, 'activityType': None, 'activityId': None, 'eventUpdateTimeGmt': '2025-02-13T04:30:38'}, {'eventType': 'ACTIVITY', 'eventStartTimeGmt': '2025-02-13T13:32:05', 'timezoneOffset': 7200000, 'durationInMilliseconds': 4020000, 'bodyBatteryImpact': -2, 'feedbackType': 'EXERCISE_TRAINING_EFFECT_BELOW_2', 'shortFeedback': 'EASY_RECOVERY', 'deviceId': 3423864303, 'activityName': 'Vantaa Walking', 'activityType': 'walking', 'activityId': 18270114034, 'eventUpdateTimeGmt': '2025-02-13T14:39:30'}]",15.0,23.0,6.0,20.0,2025-02-13T22:00:00.0,200,2025-02-13
5652846,2840.0,802.0,2038.0,2840.0,,,3302.0,11337,2500,9792,9792,802.0,3302.0,5652846,2025-02-14,"{'typeId': 4, 'typeKey': 'groups'}",098a7e0afdee492896f885a127244048,1500,2025-02-13T22:00:00.0,2025-02-14T00:00:00.0,2025-02-14T22:00:00.0,2025-02-15T00:00:00.0,86400000,,4762,4673,50467,26498,True,True,False,False,74,2,57.23,63.806,18.77625,20.93373,1000,10,54,132,59,60,GARMIN,28,93,24780,37260,19620,3840,85500,16500,6060,2220.0,28.98,43.58,22.95,4.49,19.3,7.09,2.6,BALANCED,56520,25140,,54,125,61,61,76,18,18,62.0,75.0,3.0,,,,,,,16.0,148.0,"{'eventTimestampGmt': '2025-02-14T20:34:05', 'bodyBatteryLevel': 'MODERATE', 'feedbackShortType': 'SLEEP_PREPARATION_BALANCED_AND_EXERCISE', 'feedbackLongType': 'SLEEP_PREPARATION_BALANCED_AND_EXERCISE'}","{'eventTimestampGmt': '2025-02-13T22:54:46', 'bodyBatteryLevel': 'HIGH', 'feedbackShortType': 'SLEEP_TIME_PASSED_BALANCED_AND_EXERCISE', 'feedbackLongType': 'SLEEP_TIME_PASSED_BALANCED_AND_EXERCISE'}","[{'eventType': 'SLEEP', 'eventStartTimeGmt': '2025-02-13T20:52:30', 'timezoneOffset': 7200000, 'durationInMilliseconds': 29400000, 'bodyBatteryImpact': 62, 'feedbackType': 'NONE', 'shortFeedback': 'NONE', 'deviceId': 3423864303, 'activityName': None, 'activityType': None, 'activityId': None, 'eventUpdateTimeGmt': '2025-02-14T05:13:10'}, {'eventType': 'RECOVERY', 'eventStartTimeGmt': '2025-02-14T10:22:50', 'timezoneOffset': 7200000, 'durationInMilliseconds': 6600000, 'bodyBatteryImpact': 3, 'feedbackType': 'RECOVERY_LONG_BODY_BATTERY_INCREASE', 'shortFeedback': 'LONG_RESTFUL_PERIOD', 'deviceId': 3423864303, 'activityName': None, 'activityType': None, 'activityId': None, 'eventUpdateTimeGmt': '2025-02-14T12:14:30'}, {'eventType': 'ACTIVITY', 'eventStartTimeGmt': '2025-02-14T12:29:23', 'timezoneOffset': 7200000, 'durationInMilliseconds': 6600000, 'bodyBatteryImpact': -9, 'feedbackType': 'EXERCISE_TRAINING_EFFECT_BELOW_2', 'shortFeedback': 'EASY_RECOVERY', 'deviceId': 3423864303, 'activityName': 'Helsinki Walking', 'activityType': 'walking', 'activityId': 18275166853, 'eventUpdateTimeGmt': '2025-02-14T14:20:06'}, {'eventType': 'ACTIVITY', 'eventStartTimeGmt': '2025-02-14T14:30:43', 'timezoneOffset': 7200000, 'durationInMilliseconds': 3420000, 'bodyBatteryImpact': -5, 'feedbackType': 'EXERCISE_TRAINING_EFFECT_BELOW_2', 'shortFeedback': 'EASY_AEROBIC_BASE', 'deviceId': 3423864303, 'activityName': 'Strength', 'activityType': 'strength_training', 'activityId': 18276448834, 'eventUpdateTimeGmt': '2025-02-14T15:27:52'}]",14.0,28.0,6.0,18.0,2025-02-14T22:00:00.0,200,2025-02-14
5652846,3855.0,1817.0,2038.0,3855.0,,,4317.0,21364,2500,18908,18908,1817.0,4317.0,5652846,2025-02-15,"{'typeId': 4, 'typeKey': 'groups'}",9ace6dc4fc144d0fbb0992a977e7f1c8,1500,2025-02-14T22:00:00.0,2025-02-15T00:00:00.0,2025-02-15T22:00:00.0,2025-02-16T00:00:00.0,86400000,,9003,6075,44870,26452,True,True,False,False,47,110,178.686,155.694,58.62402,51.08071,1000,10,56,173,59,61,GARMIN,42,99,36480,25920,20220,3360,85980,10560,17760,8160.0,42.43,30.15,23.52,3.91,12.28,20.66,9.49,STRESSFUL,56340,26280,,57,171,58,71,76,5,5,57.0,75.0,3.0,2.0,,,,,,40.0,148.0,"{'eventTimestampGmt': '2025-02-15T20:23:12', 'bodyBatteryLevel': 'VERY_LOW', 'feedbackShortType': 'SLEEP_PREPARATION_STRESSFUL_AND_INTENSIVE_EXERCISE', 'feedbackLongType': 'SLEEP_PREPARATION_STRESSFUL_AND_INTENSIVE_EXERCISE_AND_BB_LOW'}","{'eventTimestampGmt': '2025-02-14T23:13:33', 'bodyBatteryLevel': 'HIGH', 'feedbackShortType': 'SLEEP_TIME_PASSED_BALANCED_AND_EXERCISE', 'feedbackLongType': 'SLEEP_TIME_PASSED_BALANCED_AND_EXERCISE'}","[{'eventType': 'SLEEP', 'eventStartTimeGmt': '2025-02-14T21:40:52', 'timezoneOffset': 7200000, 'durationInMilliseconds': 27600000, 'bodyBatteryImpact': 57, 'feedbackType': 'NONE', 'shortFeedback': 'NONE', 'deviceId': 3423864303, 'activityName': None, 'activityType': None, 'activityId': None, 'eventUpdateTimeGmt': '2025-02-15T05:24:00'}, {'eventType': 'ACTIVITY', 'eventStartTimeGmt': '2025-02-15T10:08:24', 'timezoneOffset': 7200000, 'durationInMilliseconds': 11460000, 'bodyBatteryImpact': -18, 'feedbackType': 'EXERCISE_TRAINING_EFFECT_3', 'shortFeedback': 'IMPROVING_AEROBIC_BASE', 'deviceId': 3423864303, 'activityName': 'Loviisa Running', 'activityType': 'running', 'activityId': 18283235551, 'eventUpdateTimeGmt': '2025-02-15T13:19:44'}]",15.0,24.0,8.0,17.0,2025-02-15T22:00:00.0,200,2025-02-15
5652846,2670.0,632.0,2038.0,2670.0,,,3132.0,17368,2500,14155,14155,632.0,3132.0,5652846,2025-02-16,"{'typeId': 4, 'typeKey': 'groups'}",1e4d34b3a01c4851a87f2f0e9cecc2e3,1500,2025-02-15T22:00:00.0,2025-02-16T00:00:00.0,2025-02-16T22:00:00.0,2025-02-17T00:00:00.0,86400000,,5738,5048,44106,31508,True,True,False,False,113,0,44.117,38.831,14.47408,12.73983,1000,10,59,123,63,61,GARMIN,29,95,31740,37080,14040,3420,86280,26280,5100,360.0,36.79,42.98,16.27,3.96,30.46,5.91,0.42,BALANCED,51420,31440,,60,118,41,24,43,5,22,,,3.0,,,,,,,91.0,171.0,"{'eventTimestampGmt': '2025-02-16T18:50:00', 'bodyBatteryLevel': 'MODERATE', 'feedbackShortType': 'SLEEP_PREPARATION_RECOVERING_AND_EXERCISE', 'feedbackLongType': 'SLEEP_PREPARATION_RECOVERING_AND_EXERCISE'}","{'eventTimestampGmt': '2025-02-16T02:05:18', 'bodyBatteryLevel': 'MODERATE', 'feedbackShortType': 'SLEEP_TIME_PASSED_STRESSFUL_AND_INACTIVE', 'feedbackLongType': 'SLEEP_TIME_PASSED_STRESSFUL_AND_INACTIVE'}","[{'eventType': 'SLEEP', 'eventStartTimeGmt': '2025-02-15T22:31:03', 'timezoneOffset': 7200000, 'durationInMilliseconds': 30660000, 'bodyBatteryImpact': 37, 'feedbackType': 'NONE', 'shortFeedback': 'NONE', 'deviceId': 3423864303, 'activityName': None, 'activityType': None, 'activityId': None, 'eventUpdateTimeGmt': '2025-02-16T07:04:36'}, {'eventType': 'ACTIVITY', 'eventStartTimeGmt': '2025-02-16T10:10:35', 'timezoneOffset': 7200000, 'durationInMilliseconds': 4320000, 'bodyBatteryImpact': -3, 'feedbackType': 'EXERCISE_TRAINING_EFFECT_BELOW_2', 'shortFeedback': 'EASY_RECOVERY', 'deviceId': 3423864303, 'activityName': 'Lappeenranta Walking', 'activityType': 'walking', 'activityId': 18291507430, 'eventUpdateTimeGmt': '2025-02-16T11:22:42'}, {'eventType': 'RECOVERY', 'eventStartTimeGmt': '2025-02-16T15:39:22', 'timezoneOffset': 7200000, 'durationInMilliseconds': 2040000, 'bodyBatteryImpact': 2, 'feedbackType': 'RECOVERY_BODY_BATTERY_INCREASE', 'shortFeedback': 'BODY_BATTERY_RECHARGE', 'deviceId': 3423864303, 'activityName': None, 'activityType': None, 'activityId': None, 'eventUpdateTimeGmt': '2025-02-16T16:16:25'}, {'eventType': 'ACTIVITY', 'eventStartTimeGmt': '2025-02-16T16:42:07', 'timezoneOffset': 7200000, 'durationInMilliseconds': 3480000, 'bodyBatteryImpact': -3, 'feedbackType': 'EXERCISE_TRAINING_EFFECT_BELOW_2', 'shortFeedback': 'EASY_RECOVERY', 'deviceId': 3423864303, 'activityName': 'Lappeenranta Walking', 'activityType': 'walking', 'activityId': 18296130423, 'eventUpdateTimeGmt': '2025-02-16T17:43:52'}]",16.0,24.0,8.0,19.0,2025-02-16T22:00:00.0,200,2025-02-16
5652846,2359.0,321.0,2038.0,2359.0,,,2821.0,5431,2500,4644,4644,321.0,2821.0,5652846,2025-02-17,"{'typeId': 4, 'typeKey': 'groups'}",3c1eb051a1ca48f086d485b95efdba1a,1500,2025-02-16T22:00:00.0,2025-02-17T00:00:00.0,2025-02-17T22:00:00.0,2025-02-18T00:00:00.0,86400000,,2816,1760,54060,27764,True,False,False,False,11,4,6.5280000000000005,5.432,2.14173,1.78215,1000,10,54,130,59,61,GARMIN,32,96,35100,40860,8340,1980,86280,21120,8640,5340.0,40.68,47.36,9.67,2.29,24.48,10.01,6.19,BALANCED,61380,22920,,56,129,66,66,82,16,22,56.0,78.0,3.0,,,,,,,81.0,,"{'eventTimestampGmt': '2025-02-17T18:50:00', 'bodyBatteryLevel': 'MODERATE', 'feedbackShortType': 'SLEEP_PREPARATION_BALANCED_AND_INACTIVE', 'feedbackLongType': 'SLEEP_PREPARATION_BALANCED_AND_INACTIVE'}","{'eventTimestampGmt': '2025-02-17T21:25:02', 'bodyBatteryLevel': 'MODERATE', 'feedbackShortType': 'SLEEP_TIME_PASSED_BALANCED_AND_INACTIVE', 'feedbackLongType': 'SLEEP_TIME_PASSED_BALANCED_AND_INACTIVE'}","[{'eventType': 'SLEEP', 'eventStartTimeGmt': '2025-02-16T21:45:52', 'timezoneOffset': 7200000, 'durationInMilliseconds': 23940000, 'bodyBatteryImpact': 56, 'feedbackType': 'NONE', 'shortFeedback': 'NONE', 'deviceId': 3423864303, 'activityName': None, 'activityType': None, 'activityId': None, 'eventUpdateTimeGmt': '2025-02-17T04:25:08'}, {'eventType': 'STRESS', 'eventStartTimeGmt': '2025-02-17T15:49:03', 'timezoneOffset': 7200000, 'durationInMilliseconds': 4440000, 'bodyBatteryImpact': -9, 'feedbackType': 'STRESS', 'shortFeedback': 'STRESSFUL_PERIOD', 'deviceId': 3423864303, 'activityName': None, 'activityType': None, 'activityId': None, 'eventUpdateTimeGmt': '2025-02-17T17:05:55'}]",15.0,25.0,7.0,19.0,2025-02-17T22:00:00.0,200,2025-02-17
5652846,2837.0,799.0,2038.0,2837.0,,,3299.0,10570,2500,9049,9049,799.0,3299.0,5652846,2025-02-18,"{'typeId': 4, 'typeKey': 'groups'}",d4e0848af9994a1e8f885f9e5159574c,1500,2025-02-17T22:00:00.0,2025-02-18T00:00:00.0,2025-02-18T22:00:00.0,2025-02-19T00:00:00.0,86400000,,4578,1891,51123,28808,True,True,False,False,15,31,33.729,36.693,11.06594,12.03839,1000,10,56,159,60,61,GARMIN,38,97,42720,28380,10560,4260,85920,23520,15120,4080.0,49.72,33.03,12.29,4.96,27.37,17.6,4.75,STRESSFUL,56340,25320,,57,158,54,67,76,9,9,59.0,75.0,3.0,2.0,,,,,,53.0,73.0,"{'eventTimestampGmt': '2025-02-18T19:20:24', 'bodyBatteryLevel': 'LOW', 'feedbackShortType': 'SLEEP_PREPARATION_STRESSFUL_AND_INTENSIVE_EXERCISE', 'feedbackLongType': 'SLEEP_PREPARATION_STRESSFUL_AND_INTENSIVE_EXERCISE_AND_BB_LOW'}","{'eventTimestampGmt': '2025-02-17T22:19:24', 'bodyBatteryLevel': 'HIGH', 'feedbackShortType': 'SLEEP_TIME_PASSED_BALANCED_AND_INACTIVE', 'feedbackLongType': 'SLEEP_TIME_PASSED_BALANCED_AND_INACTIVE'}","[{'eventType': 'SLEEP', 'eventStartTimeGmt': '2025-02-17T20:42:08', 'timezoneOffset': 7200000, 'durationInMilliseconds': 30540000, 'bodyBatteryImpact': 59, 'feedbackType': 'NONE', 'shortFeedback': 'NONE', 'deviceId': 3423864303, 'activityName': None, 'activityType': None, 'activityId': None, 'eventUpdateTimeGmt': '2025-02-18T05:16:22'}, {'eventType': 'ACTIVITY', 'eventStartTimeGmt': '2025-02-18T13:25:26', 'timezoneOffset': 7200000, 'durationInMilliseconds': 1860000, 'bodyBatteryImpact': -6, 'feedbackType': 'EXERCISE_TRAINING_EFFECT_2', 'shortFeedback': 'MAINTAINING_AEROBIC', 'deviceId': 3423864303, 'activityName': 'Helsinki - Base', 'activityType': 'running', 'activityId': 18310124341, 'eventUpdateTimeGmt': '2025-02-18T13:57:35'}, {'eventType': 'ACTIVITY', 'eventStartTimeGmt': '2025-02-18T14:12:50', 'timezoneOffset': 7200000, 'durationInMilliseconds': 1260000, 'bodyBatteryImpact': -2, 'feedbackType': 'NONE', 'shortFeedback': 'NONE', 'deviceId': 3423864303, 'activityName': 'Yoga', 'activityType': 'yoga', 'activityId': 18310389191, 'eventUpdateTimeGmt': '2025-02-18T14:34:00'}]",16.0,37.0,7.0,20.0,2025-02-18T22:00:00.0,200,2025-02-18
5652846,2992.0,954.0,2038.0,2992.0,,,3454.0,13046,2500,11653,11653,954.0,3454.0,5652846,2025-02-19,"{'typeId': 4, 'typeKey': 'groups'}",8f11d54150604c159b0f455ccbf2c49d,1500,2025-02-18T22:00:00.0,2025-02-19T00:00:00.0,2025-02-19T22:00:00.0,2025-02-20T00:00:00.0,86400000,,5863,1137,48797,30603,True,True,False,False,27,47,195.072,200.375,64.0,65.73983,1000,10,56,187,61,60,GARMIN,36,97,39600,30600,7500,5340,83040,24120,11100,4380.0,47.69,36.85,9.03,6.43,29.05,13.37,5.27,STRESSFUL,53280,24420,,59,182,55,53,60,9,11,,,3.0,1.0,,,,,,-26.0,106.0,"{'eventTimestampGmt': '2025-02-19T18:50:00', 'bodyBatteryLevel': 'LOW', 'feedbackShortType': 'SLEEP_PREPARATION_STRESSFUL_AND_INTENSIVE_EXERCISE', 'feedbackLongType': 'SLEEP_PREPARATION_STRESSFUL_AND_INTENSIVE_EXERCISE_AND_BB_LOW'}","{'eventTimestampGmt': '2025-02-19T00:04:20', 'bodyBatteryLevel': 'HIGH', 'feedbackShortType': 'SLEEP_TIME_PASSED_STRESSFUL_AND_INTENSIVE_EXERCISE', 'feedbackLongType': 'SLEEP_TIME_PASSED_STRESSFUL_AND_INTENSIVE_EXERCISE'}","[{'eventType': 'SLEEP', 'eventStartTimeGmt': '2025-02-18T21:11:00', 'timezoneOffset': 7200000, 'durationInMilliseconds': 28320000, 'bodyBatteryImpact': 51, 'feedbackType': 'NONE', 'shortFeedback': 'NONE', 'deviceId': 3423864303, 'activityName': None, 'activityType': None, 'activityId': None, 'eventUpdateTimeGmt': '2025-02-19T05:03:07'}, {'eventType': 'NAP', 'eventStartTimeGmt': '2025-02-19T12:42:07', 'timezoneOffset': 7200000, 'durationInMilliseconds': 960000, 'bodyBatteryImpact': 0, 'feedbackType': 'NAP_RECOVERING_BODY_BATTERY_MAINTAIN', 'shortFeedback': 'RESTFUL_NAP', 'deviceId': 3423864303, 'activityName': None, 'activityType': None, 'activityId': None, 'eventUpdateTimeGmt': '2025-02-19T13:00:25'}, {'eventType': 'ACTIVITY', 'eventStartTimeGmt': '2025-02-19T13:09:22', 'timezoneOffset': 7200000, 'durationInMilliseconds': 3180000, 'bodyBatteryImpact': -10, 'feedbackType': 'EXERCISE_TRAINING_EFFECT_3', 'shortFeedback': 'IMPROVING_LACTATE_THRESHOLD', 'deviceId': 3423864303, 'activityName': 'Helsinki - Threshold', 'activityType': 'trail_running', 'activityId': 18319433422, 'eventUpdateTimeGmt': '2025-02-19T14:04:01'}, {'eventType': 'ACTIVITY', 'eventStartTimeGmt': '2025-02-19T14:12:40', 'timezoneOffset': 7200000, 'durationInMilliseconds': 1260000, 'bodyBatteryImpact': -2, 'feedbackType': 'NONE', 'shortFeedback': 'NONE', 'deviceId': 3423864303, 'activityName': 'Yoga', 'activityType': 'yoga', 'activityId': 18319659606, 'eventUpdateTimeGmt': '2025-02-19T14:33:57'}]",16.0,43.0,6.0,16.0,2025-02-19T22:00:00.0,200,2025-02-19
5652846,2539.0,501.0,2038.0,2539.0,,,3001.0,10865,2500,8885,8885,501.0,3001.0,5652846,2025-02-20,"{'typeId': 4, 'typeKey': 'groups'}",b9d38629956b4df59d4bb635459756b6,1500,2025-02-19T22:00:00.0,2025-02-20T00:00:00.0,2025-02-20T22:00:00.0,2025-02-21T00:00:00.0,86400000,,6026,1892,49474,29008,True,True,False,False,43,0,88.981,103.064,29.19324,33.81365,1000,10,56,127,61,60,GARMIN,30,90,35700,36360,11940,2160,86160,26700,8100,900.0,41.43,42.2,13.86,2.51,30.99,9.4,1.04,BALANCED,58320,25680,,58,126,57,44,63,10,24,52.0,61.0,3.0,,,,,,,3.0,88.0,"{'eventTimestampGmt': '2025-02-20T18:50:01', 'bodyBatteryLevel': 'MODERATE', 'feedbackShortType': 'SLEEP_PREPARATION_BALANCED_AND_EXERCISE', 'feedbackLongType': 'SLEEP_PREPARATION_BALANCED_AND_EXERCISE'}","{'eventTimestampGmt': '2025-02-19T23:50:01', 'bodyBatteryLevel': 'HIGH', 'feedbackShortType': 'SLEEP_TIME_PASSED_STRESSFUL_AND_INTENSIVE_EXERCISE', 'feedbackLongType': 'SLEEP_TIME_PASSED_STRESSFUL_AND_INTENSIVE_EXERCISE'}","[{'eventType': 'SLEEP', 'eventStartTimeGmt': '2025-02-19T20:48:57', 'timezoneOffset': 7200000, 'durationInMilliseconds': 30060000, 'bodyBatteryImpact': 52, 'feedbackType': 'NONE', 'shortFeedback': 'NONE', 'deviceId': 3423864303, 'activityName': None, 'activityType': None, 'activityId': None, 'eventUpdateTimeGmt': '2025-02-20T05:10:19'}, {'eventType': 'ACTIVITY', 'eventStartTimeGmt': '2025-02-20T13:14:20', 'timezoneOffset': 7200000, 'durationInMilliseconds': 2460000, 'bodyBatteryImpact': -3, 'feedbackType': 'EXERCISE_TRAINING_EFFECT_BELOW_2', 'shortFeedback': 'EASY_RECOVERY', 'deviceId': 3423864303, 'activityName': 'Helsinki Walking', 'activityType': 'walking', 'activityId': 18328433903, 'eventUpdateTimeGmt': '2025-02-20T13:55:46'}, {'eventType': 'ACTIVITY', 'eventStartTimeGmt': '2025-02-20T14:38:37', 'timezoneOffset': 7200000, 'durationInMilliseconds': 1200000, 'bodyBatteryImpact': -1, 'feedbackType': 'NONE', 'shortFeedback': 'NONE', 'deviceId': 3423864303, 'activityName': 'Yoga', 'activityType': 'yoga', 'activityId': 18328830680, 'eventUpdateTimeGmt': '2025-02-20T14:59:29'}]",14.0,25.0,7.0,18.0,2025-02-20T22:00:00.0,200,2025-02-20
5652846,3479.0,1441.0,2038.0,3479.0,,,3941.0,19711,2500,16724,16724,1441.0,3941.0,5652846,2025-02-21,"{'typeId': 4, 'typeKey': 'groups'}",b470d9278c334acdb80df405be494d69,1500,2025-02-20T22:00:00.0,2025-02-21T00:00:00.0,2025-02-21T22:00:00.0,2025-02-22T00:00:00.0,86400000,,11051,4340,47040,23969,True,True,False,False,73,35,72.402,78.794,23.75394,25.85105,1000,10,53,201,59,60,GARMIN,24,97,17940,32100,17160,18360,85560,13800,3000,1140.0,20.97,37.52,20.06,21.46,16.13,3.51,1.33,BALANCED,43440,23760,,56,181,65,66,89,23,23,67.0,88.0,3.0,,,,,,,31.0,159.0,"{'eventTimestampGmt': '2025-02-21T20:10:06', 'bodyBatteryLevel': 'MODERATE', 'feedbackShortType': 'SLEEP_PREPARATION_NOT_STRESS_DATA_AND_INTENSIVE_EXERCISE', 'feedbackLongType': 'SLEEP_PREPARATION_NOT_STRESS_DATA_AND_INTENSIVE_EXERCISE'}","{'eventTimestampGmt': '2025-02-21T21:39:40', 'bodyBatteryLevel': 'MODERATE', 'feedbackShortType': 'SLEEP_TIME_PASSED_NOT_STRESS_DATA_AND_INTENSIVE_EXERCISE', 'feedbackLongType': 'SLEEP_TIME_PASSED_NOT_STRESS_DATA_AND_INTENSIVE_EXERCISE'}","[{'eventType': 'SLEEP', 'eventStartTimeGmt': '2025-02-20T21:06:29', 'timezoneOffset': 7200000, 'durationInMilliseconds': 27180000, 'bodyBatteryImpact': 67, 'feedbackType': 'NONE', 'shortFeedback': 'NONE', 'deviceId': 3423864303, 'activityName': None, 'activityType': None, 'activityId': None, 'eventUpdateTimeGmt': '2025-02-21T04:55:07'}, {'eventType': 'ACTIVITY', 'eventStartTimeGmt': '2025-02-21T08:31:20', 'timezoneOffset': 7200000, 'durationInMilliseconds': 15240000, 'bodyBatteryImpact': -16, 'feedbackType': 'EXERCISE_TRAINING_EFFECT_BELOW_2', 'shortFeedback': 'EASY_RECOVERY', 'deviceId': 3423864303, 'activityName': 'Helsinki Walking', 'activityType': 'walking', 'activityId': 18336305180, 'eventUpdateTimeGmt': '2025-02-21T12:47:04'}, {'eventType': 'ACTIVITY', 'eventStartTimeGmt': '2025-02-21T14:43:58', 'timezoneOffset': 7200000, 'durationInMilliseconds': 4080000, 'bodyBatteryImpact': -8, 'feedbackType': 'EXERCISE_TRAINING_EFFECT_2', 'shortFeedback': 'MINOR_ANAEROBIC_EFFECT', 'deviceId': 3423864303, 'activityName': 'Strength', 'activityType': 'strength_training', 'activityId': 18337827232, 'eventUpdateTimeGmt': '2025-02-21T15:52:50'}]",17.0,38.0,7.0,11.0,2025-02-21T22:00:00.0,200,2025-02-21
5652846,3627.0,1589.0,2038.0,3627.0,,,4089.0,20770,2500,18235,18235,1589.0,4089.0,5652846,2025-02-22,"{'typeId': 4, 'typeKey': 'groups'}",7a43a4da853641e1a8c86621d1ee7892,1500,2025-02-21T22:00:00.0,2025-02-22T00:00:00.0,2025-02-22T22:00:00.0,2025-02-23T00:00:00.0,86400000,,4117,10504,51602,20177,True,True,False,False,117,9,235.019,224.087,77.10597,73.51936,1000,10,43,146,61,61,GARMIN,47,99,43380,14220,19560,6840,84000,18660,14220,10500.0,51.64,16.93,23.29,8.14,22.21,16.93,12.5,STRESSFUL,59220,17940,,58,137,34,52,56,5,5,34.0,56.0,3.0,12.0,,,,,,65.0,167.0,"{'eventTimestampGmt': '2025-02-22T18:50:01', 'bodyBatteryLevel': 'VERY_LOW', 'feedbackShortType': 'SLEEP_PREPARATION_STRESSFUL_AND_EXERCISE', 'feedbackLongType': 'SLEEP_PREPARATION_STRESSFUL_AND_EXERCISE_AND_BB_LOW'}","{'eventTimestampGmt': '2025-02-22T20:22:06', 'bodyBatteryLevel': 'VERY_LOW', 'feedbackShortType': 'SLEEP_TIME_PASSED_STRESSFUL_AND_EXERCISE', 'feedbackLongType': 'SLEEP_TIME_PASSED_STRESSFUL_AND_EXERCISE_AND_BB_LOW'}","[{'eventType': 'SLEEP', 'eventStartTimeGmt': '2025-02-21T22:18:50', 'timezoneOffset': 7200000, 'durationInMilliseconds': 18180000, 'bodyBatteryImpact': 34, 'feedbackType': 'NONE', 'shortFeedback': 'NONE', 'deviceId': 3423864303, 'activityName': None, 'activityType': None, 'activityId': None, 'eventUpdateTimeGmt': '2025-02-22T04:20:38'}, {'eventType': 'ACTIVITY', 'eventStartTimeGmt': '2025-02-22T08:15:00', 'timezoneOffset': 7200000, 'durationInMilliseconds': 14160000, 'bodyBatteryImpact': -9, 'feedbackType': 'EXERCISE_TRAINING_EFFECT_BELOW_2', 'shortFeedback': 'EASY_AEROBIC', 'deviceId': 3423864303, 'activityName': 'Lahti Trail Running', 'activityType': 'trail_running', 'activityId': 18344712281, 'eventUpdateTimeGmt': '2025-02-22T12:11:43'}, {'eventType': 'STRESS', 'eventStartTimeGmt': '2025-02-22T13:58:03', 'timezoneOffset': 7200000, 'durationInMilliseconds': 2880000, 'bodyBatteryImpact': -5, 'feedbackType': 'STRESS', 'shortFeedback': 'STRESSFUL_PERIOD', 'deviceId': 3423864303, 'activityName': None, 'activityType': None, 'activityId': None, 'eventUpdateTimeGmt': '2025-02-22T14:51:00'}, {'eventType': 'STRESS', 'eventStartTimeGmt': '2025-02-22T15:18:18', 'timezoneOffset': 7200000, 'durationInMilliseconds': 5280000, 'bodyBatteryImpact': -7, 'feedbackType': 'STRESS', 'shortFeedback': 'STRESSFUL_PERIOD', 'deviceId': 3423864303, 'activityName': None, 'activityType': None, 'activityId': None, 'eventUpdateTimeGmt': '2025-02-22T16:49:45'}]",15.0,25.0,7.0,20.0,2025-02-22T22:00:00.0,200,2025-02-22
5652846,3639.0,1601.0,2038.0,3639.0,,,4101.0,18540,2500,15590,15590,1601.0,4101.0,5652846,2025-02-23,"{'typeId': 4, 'typeKey': 'groups'}",4db3e3267ec64c9aac9aee03eb6fa556,1500,2025-02-22T22:00:00.0,2025-02-23T00:00:00.0,2025-02-23T22:00:00.0,2025-02-24T00:00:00.0,86400000,,8187,4144,47868,26201,True,True,False,False,40,89,213.995,230.764,70.20833,75.70997,1000,10,58,167,61,60,GARMIN,35,98,35100,29760,13440,7080,85380,19860,10920,4320.0,41.11,34.86,15.74,8.29,23.26,12.79,5.06,BALANCED,52320,25980,,59,163,52,49,49,5,8,43.0,48.0,3.0,1.0,,,,,,30.0,193.0,"{'eventTimestampGmt': '2025-02-23T18:50:00', 'bodyBatteryLevel': 'VERY_LOW', 'feedbackShortType': 'SLEEP_PREPARATION_STRESSFUL_AND_INTENSIVE_EXERCISE', 'feedbackLongType': 'SLEEP_PREPARATION_STRESSFUL_AND_INTENSIVE_EXERCISE_AND_BB_LOW'}","{'eventTimestampGmt': '2025-02-23T21:29:41', 'bodyBatteryLevel': 'LOW', 'feedbackShortType': 'SLEEP_TIME_PASSED_STRESSFUL_AND_INTENSIVE_EXERCISE', 'feedbackLongType': 'SLEEP_TIME_PASSED_STRESSFUL_AND_INTENSIVE_EXERCISE_AND_BB_LOW'}","[{'eventType': 'SLEEP', 'eventStartTimeGmt': '2025-02-22T21:26:43', 'timezoneOffset': 7200000, 'durationInMilliseconds': 23580000, 'bodyBatteryImpact': 43, 'feedbackType': 'NONE', 'shortFeedback': 'NONE', 'deviceId': 3423864303, 'activityName': None, 'activityType': None, 'activityId': None, 'eventUpdateTimeGmt': '2025-02-23T04:09:52'}, {'eventType': 'RECOVERY', 'eventStartTimeGmt': '2025-02-23T06:47:47', 'timezoneOffset': 7200000, 'durationInMilliseconds': 4620000, 'bodyBatteryImpact': 5, 'feedbackType': 'RECOVERY_LONG_BODY_BATTERY_INCREASE', 'shortFeedback': 'LONG_RESTFUL_PERIOD', 'deviceId': 3423864303, 'activityName': None, 'activityType': None, 'activityId': None, 'eventUpdateTimeGmt': '2025-02-23T08:09:25'}, {'eventType': 'ACTIVITY', 'eventStartTimeGmt': '2025-02-23T08:40:26', 'timezoneOffset': 7200000, 'durationInMilliseconds': 2700000, 'bodyBatteryImpact': -6, 'feedbackType': 'EXERCISE_TRAINING_EFFECT_2', 'shortFeedback': 'MAINTAINING_ANAEROBIC_FITNESS', 'deviceId': 3423864303, 'activityName': 'Strength', 'activityType': 'strength_training', 'activityId': 18352212474, 'eventUpdateTimeGmt': '2025-02-23T09:26:22'}, {'eventType': 'ACTIVITY', 'eventStartTimeGmt': '2025-02-23T12:42:26', 'timezoneOffset': 7200000, 'durationInMilliseconds': 3900000, 'bodyBatteryImpact': -8, 'feedbackType': 'EXERCISE_TRAINING_EFFECT_3', 'shortFeedback': 'IMPROVING_AEROBIC_BASE', 'deviceId': 3423864303, 'activityName': 'Helsinki - Long Run', 'activityType': 'trail_running', 'activityId': 18355080563, 'eventUpdateTimeGmt': '2025-02-23T13:48:40'}, {'eventType': 'ACTIVITY', 'eventStartTimeGmt': '2025-02-23T13:58:28', 'timezoneOffset': 7200000, 'durationInMilliseconds': 1500000, 'bodyBatteryImpact': -2, 'feedbackType': 'NONE', 'shortFeedback': 'NONE', 'deviceId': 3423864303, 'activityName': 'Yoga', 'activityType': 'yoga', 'activityId': 18356086041, 'eventUpdateTimeGmt': '2025-02-23T14:24:02'}]",17.0,37.0,7.0,15.0,2025-02-23T22:00:00.0,200,2025-02-23
5652846,2435.0,397.0,2038.0,2435.0,,,2897.0,7257,2500,6031,6031,397.0,2897.0,5652846,2025-02-24,"{'typeId': 4, 'typeKey': 'groups'}",89a6fa986e474771897098af5ae994a4,1500,2025-02-23T22:00:00.0,2025-02-24T00:00:00.0,2025-02-24T22:00:00.0,2025-02-25T00:00:00.0,86400000,,3336,1686,52223,29155,True,True,False,False,11,0,28.483,33.4,9.34482,10.95801,1000,10,54,126,61,61,GARMIN,24,96,18960,45660,8700,11760,85080,14700,3300,960.0,22.28,53.67,10.23,13.82,17.28,3.88,1.13,BALANCED,48180,25140,,58,120,71,34,70,9,32,64.0,69.0,3.0,,,,,,,43.0,35.0,"{'eventTimestampGmt': '2025-02-24T19:04:11', 'bodyBatteryLevel': 'HIGH', 'feedbackShortType': 'SLEEP_PREPARATION_RECOVERING_AND_EXERCISE', 'feedbackLongType': 'SLEEP_PREPARATION_RECOVERING_AND_EXERCISE'}","{'eventTimestampGmt': '2025-02-23T23:45:27', 'bodyBatteryLevel': 'HIGH', 'feedbackShortType': 'SLEEP_TIME_PASSED_STRESSFUL_AND_INTENSIVE_EXERCISE', 'feedbackLongType': 'SLEEP_TIME_PASSED_STRESSFUL_AND_INTENSIVE_EXERCISE'}","[{'eventType': 'SLEEP', 'eventStartTimeGmt': '2025-02-23T20:43:02', 'timezoneOffset': 7200000, 'durationInMilliseconds': 29940000, 'bodyBatteryImpact': 63, 'feedbackType': 'NONE', 'shortFeedback': 'NONE', 'deviceId': 3423864303, 'activityName': None, 'activityType': None, 'activityId': None, 'eventUpdateTimeGmt': '2025-02-24T05:02:10'}, {'eventType': 'RECOVERY', 'eventStartTimeGmt': '2025-02-24T13:59:45', 'timezoneOffset': 7200000, 'durationInMilliseconds': 2220000, 'bodyBatteryImpact': 2, 'feedbackType': 'RECOVERY_BODY_BATTERY_INCREASE', 'shortFeedback': 'BODY_BATTERY_RECHARGE', 'deviceId': 3423864303, 'activityName': None, 'activityType': None, 'activityId': None, 'eventUpdateTimeGmt': '2025-02-24T14:38:15'}, {'eventType': 'ACTIVITY', 'eventStartTimeGmt': '2025-02-24T16:47:29', 'timezoneOffset': 7200000, 'durationInMilliseconds': 1440000, 'bodyBatteryImpact': -2, 'feedbackType': 'NONE', 'shortFeedback': 'NONE', 'deviceId': 3423864303, 'activityName': None, 'activityType': None, 'activityId': None, 'eventUpdateTimeGmt': '2025-02-24T17:12:07'}]",16.0,24.0,7.0,19.0,2025-02-24T21:59:00.0,200,2025-02-24
5652846,2691.0,653.0,2038.0,2691.0,,,3153.0,13476,2500,12113,12113,653.0,3153.0,5652846,2025-02-25,"{'typeId': 4, 'typeKey': 'groups'}",c2dcae97891a400a987fe9d94f27fbc6,1500,2025-02-24T22:00:00.0,2025-02-25T00:00:00.0,2025-02-25T22:00:00.0,2025-02-26T00:00:00.0,86400000,,6727,1690,49676,28307,True,True,False,False,68,0,84.716,82.785,27.79396,27.16043,1000,10,50,126,58,60,GARMIN,24,88,23700,46620,12660,1620,84600,17700,4920,1080.0,28.01,55.11,14.96,1.91,20.92,5.82,1.28,BALANCED,54960,28020,,56,126,69,68,97,29,34,71.0,97.0,3.0,,,,,,,45.0,124.0,"{'eventTimestampGmt': '2025-02-25T18:50:01', 'bodyBatteryLevel': 'HIGH', 'feedbackShortType': 'SLEEP_PREPARATION_RECOVERING_AND_EXERCISE', 'feedbackLongType': 'SLEEP_PREPARATION_RECOVERING_AND_EXERCISE'}","{'eventTimestampGmt': '2025-02-25T21:45:12', 'bodyBatteryLevel': 'HIGH', 'feedbackShortType': 'SLEEP_TIME_PASSED_RECOVERING_AND_EXERCISE', 'feedbackLongType': 'SLEEP_TIME_PASSED_RECOVERING_AND_EXERCISE'}","[{'eventType': 'SLEEP', 'eventStartTimeGmt': '2025-02-24T20:56:07', 'timezoneOffset': 7200000, 'durationInMilliseconds': 28080000, 'bodyBatteryImpact': 71, 'feedbackType': 'NONE', 'shortFeedback': 'NONE', 'deviceId': 3423864303, 'activityName': None, 'activityType': None, 'activityId': None, 'eventUpdateTimeGmt': '2025-02-25T04:45:00'}, {'eventType': 'ACTIVITY', 'eventStartTimeGmt': '2025-02-25T13:06:03', 'timezoneOffset': 7200000, 'durationInMilliseconds': 4020000, 'bodyBatteryImpact': -6, 'feedbackType': 'EXERCISE_TRAINING_EFFECT_2', 'shortFeedback': 'MAINTAINING_AEROBIC_BASE', 'deviceId': 3423864303, 'activityName': 'Helsinki Walking', 'activityType': 'walking', 'activityId': 18372970376, 'eventUpdateTimeGmt': '2025-02-25T14:15:47'}, {'eventType': 'ACTIVITY', 'eventStartTimeGmt': '2025-02-25T17:13:41', 'timezoneOffset': 7200000, 'durationInMilliseconds': 1200000, 'bodyBatteryImpact': -1, 'feedbackType': 'NONE', 'shortFeedback': 'NONE', 'deviceId': 3423864303, 'activityName': 'Yoga', 'activityType': 'yoga', 'activityId': 18374704187, 'eventUpdateTimeGmt': '2025-02-25T17:34:13'}]",15.0,23.0,7.0,20.0,2025-02-25T22:00:00.0,200,2025-02-25
5652846,2775.0,737.0,2038.0,2775.0,,,3237.0,17756,2500,14562,14562,737.0,3237.0,5652846,2025-02-26,"{'typeId': 4, 'typeKey': 'groups'}",f4e9061a594b40a4b87abf834aee5207,1500,2025-02-25T22:00:00.0,2025-02-26T00:00:00.0,2025-02-26T22:00:00.0,2025-02-27T00:00:00.0,86400000,,3722,8380,44757,29541,True,True,False,False,114,1,164.818,163.484,54.07415,53.63648,1000,10,51,121,56,60,GARMIN,18,85,8940,56280,18600,1260,85080,6900,1800,240.0,10.51,66.15,21.86,1.48,8.11,2.12,0.28,CALM,57780,26040,,53,115,73,58,98,34,49,,,3.0,,,,,,,29.0,218.0,"{'eventTimestampGmt': '2025-02-26T18:50:00', 'bodyBatteryLevel': 'HIGH', 'feedbackShortType': 'SLEEP_PREPARATION_RECOVERING_AND_EXERCISE', 'feedbackLongType': 'SLEEP_PREPARATION_RECOVERING_AND_EXERCISE'}",,"[{'eventType': 'SLEEP', 'eventStartTimeGmt': '2025-02-25T20:53:13', 'timezoneOffset': 7200000, 'durationInMilliseconds': 30120000, 'bodyBatteryImpact': 69, 'feedbackType': 'NONE', 'shortFeedback': 'NONE', 'deviceId': 3423864303, 'activityName': None, 'activityType': None, 'activityId': None, 'eventUpdateTimeGmt': '2025-02-26T05:15:20'}, {'eventType': 'RECOVERY', 'eventStartTimeGmt': '2025-02-26T07:23:30', 'timezoneOffset': 7200000, 'durationInMilliseconds': 2280000, 'bodyBatteryImpact': -1, 'feedbackType': 'RECOVERY_BODY_BATTERY_NOT_INCREASE', 'shortFeedback': 'RESTFUL_PERIOD', 'deviceId': 3423864303, 'activityName': None, 'activityType': None, 'activityId': None, 'eventUpdateTimeGmt': '2025-02-26T08:05:20'}, {'eventType': 'ACTIVITY', 'eventStartTimeGmt': '2025-02-26T09:02:34', 'timezoneOffset': 7200000, 'durationInMilliseconds': 2820000, 'bodyBatteryImpact': -6, 'feedbackType': 'EXERCISE_TRAINING_EFFECT_BELOW_2', 'shortFeedback': 'EASY_RECOVERY', 'deviceId': 3423864303, 'activityName': 'Helsinki Walking', 'activityType': 'walking', 'activityId': 18380420651, 'eventUpdateTimeGmt': '2025-02-26T09:50:21'}, {'eventType': 'RECOVERY', 'eventStartTimeGmt': '2025-02-26T11:56:51', 'timezoneOffset': 7200000, 'durationInMilliseconds': 3180000, 'bodyBatteryImpact': 0, 'feedbackType': 'RECOVERY_BODY_BATTERY_NOT_INCREASE', 'shortFeedback': 'RESTFUL_PERIOD', 'deviceId': 3423864303, 'activityName': None, 'activityType': None, 'activityId': None, 'eventUpdateTimeGmt': '2025-02-26T12:52:49'}, {'eventType': 'ACTIVITY', 'eventStartTimeGmt': '2025-02-26T14:04:23', 'timezoneOffset': 7200000, 'durationInMilliseconds': 6240000, 'bodyBatteryImpact': -11, 'feedbackType': 'EXERCISE_TRAINING_EFFECT_BELOW_2', 'shortFeedback': 'EASY_RECOVERY', 'deviceId': 3423864303, 'activityName': 'Helsinki Walking', 'activityType': 'walking', 'activityId': 18383156450, 'eventUpdateTimeGmt': '2025-02-26T15:50:51'}, {'eventType': 'ACTIVITY', 'eventStartTimeGmt': '2025-02-26T17:44:43', 'timezoneOffset': 7200000, 'durationInMilliseconds': 1200000, 'bodyBatteryImpact': -2, 'feedbackType': 'NONE', 'shortFeedback': 'NONE', 'deviceId': 3423864303, 'activityName': 'Yoga', 'activityType': 'yoga', 'activityId': 18389286653, 'eventUpdateTimeGmt': '2025-02-26T18:04:52'}]",14.0,26.0,6.0,11.0,2025-02-26T22:00:00.0,200,2025-02-26
5652846,2206.0,168.0,2038.0,2206.0,,,2668.0,4670,2500,3851,3851,168.0,2668.0,5652846,2025-02-27,"{'typeId': 4, 'typeKey': 'groups'}",3538fc38cf88458eaa6f6c6725074677,1500,2025-02-26T22:00:00.0,2025-02-27T00:00:00.0,2025-02-27T22:00:00.0,2025-02-28T00:00:00.0,86400000,,2476,1719,56081,26124,True,False,False,False,0,0,18.288,26.929,6.0,8.83497,1000,10,41,108,57,59,GARMIN,16,95,6960,69600,7200,960,84720,5220,1320,420.0,8.22,82.15,8.5,1.13,6.16,1.56,0.5,CALM,63120,20640,,48,107,60,53,98,49,56,,,3.0,,,,,,,29.0,,"{'eventTimestampGmt': '2025-02-27T18:50:00', 'bodyBatteryLevel': 'HIGH', 'feedbackShortType': 'SLEEP_PREPARATION_RECOVERING_AND_INACTIVE', 'feedbackLongType': 'SLEEP_PREPARATION_RECOVERING_AND_INACTIVE'}","{'eventTimestampGmt': '2025-02-27T20:49:09', 'bodyBatteryLevel': 'HIGH', 'feedbackShortType': 'SLEEP_TIME_PASSED_RECOVERING_AND_INACTIVE', 'feedbackLongType': 'SLEEP_TIME_PASSED_RECOVERING_AND_INACTIVE'}","[{'eventType': 'SLEEP', 'eventStartTimeGmt': '2025-02-26T21:02:52', 'timezoneOffset': 7200000, 'durationInMilliseconds': 24360000, 'bodyBatteryImpact': 54, 'feedbackType': 'NONE', 'shortFeedback': 'NONE', 'deviceId': 3423864303, 'activityName': None, 'activityType': None, 'activityId': None, 'eventUpdateTimeGmt': '2025-02-27T04:23:28'}, {'eventType': 'RECOVERY', 'eventStartTimeGmt': '2025-02-27T05:45:53', 'timezoneOffset': 7200000, 'durationInMilliseconds': 2460000, 'bodyBatteryImpact': -1, 'feedbackType': 'RECOVERY_BODY_BATTERY_NOT_INCREASE', 'shortFeedback': 'RESTFUL_PERIOD', 'deviceId': 3423864303, 'activityName': None, 'activityType': None, 'activityId': None, 'eventUpdateTimeGmt': '2025-02-27T06:31:35'}, {'eventType': 'RECOVERY', 'eventStartTimeGmt': '2025-02-27T06:33:03', 'timezoneOffset': 7200000, 'durationInMilliseconds': 4680000, 'bodyBatteryImpact': -2, 'feedbackType': 'RECOVERY_LONG_BODY_BATTERY_NOT_INCREASE', 'shortFeedback': 'LONG_RESTFUL_PERIOD', 'deviceId': 3423864303, 'activityName': None, 'activityType': None, 'activityId': None, 'eventUpdateTimeGmt': '2025-02-27T07:54:50'}, {'eventType': 'RECOVERY', 'eventStartTimeGmt': '2025-02-27T07:59:13', 'timezoneOffset': 7200000, 'durationInMilliseconds': 3000000, 'bodyBatteryImpact': 2, 'feedbackType': 'RECOVERY_BODY_BATTERY_INCREASE', 'shortFeedback': 'BODY_BATTERY_RECHARGE', 'deviceId': 3423864303, 'activityName': None, 'activityType': None, 'activityId': None, 'eventUpdateTimeGmt': '2025-02-27T08:53:13'}, {'eventType': 'NAP', 'eventStartTimeGmt': '2025-02-27T10:10:28', 'timezoneOffset': 7200000, 'durationInMilliseconds': 1140000, 'bodyBatteryImpact': 2, 'feedbackType': 'NAP_RECOVERING_BODY_BATTERY_INCREASE', 'shortFeedback': 'RESTFUL_NAP', 'deviceId': 3423864303, 'activityName': None, 'activityType': None, 'activityId': None, 'eventUpdateTimeGmt': '2025-02-27T10:29:45'}, {'eventType': 'RECOVERY', 'eventStartTimeGmt': '2025-02-27T10:56:43', 'timezoneOffset': 7200000, 'durationInMilliseconds': 8820000, 'bodyBatteryImpact': -5, 'feedbackType': 'RECOVERY_LONG_BODY_BATTERY_NOT_INCREASE', 'shortFeedback': 'LONG_RESTFUL_PERIOD', 'deviceId': 3423864303, 'activityName': None, 'activityType': None, 'activityId': None, 'eventUpdateTimeGmt': '2025-02-27T13:27:33'}, {'eventType': 'RECOVERY', 'eventStartTimeGmt': '2025-02-27T16:55:23', 'timezoneOffset': 7200000, 'durationInMilliseconds': 3300000, 'bodyBatteryImpact': -2, 'feedbackType': 'RECOVERY_BODY_BATTERY_NOT_INCREASE', 'shortFeedback': 'RESTFUL_PERIOD', 'deviceId': 3423864303, 'activityName': None, 'activityType': None, 'activityId': None, 'eventUpdateTimeGmt': '2025-02-27T17:53:30'}]",14.0,24.0,6.0,17.0,2025-02-27T22:00:00.0,200,2025-02-27
5652846,2560.0,522.0,2038.0,2560.0,,,3022.0,9268,2500,7832,7832,522.0,3022.0,5652846,2025-02-28,"{'typeId': 4, 'typeKey': 'groups'}",8253b5822a0d47688f41291313186c0e,1500,2025-02-27T22:00:00.0,2025-02-28T00:00:00.0,2025-02-28T22:00:00.0,2025-03-01T00:00:00.0,86400000,,2726,5869,53237,24568,True,True,False,False,24,9,31.506,59.811,10.33661,19.62303,1000,10,49,139,55,58,GARMIN,25,93,22920,42420,16620,2520,84480,14160,7200,1560.0,27.13,50.21,19.67,2.98,16.76,8.52,1.85,BALANCED,57480,24480,,50,139,46,80,100,22,22,,,3.0,,,,,,,16.0,57.0,"{'eventTimestampGmt': '2025-02-28T21:02:51', 'bodyBatteryLevel': 'MODERATE', 'feedbackShortType': 'SLEEP_PREPARATION_RECOVERING_AND_EXERCISE', 'feedbackLongType': 'SLEEP_PREPARATION_RECOVERING_AND_EXERCISE'}","{'eventTimestampGmt': '2025-02-28T21:49:37', 'bodyBatteryLevel': 'MODERATE', 'feedbackShortType': 'SLEEP_TIME_PASSED_RECOVERING_AND_EXERCISE', 'feedbackLongType': 'SLEEP_TIME_PASSED_RECOVERING_AND_EXERCISE'}","[{'eventType': 'SLEEP', 'eventStartTimeGmt': '2025-02-27T20:49:28', 'timezoneOffset': 7200000, 'durationInMilliseconds': 28800000, 'bodyBatteryImpact': 47, 'feedbackType': 'NONE', 'shortFeedback': 'NONE', 'deviceId': 3423864303, 'activityName': None, 'activityType': None, 'activityId': None, 'eventUpdateTimeGmt': '2025-02-28T04:49:29'}, {'eventType': 'RECOVERY', 'eventStartTimeGmt': '2025-02-28T07:24:54', 'timezoneOffset': 7200000, 'durationInMilliseconds': 3000000, 'bodyBatteryImpact': -1, 'feedbackType': 'RECOVERY_BODY_BATTERY_NOT_INCREASE', 'shortFeedback': 'RESTFUL_PERIOD', 'deviceId': 3423864303, 'activityName': None, 'activityType': None, 'activityId': None, 'eventUpdateTimeGmt': '2025-02-28T08:18:15'}, {'eventType': 'RECOVERY', 'eventStartTimeGmt': '2025-02-28T08:24:19', 'timezoneOffset': 7200000, 'durationInMilliseconds': 3360000, 'bodyBatteryImpact': 2, 'feedbackType': 'RECOVERY_BODY_BATTERY_INCREASE', 'shortFeedback': 'BODY_BATTERY_RECHARGE', 'deviceId': 3423864303, 'activityName': None, 'activityType': None, 'activityId': None, 'eventUpdateTimeGmt': '2025-02-28T09:24:05'}, {'eventType': 'ACTIVITY', 'eventStartTimeGmt': '2025-02-28T13:45:52', 'timezoneOffset': 7200000, 'durationInMilliseconds': 2400000, 'bodyBatteryImpact': -6, 'feedbackType': 'EXERCISE_TRAINING_EFFECT_BELOW_2', 'shortFeedback': 'MINOR_ANAEROBIC_EFFECT', 'deviceId': 3423864303, 'activityName': 'Strength', 'activityType': 'strength_training', 'activityId': 18403005012, 'eventUpdateTimeGmt': '2025-02-28T14:26:25'}]",14.0,23.0,7.0,16.0,2025-02-28T22:00:00.0,200,2025-02-28
5652846,3943.0,1905.0,2038.0,3943.0,,,4405.0,26045,2500,22596,22596,1905.0,4405.0,5652846,2025-03-01,"{'typeId': 4, 'typeKey': 'groups'}",ce8f423c3ff94ec9bdc94d5feb80200f,1500,2025-02-28T22:00:00.0,2025-03-01T00:00:00.0,2025-03-01T22:00:00.0,2025-03-02T00:00:00.0,86400000,,11829,9587,47531,17453,True,True,False,False,74,99,429.768,428.926,141.0,140.72375,1000,10,56,185,60,58,GARMIN,38,96,37440,20400,11100,15060,84000,23820,8220,5400.0,44.57,24.29,13.21,17.93,28.36,9.79,6.43,STRESSFUL,52200,16740,,57,178,34,51,56,5,5,30.0,56.0,3.0,2.0,,,,,,37.0,249.0,"{'eventTimestampGmt': '2025-03-01T18:50:01', 'bodyBatteryLevel': 'VERY_LOW', 'feedbackShortType': 'SLEEP_PREPARATION_STRESSFUL_AND_INTENSIVE_EXERCISE', 'feedbackLongType': 'SLEEP_PREPARATION_STRESSFUL_AND_INTENSIVE_EXERCISE_AND_BB_LOW'}","{'eventTimestampGmt': '2025-03-01T21:37:41', 'bodyBatteryLevel': 'VERY_LOW', 'feedbackShortType': 'SLEEP_TIME_PASSED_STRESSFUL_AND_INTENSIVE_EXERCISE', 'feedbackLongType': 'SLEEP_TIME_PASSED_STRESSFUL_AND_INTENSIVE_EXERCISE_AND_BB_LOW'}","[{'eventType': 'SLEEP', 'eventStartTimeGmt': '2025-02-28T23:58:25', 'timezoneOffset': 7200000, 'durationInMilliseconds': 16740000, 'bodyBatteryImpact': 28, 'feedbackType': 'NONE', 'shortFeedback': 'NONE', 'deviceId': 3423864303, 'activityName': None, 'activityType': None, 'activityId': None, 'eventUpdateTimeGmt': '2025-03-01T04:44:58'}, {'eventType': 'ACTIVITY', 'eventStartTimeGmt': '2025-03-01T09:00:03', 'timezoneOffset': 7200000, 'durationInMilliseconds': 10500000, 'bodyBatteryImpact': -19, 'feedbackType': 'EXERCISE_TRAINING_EFFECT_4_GOOD_TIMING', 'shortFeedback': 'HIGHLY_IMPROVING_LACTATE_THRESHOLD', 'deviceId': 3423864303, 'activityName': 'Espoo Trail Running', 'activityType': 'trail_running', 'activityId': 18408046596, 'eventUpdateTimeGmt': '2025-03-01T12:03:07'}]",20.0,45.0,7.0,19.0,2025-03-01T22:00:00.0,200,2025-03-01
5652846,2575.0,537.0,2038.0,2575.0,,,3037.0,14697,2500,11894,11894,537.0,3037.0,5652846,2025-03-02,"{'typeId': 4, 'typeKey': 'groups'}",174a90898760405a9e1b767e5cbb6f04,1500,2025-03-01T22:00:00.0,2025-03-02T00:00:00.0,2025-03-02T22:00:00.0,2025-03-03T00:00:00.0,86400000,,5742,3603,49801,27254,True,True,False,False,60,2,140.697,137.662,46.16043,45.1647,1000,10,56,133,60,58,GARMIN,21,93,14340,51360,15720,4200,85620,12720,1320,300.0,16.75,59.99,18.36,4.91,14.86,1.54,0.35,CALM,62040,19380,,58,129,66,34,58,5,37,36.0,41.0,3.0,,,,,,,36.0,86.0,"{'eventTimestampGmt': '2025-03-02T18:50:00', 'bodyBatteryLevel': 'HIGH', 'feedbackShortType': 'SLEEP_PREPARATION_RECOVERING_AND_EXERCISE', 'feedbackLongType': 'SLEEP_PREPARATION_RECOVERING_AND_EXERCISE'}","{'eventTimestampGmt': '2025-03-02T20:46:17', 'bodyBatteryLevel': 'HIGH', 'feedbackShortType': 'SLEEP_TIME_PASSED_RECOVERING_AND_EXERCISE', 'feedbackLongType': 'SLEEP_TIME_PASSED_RECOVERING_AND_EXERCISE'}","[{'eventType': 'SLEEP', 'eventStartTimeGmt': '2025-03-01T21:48:07', 'timezoneOffset': 7200000, 'durationInMilliseconds': 21480000, 'bodyBatteryImpact': 36, 'feedbackType': 'NONE', 'shortFeedback': 'NONE', 'deviceId': 3423864303, 'activityName': None, 'activityType': None, 'activityId': None, 'eventUpdateTimeGmt': '2025-03-02T04:06:30'}, {'eventType': 'NAP', 'eventStartTimeGmt': '2025-03-02T05:58:28', 'timezoneOffset': 7200000, 'durationInMilliseconds': 1740000, 'bodyBatteryImpact': 2, 'feedbackType': 'NAP_RECOVERING_BODY_BATTERY_INCREASE', 'shortFeedback': 'RESTFUL_NAP', 'deviceId': 3423864303, 'activityName': None, 'activityType': None, 'activityId': None, 'eventUpdateTimeGmt': '2025-03-02T06:50:50'}, {'eventType': 'ACTIVITY', 'eventStartTimeGmt': '2025-03-02T09:17:32', 'timezoneOffset': 7200000, 'durationInMilliseconds': 3600000, 'bodyBatteryImpact': -6, 'feedbackType': 'EXERCISE_TRAINING_EFFECT_BELOW_2', 'shortFeedback': 'EASY_RECOVERY', 'deviceId': 3423864303, 'activityName': 'Helsinki Walking', 'activityType': 'walking', 'activityId': 18420314032, 'eventUpdateTimeGmt': '2025-03-02T10:18:53'}, {'eventType': 'RECOVERY', 'eventStartTimeGmt': '2025-03-02T14:53:28', 'timezoneOffset': 7200000, 'durationInMilliseconds': 3120000, 'bodyBatteryImpact': 0, 'feedbackType': 'RECOVERY_BODY_BATTERY_NOT_INCREASE', 'shortFeedback': 'RESTFUL_PERIOD', 'deviceId': 3423864303, 'activityName': None, 'activityType': None, 'activityId': None, 'eventUpdateTimeGmt': '2025-03-02T15:48:45'}]",16.0,25.0,7.0,12.0,2025-03-02T22:00:00.0,200,2025-03-02
5652846,2394.0,356.0,2038.0,2394.0,,,2856.0,9925,2500,8803,8803,356.0,2856.0,5652846,2025-03-03,"{'typeId': 4, 'typeKey': 'groups'}",9486f74f2e47402eba237edd419a7a25,1500,2025-03-02T22:00:00.0,2025-03-03T00:00:00.0,2025-03-03T22:00:00.0,2025-03-04T00:00:00.0,86400000,,4970,1249,52613,27568,True,True,False,False,39,0,74.165,93.312,24.33235,30.61417,1000,10,48,117,55,57,GARMIN,12,90,4980,66120,12900,2220,86220,4260,420,300.0,5.78,76.69,14.96,2.57,4.94,0.49,0.35,CALM,57720,26280,,50,116,70,51,98,37,56,70.0,98.0,3.0,,,,,,,35.0,90.0,"{'eventTimestampGmt': '2025-03-03T18:50:01', 'bodyBatteryLevel': 'HIGH', 'feedbackShortType': 'SLEEP_PREPARATION_RECOVERING_AND_EXERCISE', 'feedbackLongType': 'SLEEP_PREPARATION_RECOVERING_AND_EXERCISE'}",,"[{'eventType': 'SLEEP', 'eventStartTimeGmt': '2025-03-02T20:40:53', 'timezoneOffset': 7200000, 'durationInMilliseconds': 31080000, 'bodyBatteryImpact': 70, 'feedbackType': 'NONE', 'shortFeedback': 'NONE', 'deviceId': 3423864303, 'activityName': None, 'activityType': None, 'activityId': None, 'eventUpdateTimeGmt': '2025-03-03T05:19:31'}, {'eventType': 'RECOVERY', 'eventStartTimeGmt': '2025-03-03T07:48:26', 'timezoneOffset': 7200000, 'durationInMilliseconds': 4440000, 'bodyBatteryImpact': 3, 'feedbackType': 'RECOVERY_LONG_BODY_BATTERY_INCREASE', 'shortFeedback': 'LONG_RESTFUL_PERIOD', 'deviceId': 3423864303, 'activityName': None, 'activityType': None, 'activityId': None, 'eventUpdateTimeGmt': '2025-03-03T09:06:36'}, {'eventType': 'ACTIVITY', 'eventStartTimeGmt': '2025-03-03T13:28:40', 'timezoneOffset': 7200000, 'durationInMilliseconds': 2400000, 'bodyBatteryImpact': -6, 'feedbackType': 'EXERCISE_TRAINING_EFFECT_BELOW_2', 'shortFeedback': 'EASY_RECOVERY', 'deviceId': 3423864303, 'activityName': 'Helsinki Walking', 'activityType': 'walking', 'activityId': 18427257895, 'eventUpdateTimeGmt': '2025-03-03T14:11:17'}, {'eventType': 'RECOVERY', 'eventStartTimeGmt': '2025-03-03T16:50:56', 'timezoneOffset': 7200000, 'durationInMilliseconds': 1860000, 'bodyBatteryImpact': -1, 'feedbackType': 'RECOVERY_BODY_BATTERY_NOT_INCREASE', 'shortFeedback': 'RESTFUL_PERIOD', 'deviceId': 3423864303, 'activityName': None, 'activityType': None, 'activityId': None, 'eventUpdateTimeGmt': '2025-03-03T17:22:51'}, {'eventType': 'ACTIVITY', 'eventStartTimeGmt': '2025-03-03T17:22:51', 'timezoneOffset': 7200000, 'durationInMilliseconds': 1380000, 'bodyBatteryImpact': -3, 'feedbackType': 'NONE', 'shortFeedback': 'NONE', 'deviceId': 3423864303, 'activityName': None, 'activityType': None, 'activityId': None, 'eventUpdateTimeGmt': '2025-03-03T17:46:03'}]",14.0,23.0,7.0,17.0,2025-03-03T22:00:00.0,200,2025-03-03
5652846,2726.0,688.0,2038.0,2726.0,,,3188.0,12064,2500,10517,10517,688.0,3188.0,5652846,2025-03-04,"{'typeId': 4, 'typeKey': 'groups'}",bf30926a7b4547a688a5c4360828f730,1500,2025-03-03T22:00:00.0,2025-03-04T00:00:00.0,2025-03-04T22:00:00.0,2025-03-05T00:00:00.0,86400000,,6096,1435,54094,24775,True,True,False,False,17,35,152.709,171.928,50.10138,56.40682,1000,10,38,161,55,57,GARMIN,21,96,15240,55620,9060,6240,86160,9780,3960,1500.0,17.69,64.55,10.52,7.24,11.35,4.6,1.74,CALM,55260,24660,,40,156,44,66,98,34,34,44.0,98.0,3.0,,,,,,,30.0,91.0,"{'eventTimestampGmt': '2025-03-04T18:50:01', 'bodyBatteryLevel': 'HIGH', 'feedbackShortType': 'SLEEP_PREPARATION_RECOVERING_AND_EXERCISE', 'feedbackLongType': 'SLEEP_PREPARATION_RECOVERING_AND_EXERCISE'}","{'eventTimestampGmt': '2025-03-04T21:48:12', 'bodyBatteryLevel': 'HIGH', 'feedbackShortType': 'SLEEP_TIME_PASSED_RECOVERING_AND_EXERCISE', 'feedbackLongType': 'SLEEP_TIME_PASSED_RECOVERING_AND_EXERCISE'}","[{'eventType': 'SLEEP', 'eventStartTimeGmt': '2025-03-03T21:40:03', 'timezoneOffset': 7200000, 'durationInMilliseconds': 25680000, 'bodyBatteryImpact': 45, 'feedbackType': 'NONE', 'shortFeedback': 'NONE', 'deviceId': 3423864303, 'activityName': None, 'activityType': None, 'activityId': None, 'eventUpdateTimeGmt': '2025-03-04T04:49:56'}, {'eventType': 'RECOVERY', 'eventStartTimeGmt': '2025-03-04T07:19:56', 'timezoneOffset': 7200000, 'durationInMilliseconds': 2340000, 'bodyBatteryImpact': 2, 'feedbackType': 'RECOVERY_BODY_BATTERY_INCREASE', 'shortFeedback': 'BODY_BATTERY_RECHARGE', 'deviceId': 3423864303, 'activityName': None, 'activityType': None, 'activityId': None, 'eventUpdateTimeGmt': '2025-03-04T08:01:50'}, {'eventType': 'ACTIVITY', 'eventStartTimeGmt': '2025-03-04T13:19:28', 'timezoneOffset': 7200000, 'durationInMilliseconds': 2640000, 'bodyBatteryImpact': -9, 'feedbackType': 'EXERCISE_TRAINING_EFFECT_2', 'shortFeedback': 'MAINTAINING_AEROBIC_BASE', 'deviceId': 3423864303, 'activityName': 'Helsinki - Base', 'activityType': 'running', 'activityId': 18436295294, 'eventUpdateTimeGmt': '2025-03-04T14:06:13'}, {'eventType': 'ACTIVITY', 'eventStartTimeGmt': '2025-03-04T14:22:01', 'timezoneOffset': 7200000, 'durationInMilliseconds': 1980000, 'bodyBatteryImpact': -5, 'feedbackType': 'NONE', 'shortFeedback': 'NONE', 'deviceId': 3423864303, 'activityName': 'Yoga', 'activityType': 'yoga', 'activityId': 18436699544, 'eventUpdateTimeGmt': '2025-03-04T14:55:09'}]",14.0,41.0,7.0,18.0,2025-03-04T22:00:00.0,200,2025-03-04
5652846,2378.0,340.0,2038.0,2378.0,,,2840.0,8434,2500,7783,7783,340.0,2840.0,5652846,2025-03-05,"{'typeId': 4, 'typeKey': 'groups'}",1d1d59dec8ff48a38409f6421de7a932,1500,2025-03-04T22:00:00.0,2025-03-05T00:00:00.0,2025-03-05T22:00:00.0,2025-03-06T00:00:00.0,86400000,,4109,1418,50066,30807,True,True,False,False,33,1,50.291,53.48,16.49967,17.54593,1000,10,51,111,56,57,GARMIN,23,88,18120,54720,10380,1680,84900,14520,3300,300.0,21.34,64.45,12.23,1.98,17.1,3.89,0.35,CALM,57660,25560,,53,111,56,53,82,33,37,48.0,82.0,3.0,,,,,,,54.0,73.0,"{'eventTimestampGmt': '2025-03-05T18:50:00', 'bodyBatteryLevel': 'HIGH', 'feedbackShortType': 'SLEEP_PREPARATION_RECOVERING_AND_EXERCISE', 'feedbackLongType': 'SLEEP_PREPARATION_RECOVERING_AND_EXERCISE'}",,"[{'eventType': 'SLEEP', 'eventStartTimeGmt': '2025-03-04T21:55:08', 'timezoneOffset': 7200000, 'durationInMilliseconds': 26100000, 'bodyBatteryImpact': 48, 'feedbackType': 'NONE', 'shortFeedback': 'NONE', 'deviceId': 3423864303, 'activityName': None, 'activityType': None, 'activityId': None, 'eventUpdateTimeGmt': '2025-03-05T05:10:16'}, {'eventType': 'RECOVERY', 'eventStartTimeGmt': '2025-03-05T07:38:01', 'timezoneOffset': 7200000, 'durationInMilliseconds': 4080000, 'bodyBatteryImpact': 0, 'feedbackType': 'RECOVERY_LONG_BODY_BATTERY_NOT_INCREASE', 'shortFeedback': 'LONG_RESTFUL_PERIOD', 'deviceId': 3423864303, 'activityName': None, 'activityType': None, 'activityId': None, 'eventUpdateTimeGmt': '2025-03-05T08:50:25'}, {'eventType': 'RECOVERY', 'eventStartTimeGmt': '2025-03-05T08:50:36', 'timezoneOffset': 7200000, 'durationInMilliseconds': 3480000, 'bodyBatteryImpact': 1, 'feedbackType': 'RECOVERY_BODY_BATTERY_INCREASE', 'shortFeedback': 'BODY_BATTERY_RECHARGE', 'deviceId': 3423864303, 'activityName': None, 'activityType': None, 'activityId': None, 'eventUpdateTimeGmt': '2025-03-05T09:51:35'}, {'eventType': 'ACTIVITY', 'eventStartTimeGmt': '2025-03-05T14:34:02', 'timezoneOffset': 7200000, 'durationInMilliseconds': 1860000, 'bodyBatteryImpact': -3, 'feedbackType': 'EXERCISE_TRAINING_EFFECT_BELOW_2', 'shortFeedback': 'EASY_RECOVERY', 'deviceId': 3423864303, 'activityName': 'Helsinki Walking', 'activityType': 'walking', 'activityId': 18446410517, 'eventUpdateTimeGmt': '2025-03-05T15:07:13'}, {'eventType': 'ACTIVITY', 'eventStartTimeGmt': '2025-03-05T15:32:25', 'timezoneOffset': 7200000, 'durationInMilliseconds': 1200000, 'bodyBatteryImpact': -3, 'feedbackType': 'NONE', 'shortFeedback': 'NONE', 'deviceId': 3423864303, 'activityName': 'Yoga', 'activityType': 'yoga', 'activityId': 18446755736, 'eventUpdateTimeGmt': '2025-03-05T15:52:41'}]",15.0,25.0,7.0,18.0,2025-03-05T22:00:00.0,200,2025-03-05
5652846,2794.0,756.0,2038.0,2794.0,,,3256.0,12926,2500,14752,14752,756.0,3256.0,5652846,2025-03-06,"{'typeId': 4, 'typeKey': 'groups'}",5d68b27d205a43f1a7f659c50fc9f394,1500,2025-03-05T22:00:00.0,2025-03-06T00:00:00.0,2025-03-06T22:00:00.0,2025-03-07T00:00:00.0,86400000,,5284,4242,51537,25337,True,True,False,False,70,5,45.847,50.572,15.04167,16.59186,1000,10,50,146,57,57,GARMIN,23,96,14400,40140,16680,13800,85020,11520,2460,420.0,16.94,47.21,19.62,16.23,13.55,2.89,0.49,BALANCED,45960,25260,,55,136,55,61,88,29,31,54.0,87.0,3.0,,,,,,,22.0,131.0,"{'eventTimestampGmt': '2025-03-06T20:43:01', 'bodyBatteryLevel': 'HIGH', 'feedbackShortType': 'SLEEP_PREPARATION_RECOVERING_AND_EXERCISE', 'feedbackLongType': 'SLEEP_PREPARATION_RECOVERING_AND_EXERCISE'}","{'eventTimestampGmt': '2025-03-06T21:20:52', 'bodyBatteryLevel': 'HIGH', 'feedbackShortType': 'SLEEP_TIME_PASSED_RECOVERING_AND_EXERCISE', 'feedbackLongType': 'SLEEP_TIME_PASSED_RECOVERING_AND_EXERCISE'}","[{'eventType': 'SLEEP', 'eventStartTimeGmt': '2025-03-05T20:36:41', 'timezoneOffset': 7200000, 'durationInMilliseconds': 27840000, 'bodyBatteryImpact': 54, 'feedbackType': 'NONE', 'shortFeedback': 'NONE', 'deviceId': 3423864303, 'activityName': None, 'activityType': None, 'activityId': None, 'eventUpdateTimeGmt': '2025-03-06T05:05:12'}, {'eventType': 'RECOVERY', 'eventStartTimeGmt': '2025-03-06T07:40:12', 'timezoneOffset': 7200000, 'durationInMilliseconds': 2460000, 'bodyBatteryImpact': 0, 'feedbackType': 'RECOVERY_BODY_BATTERY_NOT_INCREASE', 'shortFeedback': 'RESTFUL_PERIOD', 'deviceId': 3423864303, 'activityName': None, 'activityType': None, 'activityId': None, 'eventUpdateTimeGmt': '2025-03-06T08:23:32'}, {'eventType': 'RECOVERY', 'eventStartTimeGmt': '2025-03-06T08:26:37', 'timezoneOffset': 7200000, 'durationInMilliseconds': 4500000, 'bodyBatteryImpact': 2, 'feedbackType': 'RECOVERY_LONG_BODY_BATTERY_INCREASE', 'shortFeedback': 'LONG_RESTFUL_PERIOD', 'deviceId': 3423864303, 'activityName': None, 'activityType': None, 'activityId': None, 'eventUpdateTimeGmt': '2025-03-06T09:46:00'}, {'eventType': 'ACTIVITY', 'eventStartTimeGmt': '2025-03-06T10:23:25', 'timezoneOffset': 7200000, 'durationInMilliseconds': 16020000, 'bodyBatteryImpact': -16, 'feedbackType': 'EXERCISE_TRAINING_EFFECT_BELOW_2', 'shortFeedback': 'EASY_RECOVERY', 'deviceId': 3423864303, 'activityName': 'Helsinki Walking', 'activityType': 'walking', 'activityId': 18455567873, 'eventUpdateTimeGmt': '2025-03-06T14:51:25'}, {'eventType': 'ACTIVITY', 'eventStartTimeGmt': '2025-03-06T14:58:01', 'timezoneOffset': 7200000, 'durationInMilliseconds': 3120000, 'bodyBatteryImpact': -6, 'feedbackType': 'EXERCISE_TRAINING_EFFECT_BELOW_2', 'shortFeedback': 'MINOR_ANAEROBIC_EFFECT', 'deviceId': 3423864303, 'activityName': 'Strength', 'activityType': 'strength_training', 'activityId': 18456078878, 'eventUpdateTimeGmt': '2025-03-06T15:50:24'}]",15.0,27.0,8.0,18.0,2025-03-06T22:00:00.0,200,2025-03-06
5652846,3739.0,1701.0,2038.0,3739.0,,,4201.0,15103,2500,42485,12485,1701.0,4201.0,5652846,2025-03-07,"{'typeId': 4, 'typeKey': 'groups'}",1c3cf2687421479a832c9586d3ae2d46,1500,2025-03-06T22:00:00.0,2025-03-07T00:00:00.0,2025-03-07T22:00:00.0,2025-03-08T00:00:00.0,86400000,,8007,3833,51976,22584,True,True,False,False,93,75,73.152,82.976,24.0,27.2231,1000,10,51,173,57,57,GARMIN,32,99,23640,35220,10380,16680,85920,10680,9420,3540.0,27.51,40.99,12.08,19.41,12.43,10.96,4.12,BALANCED,46740,22500,,54,172,55,78,84,8,8,53.0,82.0,3.0,,,,,,,27.0,267.0,"{'eventTimestampGmt': '2025-03-07T20:12:35', 'bodyBatteryLevel': 'LOW', 'feedbackShortType': 'SLEEP_PREPARATION_BALANCED_AND_INTENSIVE_EXERCISE', 'feedbackLongType': 'SLEEP_PREPARATION_BALANCED_AND_INTENSIVE_EXERCISE_AND_BB_LOW'}","{'eventTimestampGmt': '2025-03-07T21:16:35', 'bodyBatteryLevel': 'LOW', 'feedbackShortType': 'SLEEP_TIME_PASSED_BALANCED_AND_INTENSIVE_EXERCISE', 'feedbackLongType': 'SLEEP_TIME_PASSED_BALANCED_AND_INTENSIVE_EXERCISE_AND_BB_LOW'}","[{'eventType': 'SLEEP', 'eventStartTimeGmt': '2025-03-06T21:18:24', 'timezoneOffset': 7200000, 'durationInMilliseconds': 25080000, 'bodyBatteryImpact': 52, 'feedbackType': 'NONE', 'shortFeedback': 'NONE', 'deviceId': 3423864303, 'activityName': None, 'activityType': None, 'activityId': None, 'eventUpdateTimeGmt': '2025-03-07T04:55:03'}, {'eventType': 'RECOVERY', 'eventStartTimeGmt': '2025-03-07T08:04:28', 'timezoneOffset': 7200000, 'durationInMilliseconds': 2760000, 'bodyBatteryImpact': 1, 'feedbackType': 'RECOVERY_BODY_BATTERY_INCREASE', 'shortFeedback': 'BODY_BATTERY_RECHARGE', 'deviceId': 3423864303, 'activityName': None, 'activityType': None, 'activityId': None, 'eventUpdateTimeGmt': '2025-03-07T08:55:15'}, {'eventType': 'ACTIVITY', 'eventStartTimeGmt': '2025-03-07T13:30:22', 'timezoneOffset': 7200000, 'durationInMilliseconds': 3300000, 'bodyBatteryImpact': -6, 'feedbackType': 'EXERCISE_TRAINING_EFFECT_BELOW_2', 'shortFeedback': 'EASY_RECOVERY', 'deviceId': 3423864303, 'activityName': 'Helsinki Walking', 'activityType': 'walking', 'activityId': 18464529547, 'eventUpdateTimeGmt': '2025-03-07T14:26:34'}, {'eventType': 'ACTIVITY', 'eventStartTimeGmt': '2025-03-07T14:34:04', 'timezoneOffset': 7200000, 'durationInMilliseconds': 1200000, 'bodyBatteryImpact': -2, 'feedbackType': 'EXERCISE_TRAINING_EFFECT_BELOW_2', 'shortFeedback': 'EASY_AEROBIC_BASE', 'deviceId': 3423864303, 'activityName': 'Strength', 'activityType': 'strength_training', 'activityId': 18464766461, 'eventUpdateTimeGmt': '2025-03-07T14:54:49'}, {'eventType': 'ACTIVITY', 'eventStartTimeGmt': '2025-03-07T14:56:12', 'timezoneOffset': 7200000, 'durationInMilliseconds': 3780000, 'bodyBatteryImpact': -12, 'feedbackType': 'EXERCISE_TRAINING_EFFECT_4', 'shortFeedback': 'HIGHLY_IMPROVING_TEMPO', 'deviceId': 3423864303, 'activityName': 'Indoor Cycling', 'activityType': 'indoor_cycling', 'activityId': 18465366731, 'eventUpdateTimeGmt': '2025-03-07T16:00:12'}, {'eventType': 'ACTIVITY', 'eventStartTimeGmt': '2025-03-07T16:08:48', 'timezoneOffset': 7200000, 'durationInMilliseconds': 2220000, 'bodyBatteryImpact': -1, 'feedbackType': 'EXERCISE_TRAINING_EFFECT_BELOW_2', 'shortFeedback': 'EASY_RECOVERY', 'deviceId': 3423864303, 'activityName': None, 'activityType': None, 'activityId': None, 'eventUpdateTimeGmt': '2025-03-07T16:46:14'}, {'eventType': 'ACTIVITY', 'eventStartTimeGmt': '2025-03-07T16:58:13', 'timezoneOffset': 7200000, 'durationInMilliseconds': 1200000, 'bodyBatteryImpact': -2, 'feedbackType': 'NONE', 'shortFeedback': 'NONE', 'deviceId': 3423864303, 'activityName': 'Yoga', 'activityType': 'yoga', 'activityId': 18466133316, 'eventUpdateTimeGmt': '2025-03-07T17:18:22'}]",17.0,46.0,6.0,20.0,2025-03-07T22:00:00.0,200,2025-03-07
5652846,3072.0,1034.0,2038.0,3072.0,,,3534.0,15615,2500,12494,12494,1034.0,3534.0,5652846,2025-03-08,"{'typeId': 4, 'typeKey': 'groups'}",7544554184a744beaba1138b6a2fa7a5,1500,2025-03-07T22:00:00.0,2025-03-08T00:00:00.0,2025-03-08T22:00:00.0,2025-03-09T00:00:00.0,86400000,,6984,3740,52827,22849,True,True,False,False,100,8,133.486,146.571,43.79462,48.0876,1000,10,52,134,60,57,GARMIN,33,96,32520,29040,16440,5100,83100,21420,9120,1980.0,39.13,34.95,19.78,6.14,25.78,10.97,2.38,BALANCED,55860,22140,,54,132,37,37,38,7,8,29.0,36.0,3.0,,,,,,,33.0,224.0,"{'eventTimestampGmt': '2025-03-08T20:02:59', 'bodyBatteryLevel': 'LOW', 'feedbackShortType': 'SLEEP_PREPARATION_RECOVERING_AND_EXERCISE', 'feedbackLongType': 'SLEEP_PREPARATION_RECOVERING_AND_EXERCISE_AND_BB_LOW_MORNING_AND_NOW'}","{'eventTimestampGmt': '2025-03-08T21:46:36', 'bodyBatteryLevel': 'LOW', 'feedbackShortType': 'SLEEP_TIME_PASSED_RECOVERING_AND_EXERCISE', 'feedbackLongType': 'SLEEP_TIME_PASSED_RECOVERING_AND_EXERCISE_AND_BB_LOW_MORNING_AND_NOW'}","[{'eventType': 'SLEEP', 'eventStartTimeGmt': '2025-03-07T22:33:22', 'timezoneOffset': 7200000, 'durationInMilliseconds': 22380000, 'bodyBatteryImpact': 30, 'feedbackType': 'NONE', 'shortFeedback': 'NONE', 'deviceId': 3423864303, 'activityName': None, 'activityType': None, 'activityId': None, 'eventUpdateTimeGmt': '2025-03-08T05:05:33'}, {'eventType': 'RECOVERY', 'eventStartTimeGmt': '2025-03-08T09:43:08', 'timezoneOffset': 7200000, 'durationInMilliseconds': 840000, 'bodyBatteryImpact': 2, 'feedbackType': 'RECOVERY_SHORT', 'shortFeedback': 'BODY_BATTERY_RECHARGE', 'deviceId': 3423864303, 'activityName': None, 'activityType': None, 'activityId': None, 'eventUpdateTimeGmt': '2025-03-08T09:59:55'}, {'eventType': 'ACTIVITY', 'eventStartTimeGmt': '2025-03-08T10:27:01', 'timezoneOffset': 7200000, 'durationInMilliseconds': 1500000, 'bodyBatteryImpact': -1, 'feedbackType': 'EXERCISE_TRAINING_EFFECT_BELOW_2', 'shortFeedback': 'EASY_AEROBIC_BASE', 'deviceId': 3423864303, 'activityName': 'Strength', 'activityType': 'strength_training', 'activityId': 18471750592, 'eventUpdateTimeGmt': '2025-03-08T10:52:44'}, {'eventType': 'ACTIVITY', 'eventStartTimeGmt': '2025-03-08T11:15:10', 'timezoneOffset': 7200000, 'durationInMilliseconds': 3600000, 'bodyBatteryImpact': -6, 'feedbackType': 'NONE', 'shortFeedback': 'NONE', 'deviceId': 3423864303, 'activityName': 'Yoga', 'activityType': 'yoga', 'activityId': 18472640928, 'eventUpdateTimeGmt': '2025-03-08T12:15:40'}, {'eventType': 'ACTIVITY', 'eventStartTimeGmt': '2025-03-08T12:50:20', 'timezoneOffset': 7200000, 'durationInMilliseconds': 7680000, 'bodyBatteryImpact': -5, 'feedbackType': 'EXERCISE_TRAINING_EFFECT_BELOW_2', 'shortFeedback': 'EASY_AEROBIC_BASE', 'deviceId': 3423864303, 'activityName': 'Helsinki Walking', 'activityType': 'walking', 'activityId': 18474852177, 'eventUpdateTimeGmt': '2025-03-08T15:00:11'}]",15.0,26.0,6.0,19.0,2025-03-08T22:00:00.0,200,2025-03-08
5652846,3575.0,1537.0,2038.0,3575.0,,,4037.0,26003,2500,21318,21318,1537.0,4037.0,5652846,2025-03-09,"{'typeId': 4, 'typeKey': 'groups'}",a1fb092efd214404ad70e5d47c221d90,1500,2025-03-08T22:00:00.0,2025-03-09T00:00:00.0,2025-03-09T22:00:00.0,2025-03-10T00:00:00.0,86400000,,11789,4692,42149,27770,True,True,False,False,78,82,313.125,325.894,102.7313,106.9206,1000,10,54,167,57,57,GARMIN,26,92,17460,43140,10320,13020,83940,11280,4620,1560.0,20.8,51.39,12.29,15.51,13.44,5.5,1.86,BALANCED,43620,27300,,56,165,66,52,71,8,22,63.0,71.0,3.0,,,,,,,33.0,244.0,"{'eventTimestampGmt': '2025-03-09T20:57:27', 'bodyBatteryLevel': 'MODERATE', 'feedbackShortType': 'SLEEP_PREPARATION_RECOVERING_AND_INTENSIVE_EXERCISE', 'feedbackLongType': 'SLEEP_PREPARATION_RECOVERING_AND_INTENSIVE_EXERCISE'}","{'eventTimestampGmt': '2025-03-09T00:09:25', 'bodyBatteryLevel': 'HIGH', 'feedbackShortType': 'SLEEP_TIME_PASSED_RECOVERING_AND_EXERCISE', 'feedbackLongType': 'SLEEP_TIME_PASSED_RECOVERING_AND_EXERCISE'}","[{'eventType': 'SLEEP', 'eventStartTimeGmt': '2025-03-08T21:52:11', 'timezoneOffset': 7200000, 'durationInMilliseconds': 25800000, 'bodyBatteryImpact': 63, 'feedbackType': 'NONE', 'shortFeedback': 'NONE', 'deviceId': 3423864303, 'activityName': None, 'activityType': None, 'activityId': None, 'eventUpdateTimeGmt': '2025-03-09T05:03:02'}, {'eventType': 'ACTIVITY', 'eventStartTimeGmt': '2025-03-09T08:00:28', 'timezoneOffset': 7200000, 'durationInMilliseconds': 9420000, 'bodyBatteryImpact': -17, 'feedbackType': 'EXERCISE_TRAINING_EFFECT_3', 'shortFeedback': 'IMPROVING_AEROBIC_BASE', 'deviceId': 3423864303, 'activityName': 'Kirkkonummi Trail Running', 'activityType': 'trail_running', 'activityId': 18481370332, 'eventUpdateTimeGmt': '2025-03-09T10:40:53'}, {'eventType': 'ACTIVITY', 'eventStartTimeGmt': '2025-03-09T17:48:33', 'timezoneOffset': 7200000, 'durationInMilliseconds': 1200000, 'bodyBatteryImpact': -1, 'feedbackType': 'NONE', 'shortFeedback': 'NONE', 'deviceId': 3423864303, 'activityName': 'Yoga', 'activityType': 'yoga', 'activityId': 18486799356, 'eventUpdateTimeGmt': '2025-03-09T18:10:12'}]",19.0,40.0,7.0,21.0,2025-03-09T22:00:00.0,200,2025-03-09
5652846,2536.0,498.0,2038.0,2536.0,,,2998.0,9972,2500,8423,8423,498.0,2998.0,5652846,2025-03-10,"{'typeId': 4, 'typeKey': 'groups'}",f41f44461b7948469c6f548a79ce2ac5,1500,2025-03-09T22:00:00.0,2025-03-10T00:00:00.0,2025-03-10T22:00:00.0,2025-03-11T00:00:00.0,86400000,,5350,1897,50991,28162,True,True,False,False,42,0,25.252,38.437,8.28478,12.61056,1000,10,48,113,56,57,GARMIN,17,82,8940,56760,10620,6960,83280,7800,960,180.0,10.73,68.16,12.75,8.36,9.37,1.15,0.22,CALM,53400,22920,,50,111,77,54,87,22,45,68.0,87.0,3.0,,,,,,,46.0,89.0,"{'eventTimestampGmt': '2025-03-10T18:50:01', 'bodyBatteryLevel': 'HIGH', 'feedbackShortType': 'SLEEP_PREPARATION_RECOVERING_AND_EXERCISE', 'feedbackLongType': 'SLEEP_PREPARATION_RECOVERING_AND_EXERCISE'}","{'eventTimestampGmt': '2025-03-10T21:52:23', 'bodyBatteryLevel': 'HIGH', 'feedbackShortType': 'SLEEP_TIME_PASSED_RECOVERING_AND_EXERCISE', 'feedbackLongType': 'SLEEP_TIME_PASSED_RECOVERING_AND_EXERCISE'}","[{'eventType': 'SLEEP', 'eventStartTimeGmt': '2025-03-09T21:20:12', 'timezoneOffset': 7200000, 'durationInMilliseconds': 27120000, 'bodyBatteryImpact': 67, 'feedbackType': 'NONE', 'shortFeedback': 'NONE', 'deviceId': 3423864303, 'activityName': None, 'activityType': None, 'activityId': None, 'eventUpdateTimeGmt': '2025-03-10T04:53:10'}, {'eventType': 'RECOVERY', 'eventStartTimeGmt': '2025-03-10T05:56:35', 'timezoneOffset': 7200000, 'durationInMilliseconds': 4020000, 'bodyBatteryImpact': -3, 'feedbackType': 'RECOVERY_LONG_BODY_BATTERY_NOT_INCREASE', 'shortFeedback': 'LONG_RESTFUL_PERIOD', 'deviceId': 3423864303, 'activityName': None, 'activityType': None, 'activityId': None, 'eventUpdateTimeGmt': '2025-03-10T07:06:40'}, {'eventType': 'RECOVERY', 'eventStartTimeGmt': '2025-03-10T07:15:50', 'timezoneOffset': 7200000, 'durationInMilliseconds': 4740000, 'bodyBatteryImpact': 5, 'feedbackType': 'RECOVERY_LONG_BODY_BATTERY_INCREASE', 'shortFeedback': 'LONG_RESTFUL_PERIOD', 'deviceId': 3423864303, 'activityName': None, 'activityType': None, 'activityId': None, 'eventUpdateTimeGmt': '2025-03-10T08:37:25'}, {'eventType': 'ACTIVITY', 'eventStartTimeGmt': '2025-03-10T11:25:52', 'timezoneOffset': 7200000, 'durationInMilliseconds': 10020000, 'bodyBatteryImpact': -14, 'feedbackType': 'EXERCISE_TRAINING_EFFECT_BELOW_2', 'shortFeedback': 'EASY_RECOVERY', 'deviceId': 3423864303, 'activityName': 'Helsinki Walking', 'activityType': 'walking', 'activityId': 18492980326, 'eventUpdateTimeGmt': '2025-03-10T14:14:00'}, {'eventType': 'RECOVERY', 'eventStartTimeGmt': '2025-03-10T14:36:25', 'timezoneOffset': 7200000, 'durationInMilliseconds': 1920000, 'bodyBatteryImpact': -1, 'feedbackType': 'RECOVERY_BODY_BATTERY_NOT_INCREASE', 'shortFeedback': 'RESTFUL_PERIOD', 'deviceId': 3423864303, 'activityName': None, 'activityType': None, 'activityId': None, 'eventUpdateTimeGmt': '2025-03-10T15:10:30'}, {'eventType': 'ACTIVITY', 'eventStartTimeGmt': '2025-03-10T17:47:07', 'timezoneOffset': 7200000, 'durationInMilliseconds': 1200000, 'bodyBatteryImpact': -2, 'feedbackType': 'NONE', 'shortFeedback': 'NONE', 'deviceId': 3423864303, 'activityName': 'Yoga', 'activityType': 'yoga', 'activityId': 18495478513, 'eventUpdateTimeGmt': '2025-03-10T18:07:50'}]",14.0,24.0,6.0,16.0,2025-03-10T22:00:00.0,200,2025-03-10
5652846,2506.0,468.0,2038.0,2506.0,,,2968.0,11052,2500,9306,9306,468.0,2968.0,5652846,2025-03-11,"{'typeId': 4, 'typeKey': 'groups'}",59bc865c80914b3ba4baddf3f6e95290,1500,2025-03-10T22:00:00.0,2025-03-11T00:00:00.0,2025-03-11T22:00:00.0,2025-03-12T00:00:00.0,86400000,,5487,1191,51381,28341,True,True,False,False,47,10,153.001,151.379,50.19718,49.66503,1000,10,51,156,56,57,GARMIN,22,94,21900,51120,10740,2460,86220,16500,4740,660.0,25.4,59.29,12.46,2.85,19.14,5.5,0.77,BALANCED,58380,25380,,52,149,55,66,100,34,34,60.0,100.0,3.0,,,,,,,30.0,82.0,"{'eventTimestampGmt': '2025-03-11T18:50:00', 'bodyBatteryLevel': 'HIGH', 'feedbackShortType': 'SLEEP_PREPARATION_RECOVERING_AND_EXERCISE', 'feedbackLongType': 'SLEEP_PREPARATION_RECOVERING_AND_EXERCISE'}",,"[{'eventType': 'SLEEP', 'eventStartTimeGmt': '2025-03-10T21:02:50', 'timezoneOffset': 7200000, 'durationInMilliseconds': 28860000, 'bodyBatteryImpact': 60, 'feedbackType': 'NONE', 'shortFeedback': 'NONE', 'deviceId': 3423864303, 'activityName': None, 'activityType': None, 'activityId': None, 'eventUpdateTimeGmt': '2025-03-11T05:04:17'}, {'eventType': 'RECOVERY', 'eventStartTimeGmt': '2025-03-11T07:55:32', 'timezoneOffset': 7200000, 'durationInMilliseconds': 6360000, 'bodyBatteryImpact': 0, 'feedbackType': 'RECOVERY_LONG_BODY_BATTERY_NOT_INCREASE', 'shortFeedback': 'LONG_RESTFUL_PERIOD', 'deviceId': 3423864303, 'activityName': None, 'activityType': None, 'activityId': None, 'eventUpdateTimeGmt': '2025-03-11T09:46:25'}, {'eventType': 'ACTIVITY', 'eventStartTimeGmt': '2025-03-11T13:30:30', 'timezoneOffset': 7200000, 'durationInMilliseconds': 3420000, 'bodyBatteryImpact': -8, 'feedbackType': 'EXERCISE_TRAINING_EFFECT_2', 'shortFeedback': 'EASY_AEROBIC', 'deviceId': 3423864303, 'activityName': 'Helsinki Walking', 'activityType': 'walking', 'activityId': 18502770377, 'eventUpdateTimeGmt': '2025-03-11T14:28:56'}]",14.0,23.0,7.0,15.0,2025-03-11T21:59:00.0,200,2025-03-11
5652846,2585.0,547.0,2038.0,2585.0,,,3047.0,11520,2500,9561,9561,547.0,3047.0,5652846,2025-03-12,"{'typeId': 4, 'typeKey': 'groups'}",58e8392e3ba54e5fb0887108c936903f,1500,2025-03-11T22:00:00.0,2025-03-12T00:00:00.0,2025-03-12T22:00:00.0,2025-03-13T00:00:00.0,86400000,,5951,1235,54956,24258,True,True,False,False,36,22,33.528,35.187,11.0,11.54429,1000,10,52,156,56,57,GARMIN,28,93,31200,41040,9300,3600,85140,22860,6960,1380.0,36.65,48.2,10.92,4.23,26.85,8.17,1.62,BALANCED,60060,21480,,54,154,51,63,83,20,22,48.0,82.0,3.0,,,,,,,31.0,112.0,"{'eventTimestampGmt': '2025-03-12T19:09:41', 'bodyBatteryLevel': 'MODERATE', 'feedbackShortType': 'SLEEP_PREPARATION_BALANCED_AND_EXERCISE', 'feedbackLongType': 'SLEEP_PREPARATION_BALANCED_AND_EXERCISE'}","{'eventTimestampGmt': '2025-03-12T21:06:23', 'bodyBatteryLevel': 'MODERATE', 'feedbackShortType': 'SLEEP_TIME_PASSED_RECOVERING_AND_EXERCISE', 'feedbackLongType': 'SLEEP_TIME_PASSED_RECOVERING_AND_EXERCISE'}","[{'eventType': 'SLEEP', 'eventStartTimeGmt': '2025-03-11T21:11:56', 'timezoneOffset': 7200000, 'durationInMilliseconds': 24540000, 'bodyBatteryImpact': 49, 'feedbackType': 'NONE', 'shortFeedback': 'NONE', 'deviceId': 3423864303, 'activityName': None, 'activityType': None, 'activityId': None, 'eventUpdateTimeGmt': '2025-03-12T04:44:42'}, {'eventType': 'RECOVERY', 'eventStartTimeGmt': '2025-03-12T08:43:37', 'timezoneOffset': 7200000, 'durationInMilliseconds': 1980000, 'bodyBatteryImpact': 0, 'feedbackType': 'RECOVERY_BODY_BATTERY_NOT_INCREASE', 'shortFeedback': 'RESTFUL_PERIOD', 'deviceId': 3423864303, 'activityName': None, 'activityType': None, 'activityId': None, 'eventUpdateTimeGmt': '2025-03-12T09:19:00'}, {'eventType': 'ACTIVITY', 'eventStartTimeGmt': '2025-03-12T13:36:17', 'timezoneOffset': 7200000, 'durationInMilliseconds': 1920000, 'bodyBatteryImpact': -6, 'feedbackType': 'EXERCISE_TRAINING_EFFECT_2', 'shortFeedback': 'MAINTAINING_AEROBIC', 'deviceId': 3423864303, 'activityName': None, 'activityType': None, 'activityId': None, 'eventUpdateTimeGmt': '2025-03-12T14:14:51'}, {'eventType': 'ACTIVITY', 'eventStartTimeGmt': '2025-03-12T14:21:55', 'timezoneOffset': 7200000, 'durationInMilliseconds': 1200000, 'bodyBatteryImpact': -2, 'feedbackType': 'NONE', 'shortFeedback': 'NONE', 'deviceId': 3423864303, 'activityName': 'Yoga', 'activityType': 'yoga', 'activityId': 18512574913, 'eventUpdateTimeGmt': '2025-03-12T14:42:51'}, {'eventType': 'ACTIVITY', 'eventStartTimeGmt': '2025-03-12T15:01:51', 'timezoneOffset': 7200000, 'durationInMilliseconds': 1860000, 'bodyBatteryImpact': -2, 'feedbackType': 'EXERCISE_TRAINING_EFFECT_BELOW_2', 'shortFeedback': 'NONE', 'deviceId': 3423864303, 'activityName': 'Helsinki Walking', 'activityType': 'walking', 'activityId': 18512974931, 'eventUpdateTimeGmt': '2025-03-12T15:35:38'}]",15.0,35.0,7.0,18.0,2025-03-12T22:00:00.0,200,2025-03-12
5652846,2371.0,333.0,2038.0,2371.0,,,2833.0,7958,2500,7833,7833,333.0,2833.0,5652846,2025-03-13,"{'typeId': 4, 'typeKey': 'groups'}",2ae18ed4d0c14d94997cb812ee42977d,1500,2025-03-12T22:00:00.0,2025-03-13T00:00:00.0,2025-03-13T22:00:00.0,2025-03-14T00:00:00.0,86400000,,3381,3255,50604,29160,True,True,False,False,30,1,36.809,43.658,12.07644,14.32349,1000,10,53,117,57,57,GARMIN,28,95,25200,47580,10560,1740,85080,17220,6540,1440.0,29.62,55.92,12.41,2.05,20.24,7.69,1.69,BALANCED,58140,25200,,55,109,49,47,66,21,24,46.0,66.0,3.0,,,,,,,37.0,64.0,"{'eventTimestampGmt': '2025-03-13T18:50:00', 'bodyBatteryLevel': 'MODERATE', 'feedbackShortType': 'SLEEP_PREPARATION_RECOVERING_AND_EXERCISE', 'feedbackLongType': 'SLEEP_PREPARATION_RECOVERING_AND_EXERCISE'}","{'eventTimestampGmt': '2025-03-12T22:23:56', 'bodyBatteryLevel': 'HIGH', 'feedbackShortType': 'SLEEP_TIME_PASSED_RECOVERING_AND_EXERCISE', 'feedbackLongType': 'SLEEP_TIME_PASSED_RECOVERING_AND_EXERCISE'}","[{'eventType': 'SLEEP', 'eventStartTimeGmt': '2025-03-12T21:16:38', 'timezoneOffset': 7200000, 'durationInMilliseconds': 28380000, 'bodyBatteryImpact': 46, 'feedbackType': 'NONE', 'shortFeedback': 'NONE', 'deviceId': 3423864303, 'activityName': None, 'activityType': None, 'activityId': None, 'eventUpdateTimeGmt': '2025-03-13T05:10:05'}, {'eventType': 'ACTIVITY', 'eventStartTimeGmt': '2025-03-13T13:38:48', 'timezoneOffset': 7200000, 'durationInMilliseconds': 1500000, 'bodyBatteryImpact': -1, 'feedbackType': 'EXERCISE_TRAINING_EFFECT_BELOW_2', 'shortFeedback': 'NONE', 'deviceId': 3423864303, 'activityName': 'Helsinki Walking', 'activityType': 'walking', 'activityId': 18521481916, 'eventUpdateTimeGmt': '2025-03-13T14:04:23'}, {'eventType': 'ACTIVITY', 'eventStartTimeGmt': '2025-03-13T18:17:32', 'timezoneOffset': 7200000, 'durationInMilliseconds': 1200000, 'bodyBatteryImpact': -1, 'feedbackType': 'NONE', 'shortFeedback': 'NONE', 'deviceId': 3423864303, 'activityName': 'Yoga', 'activityType': 'yoga', 'activityId': 18523770597, 'eventUpdateTimeGmt': '2025-03-13T18:37:38'}]",14.0,23.0,7.0,16.0,2025-03-13T22:00:00.0,200,2025-03-13
5652846,2547.0,509.0,2038.0,2547.0,,,3009.0,11739,2500,9646,9646,509.0,3009.0,5652846,2025-03-14,"{'typeId': 4, 'typeKey': 'groups'}",2a861b962bec49d7bbd159dc420740b5,1500,2025-03-13T22:00:00.0,2025-03-14T00:00:00.0,2025-03-14T22:00:00.0,2025-03-15T00:00:00.0,86400000,,3954,4141,53070,25235,True,True,False,False,40,0,69.147,88.815,22.68602,29.13878,1000,10,51,114,56,57,GARMIN,25,97,19980,43980,17820,4500,86280,15600,3600,780.0,23.16,50.97,20.65,5.22,18.08,4.17,0.9,BALANCED,56640,25140,,53,114,65,58,83,24,31,60.0,81.0,3.0,,,,,,,11.0,87.0,"{'eventTimestampGmt': '2025-03-14T18:50:00', 'bodyBatteryLevel': 'HIGH', 'feedbackShortType': 'SLEEP_PREPARATION_RECOVERING_AND_EXERCISE', 'feedbackLongType': 'SLEEP_PREPARATION_RECOVERING_AND_EXERCISE'}","{'eventTimestampGmt': '2025-03-14T21:29:48', 'bodyBatteryLevel': 'HIGH', 'feedbackShortType': 'SLEEP_TIME_PASSED_RECOVERING_AND_EXERCISE', 'feedbackLongType': 'SLEEP_TIME_PASSED_RECOVERING_AND_EXERCISE'}","[{'eventType': 'SLEEP', 'eventStartTimeGmt': '2025-03-13T21:03:38', 'timezoneOffset': 7200000, 'durationInMilliseconds': 26760000, 'bodyBatteryImpact': 60, 'feedbackType': 'NONE', 'shortFeedback': 'NONE', 'deviceId': 3423864303, 'activityName': None, 'activityType': None, 'activityId': None, 'eventUpdateTimeGmt': '2025-03-14T04:46:55'}, {'eventType': 'RECOVERY', 'eventStartTimeGmt': '2025-03-14T13:05:46', 'timezoneOffset': 7200000, 'durationInMilliseconds': 1980000, 'bodyBatteryImpact': 2, 'feedbackType': 'RECOVERY_BODY_BATTERY_INCREASE', 'shortFeedback': 'BODY_BATTERY_RECHARGE', 'deviceId': 3423864303, 'activityName': None, 'activityType': None, 'activityId': None, 'eventUpdateTimeGmt': '2025-03-14T13:40:16'}, {'eventType': 'ACTIVITY', 'eventStartTimeGmt': '2025-03-14T13:40:17', 'timezoneOffset': 7200000, 'durationInMilliseconds': 7140000, 'bodyBatteryImpact': -8, 'feedbackType': 'EXERCISE_TRAINING_EFFECT_BELOW_2', 'shortFeedback': 'EASY_RECOVERY', 'deviceId': 3423864303, 'activityName': 'Helsinki Walking', 'activityType': 'walking', 'activityId': 18530968809, 'eventUpdateTimeGmt': '2025-03-14T15:39:33'}, {'eventType': 'ACTIVITY', 'eventStartTimeGmt': '2025-03-14T16:19:09', 'timezoneOffset': 7200000, 'durationInMilliseconds': 1200000, 'bodyBatteryImpact': -2, 'feedbackType': 'NONE', 'shortFeedback': 'NONE', 'deviceId': 3423864303, 'activityName': 'Yoga', 'activityType': 'yoga', 'activityId': 18531469446, 'eventUpdateTimeGmt': '2025-03-14T16:40:03'}]",14.0,22.0,7.0,17.0,2025-03-14T22:00:00.0,200,2025-03-14
5652846,3455.0,1417.0,2038.0,3455.0,,,3917.0,19104,2500,22465,17118,1417.0,3917.0,5652846,2025-03-15,"{'typeId': 4, 'typeKey': 'groups'}",e3f5318c9b1f4b0ab1f780abff4f7406,1500,2025-03-14T22:00:00.0,2025-03-15T00:00:00.0,2025-03-15T22:00:00.0,2025-03-16T00:00:00.0,86400000,,7553,8659,50277,19911,True,True,False,False,95,63,279.613,154.403,91.73655,50.65715,1000,10,54,190,57,56,GARMIN,33,95,31320,30240,18300,5580,85440,20160,8460,2700.0,36.66,35.39,21.42,6.53,23.6,9.9,3.16,BALANCED,62640,17220,,55,188,40,66,71,5,5,44.0,71.0,3.0,,,,,,,61.0,180.0,"{'eventTimestampGmt': '2025-03-15T18:50:01', 'bodyBatteryLevel': 'VERY_LOW', 'feedbackShortType': 'SLEEP_PREPARATION_BALANCED_AND_INTENSIVE_EXERCISE', 'feedbackLongType': 'SLEEP_PREPARATION_BALANCED_AND_INTENSIVE_EXERCISE_AND_BB_LOW'}","{'eventTimestampGmt': '2025-03-15T19:53:17', 'bodyBatteryLevel': 'VERY_LOW', 'feedbackShortType': 'SLEEP_TIME_PASSED_BALANCED_AND_INTENSIVE_EXERCISE', 'feedbackLongType': 'SLEEP_TIME_PASSED_BALANCED_AND_INTENSIVE_EXERCISE_AND_BB_LOW'}","[{'eventType': 'SLEEP', 'eventStartTimeGmt': '2025-03-14T21:29:03', 'timezoneOffset': 7200000, 'durationInMilliseconds': 19440000, 'bodyBatteryImpact': 44, 'feedbackType': 'NONE', 'shortFeedback': 'NONE', 'deviceId': 3423864303, 'activityName': None, 'activityType': None, 'activityId': None, 'eventUpdateTimeGmt': '2025-03-15T04:56:25'}, {'eventType': 'RECOVERY', 'eventStartTimeGmt': '2025-03-15T06:46:45', 'timezoneOffset': 7200000, 'durationInMilliseconds': 2040000, 'bodyBatteryImpact': 0, 'feedbackType': 'RECOVERY_BODY_BATTERY_NOT_INCREASE', 'shortFeedback': 'RESTFUL_PERIOD', 'deviceId': 3423864303, 'activityName': None, 'activityType': None, 'activityId': None, 'eventUpdateTimeGmt': '2025-03-15T07:25:20'}, {'eventType': 'ACTIVITY', 'eventStartTimeGmt': '2025-03-15T10:47:49', 'timezoneOffset': 7200000, 'durationInMilliseconds': 5340000, 'bodyBatteryImpact': -6, 'feedbackType': 'EXERCISE_TRAINING_EFFECT_2', 'shortFeedback': 'MAINTAINING_AEROBIC_BASE', 'deviceId': 3423864303, 'activityName': 'Jämsä Running', 'activityType': 'running', 'activityId': 18538226574, 'eventUpdateTimeGmt': '2025-03-15T12:25:22'}, {'eventType': 'ACTIVITY', 'eventStartTimeGmt': '2025-03-15T16:36:41', 'timezoneOffset': 7200000, 'durationInMilliseconds': 3480000, 'bodyBatteryImpact': -14, 'feedbackType': 'EXERCISE_TRAINING_EFFECT_4', 'shortFeedback': 'HIGHLY_IMPROVING_VO2MAX', 'deviceId': 3423864303, 'activityName': 'Jämsä Cross Country Skate Skiing', 'activityType': 'skate_skiing_ws', 'activityId': 18541352721, 'eventUpdateTimeGmt': '2025-03-15T17:44:12'}]",16.0,45.0,7.0,17.0,2025-03-15T22:00:00.0,200,2025-03-15
5652846,3130.0,1092.0,2038.0,3130.0,,,3592.0,27232,2500,19979,19979,1092.0,3592.0,5652846,2025-03-16,"{'typeId': 4, 'typeKey': 'groups'}",5f1dcf45dd7d4950b0429450e273465a,1500,2025-03-15T22:00:00.0,2025-03-16T00:00:00.0,2025-03-16T22:00:00.0,2025-03-17T00:00:00.0,86400000,,7452,12755,38180,28013,True,True,False,False,174,4,320.597,322.917,105.18274,105.9439,1000,10,57,150,60,57,GARMIN,30,95,28980,23940,16380,16200,85500,23940,4800,240.0,33.89,28.0,19.16,18.95,28.0,5.61,0.28,BALANCED,44580,24720,,58,134,31,27,30,5,9,24.0,29.0,3.0,,,,,,,120.0,337.0,"{'eventTimestampGmt': '2025-03-16T21:13:24', 'bodyBatteryLevel': 'LOW', 'feedbackShortType': 'SLEEP_PREPARATION_RECOVERING_AND_EXERCISE', 'feedbackLongType': 'SLEEP_PREPARATION_RECOVERING_AND_EXERCISE_AND_BB_LOW_MORNING_AND_NOW'}","{'eventTimestampGmt': '2025-03-16T21:42:23', 'bodyBatteryLevel': 'LOW', 'feedbackShortType': 'SLEEP_TIME_PASSED_RECOVERING_AND_EXERCISE', 'feedbackLongType': 'SLEEP_TIME_PASSED_RECOVERING_AND_EXERCISE_AND_BB_LOW_MORNING_AND_NOW'}","[{'eventType': 'SLEEP', 'eventStartTimeGmt': '2025-03-15T21:21:12', 'timezoneOffset': 7200000, 'durationInMilliseconds': 26460000, 'bodyBatteryImpact': 24, 'feedbackType': 'NONE', 'shortFeedback': 'NONE', 'deviceId': 3423864303, 'activityName': None, 'activityType': None, 'activityId': None, 'eventUpdateTimeGmt': '2025-03-16T04:43:11'}, {'eventType': 'NAP', 'eventStartTimeGmt': '2025-03-16T07:24:11', 'timezoneOffset': 7200000, 'durationInMilliseconds': 2580000, 'bodyBatteryImpact': 4, 'feedbackType': 'NAP_RECOVERING_BODY_BATTERY_INCREASE', 'shortFeedback': 'RESTFUL_NAP', 'deviceId': 3423864303, 'activityName': None, 'activityType': None, 'activityId': None, 'eventUpdateTimeGmt': '2025-03-16T08:07:25'}, {'eventType': 'ACTIVITY', 'eventStartTimeGmt': '2025-03-16T09:04:53', 'timezoneOffset': 7200000, 'durationInMilliseconds': 15120000, 'bodyBatteryImpact': -10, 'feedbackType': 'EXERCISE_TRAINING_EFFECT_BELOW_2', 'shortFeedback': 'EASY_AEROBIC', 'deviceId': 3423864303, 'activityName': 'Jämsä Trail Running', 'activityType': 'trail_running', 'activityId': 18548143422, 'eventUpdateTimeGmt': '2025-03-16T13:27:19'}, {'eventType': 'RECOVERY', 'eventStartTimeGmt': '2025-03-16T15:22:54', 'timezoneOffset': 7200000, 'durationInMilliseconds': 7860000, 'bodyBatteryImpact': 3, 'feedbackType': 'RECOVERY_LONG_BODY_BATTERY_INCREASE', 'shortFeedback': 'LONG_RESTFUL_PERIOD', 'deviceId': 3423864303, 'activityName': None, 'activityType': None, 'activityId': None, 'eventUpdateTimeGmt': '2025-03-16T17:36:45'}]",17.0,31.0,7.0,20.0,2025-03-16T22:00:00.0,200,2025-03-16
5652846,3161.0,1123.0,2038.0,3161.0,,,3623.0,13606,2500,19164,12005,1123.0,3623.0,5652846,2025-03-17,"{'typeId': 4, 'typeKey': 'groups'}",732fc0e218f5443b9302639bd689df2e,1500,2025-03-16T22:00:00.0,2025-03-17T00:00:00.0,2025-03-17T22:00:00.0,2025-03-18T00:00:00.0,86400000,,5236,7157,43996,30011,True,True,False,False,6,60,215.035,97.308,70.54954,31.9252,1000,10,53,187,58,57,GARMIN,27,96,23340,41220,12060,8160,84780,14400,6120,2820.0,27.53,48.62,14.23,9.62,16.99,7.22,3.33,BALANCED,52620,24000,,54,185,79,64,71,9,24,62.0,71.0,3.0,,,,,,,117.0,79.0,"{'eventTimestampGmt': '2025-03-17T19:04:33', 'bodyBatteryLevel': 'MODERATE', 'feedbackShortType': 'SLEEP_PREPARATION_RECOVERING_AND_INTENSIVE_EXERCISE', 'feedbackLongType': 'SLEEP_PREPARATION_RECOVERING_AND_INTENSIVE_EXERCISE'}","{'eventTimestampGmt': '2025-03-17T21:41:37', 'bodyBatteryLevel': 'MODERATE', 'feedbackShortType': 'SLEEP_TIME_PASSED_RECOVERING_AND_INTENSIVE_EXERCISE', 'feedbackLongType': 'SLEEP_TIME_PASSED_RECOVERING_AND_INTENSIVE_EXERCISE'}","[{'eventType': 'SLEEP', 'eventStartTimeGmt': '2025-03-16T21:38:19', 'timezoneOffset': 7200000, 'durationInMilliseconds': 25380000, 'bodyBatteryImpact': 62, 'feedbackType': 'NONE', 'shortFeedback': 'NONE', 'deviceId': 3423864303, 'activityName': None, 'activityType': None, 'activityId': None, 'eventUpdateTimeGmt': '2025-03-17T04:53:37'}, {'eventType': 'ACTIVITY', 'eventStartTimeGmt': '2025-03-17T09:16:03', 'timezoneOffset': 7200000, 'durationInMilliseconds': 3900000, 'bodyBatteryImpact': -15, 'feedbackType': 'EXERCISE_TRAINING_EFFECT_4_GOOD_TIMING', 'shortFeedback': 'HIGHLY_IMPROVING_VO2MAX', 'deviceId': 3423864303, 'activityName': None, 'activityType': None, 'activityId': None, 'eventUpdateTimeGmt': '2025-03-17T10:23:08'}, {'eventType': 'RECOVERY', 'eventStartTimeGmt': '2025-03-17T11:56:53', 'timezoneOffset': 7200000, 'durationInMilliseconds': 1020000, 'bodyBatteryImpact': 2, 'feedbackType': 'RECOVERY_BODY_BATTERY_INCREASE', 'shortFeedback': 'BODY_BATTERY_RECHARGE', 'deviceId': 3423864303, 'activityName': None, 'activityType': None, 'activityId': None, 'eventUpdateTimeGmt': '2025-03-17T12:16:05'}, {'eventType': 'NAP', 'eventStartTimeGmt': '2025-03-17T13:18:08', 'timezoneOffset': 7200000, 'durationInMilliseconds': 1140000, 'bodyBatteryImpact': 1, 'feedbackType': 'NAP_RECOVERING_BODY_BATTERY_INCREASE', 'shortFeedback': 'RESTFUL_NAP', 'deviceId': 3423864303, 'activityName': None, 'activityType': None, 'activityId': None, 'eventUpdateTimeGmt': '2025-03-17T13:37:20'}, {'eventType': 'RECOVERY', 'eventStartTimeGmt': '2025-03-17T13:39:33', 'timezoneOffset': 7200000, 'durationInMilliseconds': 9060000, 'bodyBatteryImpact': 4, 'feedbackType': 'RECOVERY_LONG_BODY_BATTERY_INCREASE', 'shortFeedback': 'LONG_RESTFUL_PERIOD', 'deviceId': 3423864303, 'activityName': None, 'activityType': None, 'activityId': None, 'eventUpdateTimeGmt': '2025-03-17T16:12:55'}]",18.0,44.0,5.0,14.0,2025-03-17T22:00:00.0,200,2025-03-17
5652846,3411.0,1373.0,2038.0,3411.0,,,3873.0,13557,2500,23569,11761,1373.0,3873.0,5652846,2025-03-18,"{'typeId': 4, 'typeKey': 'groups'}",101de17bcdc0446b9e905b2ae8bf6711,1500,2025-03-17T22:00:00.0,2025-03-18T00:00:00.0,2025-03-18T22:00:00.0,2025-03-19T00:00:00.0,86400000,,5291,7586,50897,22626,True,True,False,False,11,81,209.419,66.128,68.70702,21.69554,1000,10,53,182,56,57,GARMIN,22,99,17580,46260,13140,9120,86100,14580,2640,360.0,20.42,53.73,15.26,10.59,16.93,3.07,0.42,BALANCED,54780,22200,,54,179,66,64,83,24,26,63.0,83.0,3.0,,,,,,,116.0,108.0,"{'eventTimestampGmt': '2025-03-18T18:50:01', 'bodyBatteryLevel': 'HIGH', 'feedbackShortType': 'SLEEP_PREPARATION_RECOVERING_AND_INTENSIVE_EXERCISE', 'feedbackLongType': 'SLEEP_PREPARATION_RECOVERING_AND_INTENSIVE_EXERCISE'}","{'eventTimestampGmt': '2025-03-18T21:11:20', 'bodyBatteryLevel': 'HIGH', 'feedbackShortType': 'SLEEP_TIME_PASSED_RECOVERING_AND_INTENSIVE_EXERCISE', 'feedbackLongType': 'SLEEP_TIME_PASSED_RECOVERING_AND_INTENSIVE_EXERCISE'}","[{'eventType': 'SLEEP', 'eventStartTimeGmt': '2025-03-17T20:40:08', 'timezoneOffset': 7200000, 'durationInMilliseconds': 27060000, 'bodyBatteryImpact': 63, 'feedbackType': 'NONE', 'shortFeedback': 'NONE', 'deviceId': 3423864303, 'activityName': None, 'activityType': None, 'activityId': None, 'eventUpdateTimeGmt': '2025-03-18T04:12:57'}, {'eventType': 'RECOVERY', 'eventStartTimeGmt': '2025-03-18T05:33:37', 'timezoneOffset': 7200000, 'durationInMilliseconds': 2520000, 'bodyBatteryImpact': 1, 'feedbackType': 'RECOVERY_BODY_BATTERY_INCREASE', 'shortFeedback': 'BODY_BATTERY_RECHARGE', 'deviceId': 3423864303, 'activityName': None, 'activityType': None, 'activityId': None, 'eventUpdateTimeGmt': '2025-03-18T06:20:05'}, {'eventType': 'ACTIVITY', 'eventStartTimeGmt': '2025-03-18T08:39:16', 'timezoneOffset': 7200000, 'durationInMilliseconds': 5580000, 'bodyBatteryImpact': -18, 'feedbackType': 'EXERCISE_TRAINING_EFFECT_4_GOOD_TIMING', 'shortFeedback': 'HIGHLY_IMPROVING_LACTATE_THRESHOLD', 'deviceId': 3423864303, 'activityName': 'Jämsä Cross Country Skate Skiing', 'activityType': 'skate_skiing_ws', 'activityId': 18564297746, 'eventUpdateTimeGmt': '2025-03-18T10:16:02'}, {'eventType': 'RECOVERY', 'eventStartTimeGmt': '2025-03-18T11:53:02', 'timezoneOffset': 7200000, 'durationInMilliseconds': 3840000, 'bodyBatteryImpact': 3, 'feedbackType': 'RECOVERY_LONG_BODY_BATTERY_INCREASE', 'shortFeedback': 'LONG_RESTFUL_PERIOD', 'deviceId': 3423864303, 'activityName': None, 'activityType': None, 'activityId': None, 'eventUpdateTimeGmt': '2025-03-18T12:59:50'}]",18.0,40.0,7.0,18.0,2025-03-18T22:00:00.0,200,2025-03-18
5652846,2782.0,744.0,2038.0,2782.0,,,3244.0,19690,2500,20453,20453,744.0,3244.0,5652846,2025-03-19,"{'typeId': 4, 'typeKey': 'groups'}",092c835cd19a462a94b0a2e1330770e5,1500,2025-03-18T22:00:00.0,2025-03-19T00:00:00.0,2025-03-19T22:00:00.0,2025-03-20T00:00:00.0,86400000,,5352,7584,42922,30542,True,True,False,False,100,0,256.032,279.555,84.0,91.71752,1000,10,45,129,59,58,GARMIN,32,89,39720,28080,16440,1740,85980,32220,6720,780.0,46.2,32.66,19.12,2.02,37.47,7.82,0.91,STRESSFUL,56520,27720,,52,121,46,53,72,19,19,46.0,72.0,3.0,,,,,,,115.0,160.0,"{'eventTimestampGmt': '2025-03-19T18:50:00', 'bodyBatteryLevel': 'MODERATE', 'feedbackShortType': 'SLEEP_PREPARATION_BALANCED_AND_EXERCISE', 'feedbackLongType': 'SLEEP_PREPARATION_BALANCED_AND_EXERCISE'}",,"[{'eventType': 'SLEEP', 'eventStartTimeGmt': '2025-03-18T21:54:02', 'timezoneOffset': 7200000, 'durationInMilliseconds': 28560000, 'bodyBatteryImpact': 46, 'feedbackType': 'NONE', 'shortFeedback': 'NONE', 'deviceId': 3423864303, 'activityName': None, 'activityType': None, 'activityId': None, 'eventUpdateTimeGmt': '2025-03-19T05:53:24'}, {'eventType': 'NAP', 'eventStartTimeGmt': '2025-03-19T12:28:24', 'timezoneOffset': 7200000, 'durationInMilliseconds': 2340000, 'bodyBatteryImpact': 0, 'feedbackType': 'NAP_RECOVERING_BODY_BATTERY_MAINTAIN', 'shortFeedback': 'RESTFUL_NAP', 'deviceId': 3423864303, 'activityName': None, 'activityType': None, 'activityId': None, 'eventUpdateTimeGmt': '2025-03-19T17:47:14'}, {'eventType': 'ACTIVITY', 'eventStartTimeGmt': '2025-03-19T15:36:49', 'timezoneOffset': 7200000, 'durationInMilliseconds': 6780000, 'bodyBatteryImpact': -6, 'feedbackType': 'EXERCISE_TRAINING_EFFECT_BELOW_2', 'shortFeedback': 'EASY_RECOVERY', 'deviceId': 3423864303, 'activityName': 'Jämsä Walking', 'activityType': 'walking', 'activityId': 18578333826, 'eventUpdateTimeGmt': '2025-03-19T17:30:31'}]",16.0,25.0,7.0,21.0,2025-03-19T22:00:00.0,200,2025-03-19
5652846,2350.0,312.0,2038.0,2350.0,,,2812.0,8284,2500,8222,8222,312.0,2812.0,5652846,2025-03-20,"{'typeId': 4, 'typeKey': 'groups'}",3cc85cc44b974cb089b42391d8e8f2ef,1500,2025-03-19T22:00:00.0,2025-03-20T00:00:00.0,2025-03-20T22:00:00.0,2025-03-21T00:00:00.0,86400000,,4385,1906,56529,23580,True,True,False,False,43,0,67.056,65.153,22.0,21.37566,1000,10,51,113,56,57,GARMIN,24,86,20580,52260,10500,1380,84720,15720,4500,360.0,24.29,61.69,12.39,1.63,18.56,5.31,0.42,BALANCED,61980,21360,,53,110,60,53,72,19,26,48.0,72.0,3.0,,,,,,,111.0,62.0,"{'eventTimestampGmt': '2025-03-20T18:50:02', 'bodyBatteryLevel': 'HIGH', 'feedbackShortType': 'SLEEP_PREPARATION_RECOVERING_AND_EXERCISE', 'feedbackLongType': 'SLEEP_PREPARATION_RECOVERING_AND_EXERCISE'}","{'eventTimestampGmt': '2025-03-20T21:53:41', 'bodyBatteryLevel': 'HIGH', 'feedbackShortType': 'SLEEP_TIME_PASSED_RECOVERING_AND_EXERCISE', 'feedbackLongType': 'SLEEP_TIME_PASSED_RECOVERING_AND_EXERCISE'}","[{'eventType': 'SLEEP', 'eventStartTimeGmt': '2025-03-19T22:56:31', 'timezoneOffset': 7200000, 'durationInMilliseconds': 21420000, 'bodyBatteryImpact': 46, 'feedbackType': 'NONE', 'shortFeedback': 'NONE', 'deviceId': 3423864303, 'activityName': None, 'activityType': None, 'activityId': None, 'eventUpdateTimeGmt': '2025-03-20T04:57:47'}, {'eventType': 'RECOVERY', 'eventStartTimeGmt': '2025-03-20T09:00:17', 'timezoneOffset': 7200000, 'durationInMilliseconds': 1860000, 'bodyBatteryImpact': 0, 'feedbackType': 'RECOVERY_BODY_BATTERY_NOT_INCREASE', 'shortFeedback': 'RESTFUL_PERIOD', 'deviceId': 3423864303, 'activityName': None, 'activityType': None, 'activityId': None, 'eventUpdateTimeGmt': '2025-03-20T09:35:24'}, {'eventType': 'NAP', 'eventStartTimeGmt': '2025-03-20T13:28:47', 'timezoneOffset': 7200000, 'durationInMilliseconds': 2160000, 'bodyBatteryImpact': 4, 'feedbackType': 'NAP_RECOVERING_BODY_BATTERY_INCREASE', 'shortFeedback': 'RESTFUL_NAP', 'deviceId': 3423864303, 'activityName': None, 'activityType': None, 'activityId': None, 'eventUpdateTimeGmt': '2025-03-20T14:08:05'}, {'eventType': 'ACTIVITY', 'eventStartTimeGmt': '2025-03-20T15:17:34', 'timezoneOffset': 7200000, 'durationInMilliseconds': 2580000, 'bodyBatteryImpact': -5, 'feedbackType': 'EXERCISE_TRAINING_EFFECT_BELOW_2', 'shortFeedback': 'EASY_RECOVERY', 'deviceId': 3423864303, 'activityName': 'Jämsä Walking', 'activityType': 'walking', 'activityId': 18592861124, 'eventUpdateTimeGmt': '2025-03-20T16:03:32'}]",14.0,26.0,6.0,14.0,2025-03-20T22:00:00.0,200,2025-03-20
5652846,2466.0,428.0,2038.0,2466.0,,,2928.0,10319,2500,9069,9069,428.0,2928.0,5652846,2025-03-21,"{'typeId': 4, 'typeKey': 'groups'}",61f105bee2b74ad2a4feccc3a76f7336,1500,2025-03-20T22:00:00.0,2025-03-21T00:00:00.0,2025-03-21T22:00:00.0,2025-03-22T00:00:00.0,86400000,,5217,2116,52011,27056,True,True,False,False,38,0,70.104,60.825,23.0,19.95571,1000,10,49,115,57,58,GARMIN,23,87,18540,46440,13080,6960,85020,16440,1860,240.0,21.81,54.62,15.38,8.19,19.34,2.19,0.28,BALANCED,51060,27000,,53,113,59,52,82,25,33,57.0,82.0,3.0,,,,,,,77.0,58.0,"{'eventTimestampGmt': '2025-03-21T18:50:00', 'bodyBatteryLevel': 'HIGH', 'feedbackShortType': 'SLEEP_PREPARATION_RECOVERING_AND_EXERCISE', 'feedbackLongType': 'SLEEP_PREPARATION_RECOVERING_AND_EXERCISE'}",,"[{'eventType': 'SLEEP', 'eventStartTimeGmt': '2025-03-20T22:17:32', 'timezoneOffset': 7200000, 'durationInMilliseconds': 27000000, 'bodyBatteryImpact': 57, 'feedbackType': 'NONE', 'shortFeedback': 'NONE', 'deviceId': 3423864303, 'activityName': None, 'activityType': None, 'activityId': None, 'eventUpdateTimeGmt': '2025-03-21T05:48:28'}, {'eventType': 'RECOVERY', 'eventStartTimeGmt': '2025-03-21T10:24:23', 'timezoneOffset': 7200000, 'durationInMilliseconds': 3240000, 'bodyBatteryImpact': -1, 'feedbackType': 'RECOVERY_BODY_BATTERY_NOT_INCREASE', 'shortFeedback': 'RESTFUL_PERIOD', 'deviceId': 3423864303, 'activityName': None, 'activityType': None, 'activityId': None, 'eventUpdateTimeGmt': '2025-03-21T11:21:25'}, {'eventType': 'ACTIVITY', 'eventStartTimeGmt': '2025-03-21T13:28:32', 'timezoneOffset': 7200000, 'durationInMilliseconds': 9480000, 'bodyBatteryImpact': -10, 'feedbackType': 'EXERCISE_TRAINING_EFFECT_BELOW_2', 'shortFeedback': 'EASY_RECOVERY', 'deviceId': 3423864303, 'activityName': 'Helsinki Walking', 'activityType': 'walking', 'activityId': 18596559680, 'eventUpdateTimeGmt': '2025-03-21T16:07:53'}]",13.0,24.0,6.0,11.0,2025-03-21T21:58:00.0,200,2025-03-21
5652846,2912.0,874.0,2038.0,2912.0,,,3374.0,13865,2500,11405,11405,874.0,3374.0,5652846,2025-03-22,"{'typeId': 4, 'typeKey': 'groups'}",6a741834bb1641b58ea0ba7db24fb13a,1500,2025-03-21T22:00:00.0,2025-03-22T00:00:00.0,2025-03-22T22:00:00.0,2025-03-23T00:00:00.0,86400000,,7180,4119,44399,30702,True,True,False,False,71,25,154.027,145.54,50.53379,47.74934,1000,10,45,151,55,57,GARMIN,26,93,22800,40680,14940,6480,84900,16980,5220,600.0,26.86,47.92,17.6,7.63,20.0,6.15,0.71,BALANCED,51840,26580,,48,148,61,65,87,27,29,53.0,87.0,3.0,,,,,,,22.0,194.0,"{'eventTimestampGmt': '2025-03-22T19:13:18', 'bodyBatteryLevel': 'HIGH', 'feedbackShortType': 'SLEEP_PREPARATION_RECOVERING_AND_INTENSIVE_EXERCISE', 'feedbackLongType': 'SLEEP_PREPARATION_RECOVERING_AND_INTENSIVE_EXERCISE'}","{'eventTimestampGmt': '2025-03-21T22:15:14', 'bodyBatteryLevel': 'HIGH', 'feedbackShortType': 'SLEEP_TIME_PASSED_RECOVERING_AND_EXERCISE', 'feedbackLongType': 'SLEEP_TIME_PASSED_RECOVERING_AND_EXERCISE'}","[{'eventType': 'SLEEP', 'eventStartTimeGmt': '2025-03-21T22:10:53', 'timezoneOffset': 7200000, 'durationInMilliseconds': 24840000, 'bodyBatteryImpact': 54, 'feedbackType': 'NONE', 'shortFeedback': 'NONE', 'deviceId': 3423864303, 'activityName': None, 'activityType': None, 'activityId': None, 'eventUpdateTimeGmt': '2025-03-22T05:14:58'}, {'eventType': 'ACTIVITY', 'eventStartTimeGmt': '2025-03-22T08:40:37', 'timezoneOffset': 7200000, 'durationInMilliseconds': 3000000, 'bodyBatteryImpact': -8, 'feedbackType': 'EXERCISE_TRAINING_EFFECT_2', 'shortFeedback': 'MINOR_ANAEROBIC_EFFECT', 'deviceId': 3423864303, 'activityName': 'Strength', 'activityType': 'strength_training', 'activityId': 18602011557, 'eventUpdateTimeGmt': '2025-03-22T09:30:56'}, {'eventType': 'ACTIVITY', 'eventStartTimeGmt': '2025-03-22T10:41:38', 'timezoneOffset': 7200000, 'durationInMilliseconds': 4260000, 'bodyBatteryImpact': -8, 'feedbackType': 'EXERCISE_TRAINING_EFFECT_BELOW_2', 'shortFeedback': 'EASY_AEROBIC_BASE', 'deviceId': 3423864303, 'activityName': 'Helsinki Walking', 'activityType': 'walking', 'activityId': 18603391817, 'eventUpdateTimeGmt': '2025-03-22T11:54:40'}, {'eventType': 'NAP', 'eventStartTimeGmt': '2025-03-22T13:48:40', 'timezoneOffset': 7200000, 'durationInMilliseconds': 3720000, 'bodyBatteryImpact': 3, 'feedbackType': 'NAP_RECOVERING_BODY_BATTERY_INCREASE', 'shortFeedback': 'RESTFUL_NAP', 'deviceId': 3423864303, 'activityName': None, 'activityType': None, 'activityId': None, 'eventUpdateTimeGmt': '2025-03-22T14:50:50'}]",15.0,34.0,7.0,16.0,2025-03-22T21:59:00.0,200,2025-03-22
5652846,2866.0,828.0,2038.0,2866.0,,,3328.0,12744,2500,12490,12490,828.0,3328.0,5652846,2025-03-23,"{'typeId': 4, 'typeKey': 'groups'}",a29695a96cce49c589b5054be002d6ac,1500,2025-03-22T22:00:00.0,2025-03-23T00:00:00.0,2025-03-23T22:00:00.0,2025-03-24T00:00:00.0,86400000,,5854,4213,45145,31188,True,True,False,False,45,30,35.321,40.803,11.58825,13.38681,1000,10,53,164,56,57,GARMIN,26,95,24360,41940,12840,5880,85020,18900,4500,960.0,28.65,49.33,15.1,6.92,22.23,5.29,1.13,BALANCED,48060,31080,,54,163,62,58,86,28,33,59.0,86.0,3.0,,,,,,,25.0,151.0,"{'eventTimestampGmt': '2025-03-23T20:42:27', 'bodyBatteryLevel': 'HIGH', 'feedbackShortType': 'SLEEP_PREPARATION_RECOVERING_AND_INTENSIVE_EXERCISE', 'feedbackLongType': 'SLEEP_PREPARATION_RECOVERING_AND_INTENSIVE_EXERCISE'}","{'eventTimestampGmt': '2025-03-22T22:04:59', 'bodyBatteryLevel': 'HIGH', 'feedbackShortType': 'SLEEP_TIME_PASSED_RECOVERING_AND_INTENSIVE_EXERCISE', 'feedbackLongType': 'SLEEP_TIME_PASSED_RECOVERING_AND_INTENSIVE_EXERCISE'}","[{'eventType': 'SLEEP', 'eventStartTimeGmt': '2025-03-22T21:24:18', 'timezoneOffset': 7200000, 'durationInMilliseconds': 28740000, 'bodyBatteryImpact': 59, 'feedbackType': 'NONE', 'shortFeedback': 'NONE', 'deviceId': 3423864303, 'activityName': None, 'activityType': None, 'activityId': None, 'eventUpdateTimeGmt': '2025-03-23T05:29:36'}, {'eventType': 'ACTIVITY', 'eventStartTimeGmt': '2025-03-23T08:11:24', 'timezoneOffset': 7200000, 'durationInMilliseconds': 3480000, 'bodyBatteryImpact': -9, 'feedbackType': 'EXERCISE_TRAINING_EFFECT_2', 'shortFeedback': 'MAINTAINING_AEROBIC', 'deviceId': 3423864303, 'activityName': 'Strength', 'activityType': 'strength_training', 'activityId': 18612225517, 'eventUpdateTimeGmt': '2025-03-23T09:10:02'}, {'eventType': 'ACTIVITY', 'eventStartTimeGmt': '2025-03-23T14:43:07', 'timezoneOffset': 7200000, 'durationInMilliseconds': 1620000, 'bodyBatteryImpact': -1, 'feedbackType': 'EXERCISE_TRAINING_EFFECT_BELOW_2', 'shortFeedback': 'EASY_RECOVERY', 'deviceId': 3423864303, 'activityName': 'Helsinki Walking', 'activityType': 'walking', 'activityId': 18615340400, 'eventUpdateTimeGmt': '2025-03-23T15:11:38'}, {'eventType': 'ACTIVITY', 'eventStartTimeGmt': '2025-03-23T18:11:03', 'timezoneOffset': 7200000, 'durationInMilliseconds': 1200000, 'bodyBatteryImpact': -1, 'feedbackType': 'EXERCISE_TRAINING_EFFECT_BELOW_2', 'shortFeedback': 'NONE', 'deviceId': 3423864303, 'activityName': None, 'activityType': None, 'activityId': None, 'eventUpdateTimeGmt': '2025-03-23T18:31:30'}]",16.0,39.0,7.0,19.0,2025-03-23T22:00:00.0,200,2025-03-23
5652846,2565.0,527.0,2038.0,2565.0,,,3027.0,11156,2500,10569,10569,527.0,3027.0,5652846,2025-03-24,"{'typeId': 4, 'typeKey': 'groups'}",9b75318d54f94577b3e8f9c4ccd1c9cc,1500,2025-03-23T22:00:00.0,2025-03-24T00:00:00.0,2025-03-24T22:00:00.0,2025-03-25T00:00:00.0,86400000,,5629,1506,49850,29415,True,True,False,False,52,10,62.181,45.621,20.40059,14.96752,700,10,49,129,56,56,GARMIN,25,87,21900,47160,10620,2040,81720,18060,3360,480.0,26.8,57.71,13.0,2.5,22.1,4.11,0.59,BALANCED,52800,26880,,50,128,44,49,70,24,28,42.0,70.0,3.0,,,,,,,43.0,79.0,"{'eventTimestampGmt': '2025-03-24T21:23:11', 'bodyBatteryLevel': 'HIGH', 'feedbackShortType': 'SLEEP_PREPARATION_RECOVERING_AND_EXERCISE', 'feedbackLongType': 'SLEEP_PREPARATION_RECOVERING_AND_EXERCISE'}","{'eventTimestampGmt': '2025-03-23T22:15:10', 'bodyBatteryLevel': 'HIGH', 'feedbackShortType': 'SLEEP_TIME_PASSED_RECOVERING_AND_INTENSIVE_EXERCISE', 'feedbackLongType': 'SLEEP_TIME_PASSED_RECOVERING_AND_INTENSIVE_EXERCISE'}","[{'eventType': 'SLEEP', 'eventStartTimeGmt': '2025-03-23T20:43:30', 'timezoneOffset': 7200000, 'durationInMilliseconds': 30480000, 'bodyBatteryImpact': 42, 'feedbackType': 'NONE', 'shortFeedback': 'NONE', 'deviceId': 3423864303, 'activityName': None, 'activityType': None, 'activityId': None, 'eventUpdateTimeGmt': '2025-03-24T05:12:13'}, {'eventType': 'RECOVERY', 'eventStartTimeGmt': '2025-03-24T07:23:03', 'timezoneOffset': 7200000, 'durationInMilliseconds': 3720000, 'bodyBatteryImpact': 0, 'feedbackType': 'RECOVERY_LONG_BODY_BATTERY_NOT_INCREASE', 'shortFeedback': 'LONG_RESTFUL_PERIOD', 'deviceId': 3423864303, 'activityName': None, 'activityType': None, 'activityId': None, 'eventUpdateTimeGmt': '2025-03-24T08:29:05'}, {'eventType': 'ACTIVITY', 'eventStartTimeGmt': '2025-03-24T13:14:34', 'timezoneOffset': 7200000, 'durationInMilliseconds': 3300000, 'bodyBatteryImpact': -7, 'feedbackType': 'EXERCISE_TRAINING_EFFECT_2', 'shortFeedback': 'MAINTAINING_AEROBIC_BASE', 'deviceId': 3423864303, 'activityName': 'Helsinki Trail Running', 'activityType': 'trail_running', 'activityId': 18623242262, 'eventUpdateTimeGmt': '2025-03-24T14:16:58'}]",14.0,23.0,7.0,18.0,2025-03-24T22:00:00.0,200,2025-03-24
5652846,2412.0,374.0,2038.0,2412.0,,,2874.0,8509,2500,7185,7185,374.0,2874.0,5652846,2025-03-25,"{'typeId': 4, 'typeKey': 'groups'}",d494496a08d947f4aa4462b59bbde847,1500,2025-03-24T22:00:00.0,2025-03-25T00:00:00.0,2025-03-25T22:00:00.0,2025-03-26T00:00:00.0,86400000,,4193,2188,53198,26821,True,True,False,False,30,2,75.552,59.514,24.7874,19.52559,700,10,52,117,57,57,GARMIN,26,87,25200,46560,11460,1260,84480,20760,4020,420.0,29.83,55.11,13.57,1.49,24.57,4.76,0.5,BALANCED,59700,23520,,53,113,54,54,78,24,28,54.0,78.0,3.0,,,,,,,18.0,70.0,"{'eventTimestampGmt': '2025-03-25T21:22:02', 'bodyBatteryLevel': 'HIGH', 'feedbackShortType': 'SLEEP_PREPARATION_RECOVERING_AND_EXERCISE', 'feedbackLongType': 'SLEEP_PREPARATION_RECOVERING_AND_EXERCISE'}","{'eventTimestampGmt': '2025-03-25T21:36:03', 'bodyBatteryLevel': 'HIGH', 'feedbackShortType': 'SLEEP_TIME_PASSED_RECOVERING_AND_EXERCISE', 'feedbackLongType': 'SLEEP_TIME_PASSED_RECOVERING_AND_EXERCISE'}","[{'eventType': 'SLEEP', 'eventStartTimeGmt': '2025-03-24T21:01:58', 'timezoneOffset': 7200000, 'durationInMilliseconds': 27180000, 'bodyBatteryImpact': 54, 'feedbackType': 'NONE', 'shortFeedback': 'NONE', 'deviceId': 3423864303, 'activityName': None, 'activityType': None, 'activityId': None, 'eventUpdateTimeGmt': '2025-03-25T04:35:52'}, {'eventType': 'RECOVERY', 'eventStartTimeGmt': '2025-03-25T08:28:02', 'timezoneOffset': 7200000, 'durationInMilliseconds': 3600000, 'bodyBatteryImpact': 0, 'feedbackType': 'RECOVERY_LONG_BODY_BATTERY_NOT_INCREASE', 'shortFeedback': 'LONG_RESTFUL_PERIOD', 'deviceId': 3423864303, 'activityName': None, 'activityType': None, 'activityId': None, 'eventUpdateTimeGmt': '2025-03-25T09:32:25'}, {'eventType': 'ACTIVITY', 'eventStartTimeGmt': '2025-03-25T13:36:58', 'timezoneOffset': 7200000, 'durationInMilliseconds': 2040000, 'bodyBatteryImpact': -3, 'feedbackType': 'EXERCISE_TRAINING_EFFECT_BELOW_2', 'shortFeedback': 'EASY_RECOVERY', 'deviceId': 3423864303, 'activityName': 'Helsinki Walking', 'activityType': 'walking', 'activityId': 18632886405, 'eventUpdateTimeGmt': '2025-03-25T14:12:50'}, {'eventType': 'ACTIVITY', 'eventStartTimeGmt': '2025-03-25T18:34:24', 'timezoneOffset': 7200000, 'durationInMilliseconds': 1200000, 'bodyBatteryImpact': 0, 'feedbackType': 'EXERCISE_TRAINING_EFFECT_BELOW_2', 'shortFeedback': 'NONE', 'deviceId': 3423864303, 'activityName': 'Pilates', 'activityType': 'pilates', 'activityId': 18635735354, 'eventUpdateTimeGmt': '2025-03-25T18:54:51'}]",14.0,23.0,7.0,12.0,2025-03-25T22:00:00.0,200,2025-03-25
5652846,2565.0,527.0,2038.0,2565.0,,,3027.0,12010,2500,11580,11580,527.0,3027.0,5652846,2025-03-26,"{'typeId': 4, 'typeKey': 'groups'}",6235e392db6a469eb8b170574a7ed145,1500,2025-03-25T22:00:00.0,2025-03-26T00:00:00.0,2025-03-26T22:00:00.0,2025-03-27T00:00:00.0,86400000,,6213,1598,52356,26233,True,True,False,False,46,9,119.004,125.981,39.04331,41.33235,700,10,52,143,58,56,GARMIN,32,98,34980,36240,11220,2220,84660,24240,9300,1440.0,41.32,42.81,13.25,2.62,28.63,10.99,1.7,BALANCED,56400,26040,,54,139,46,54,70,16,20,46.0,70.0,3.0,,,,,,,10.0,79.0,"{'eventTimestampGmt': '2025-03-26T18:50:00', 'bodyBatteryLevel': 'MODERATE', 'feedbackShortType': 'SLEEP_PREPARATION_BALANCED_AND_EXERCISE', 'feedbackLongType': 'SLEEP_PREPARATION_BALANCED_AND_EXERCISE'}","{'eventTimestampGmt': '2025-03-26T21:02:45', 'bodyBatteryLevel': 'MODERATE', 'feedbackShortType': 'SLEEP_TIME_PASSED_BALANCED_AND_EXERCISE', 'feedbackLongType': 'SLEEP_TIME_PASSED_BALANCED_AND_EXERCISE'}","[{'eventType': 'SLEEP', 'eventStartTimeGmt': '2025-03-25T21:08:51', 'timezoneOffset': 7200000, 'durationInMilliseconds': 24780000, 'bodyBatteryImpact': 46, 'feedbackType': 'NONE', 'shortFeedback': 'NONE', 'deviceId': 3423864303, 'activityName': None, 'activityType': None, 'activityId': None, 'eventUpdateTimeGmt': '2025-03-26T04:02:33'}, {'eventType': 'RECOVERY', 'eventStartTimeGmt': '2025-03-26T07:48:23', 'timezoneOffset': 7200000, 'durationInMilliseconds': 2820000, 'bodyBatteryImpact': 0, 'feedbackType': 'RECOVERY_BODY_BATTERY_NOT_INCREASE', 'shortFeedback': 'RESTFUL_PERIOD', 'deviceId': 3423864303, 'activityName': None, 'activityType': None, 'activityId': None, 'eventUpdateTimeGmt': '2025-03-26T08:38:48'}, {'eventType': 'ACTIVITY', 'eventStartTimeGmt': '2025-03-26T13:41:58', 'timezoneOffset': 7200000, 'durationInMilliseconds': 3600000, 'bodyBatteryImpact': -4, 'feedbackType': 'EXERCISE_TRAINING_EFFECT_2', 'shortFeedback': 'MAINTAINING_AEROBIC_BASE', 'deviceId': 3423864303, 'activityName': 'Helsinki Trail Running', 'activityType': 'trail_running', 'activityId': 18643197665, 'eventUpdateTimeGmt': '2025-03-26T14:43:20'}]",14.0,23.0,7.0,12.0,2025-03-26T22:00:00.0,200,2025-03-26
5652846,2599.0,561.0,2038.0,2599.0,,,3061.0,10561,2500,8928,8928,561.0,3061.0,5652846,2025-03-27,"{'typeId': 4, 'typeKey': 'groups'}",d7228c704cb244cb9fd79d9d9995cbfc,1500,2025-03-26T22:00:00.0,2025-03-27T00:00:00.0,2025-03-27T22:00:00.0,2025-03-28T00:00:00.0,86400000,,4766,3089,52750,25795,True,True,False,False,49,3,99.925,102.472,32.78379,33.61942,700,10,50,119,58,57,GARMIN,29,90,29340,39300,12180,1860,82680,22380,6480,480.0,35.49,47.53,14.73,2.25,27.07,7.84,0.58,BALANCED,58200,22620,,55,118,51,48,67,19,23,51.0,67.0,3.0,,,,,,,19.0,95.0,"{'eventTimestampGmt': '2025-03-27T18:50:00', 'bodyBatteryLevel': 'MODERATE', 'feedbackShortType': 'SLEEP_PREPARATION_RECOVERING_AND_EXERCISE', 'feedbackLongType': 'SLEEP_PREPARATION_RECOVERING_AND_EXERCISE'}","{'eventTimestampGmt': '2025-03-27T21:19:26', 'bodyBatteryLevel': 'MODERATE', 'feedbackShortType': 'SLEEP_TIME_PASSED_RECOVERING_AND_EXERCISE', 'feedbackLongType': 'SLEEP_TIME_PASSED_RECOVERING_AND_EXERCISE'}","[{'eventType': 'SLEEP', 'eventStartTimeGmt': '2025-03-26T20:45:20', 'timezoneOffset': 7200000, 'durationInMilliseconds': 27240000, 'bodyBatteryImpact': 51, 'feedbackType': 'NONE', 'shortFeedback': 'NONE', 'deviceId': 3423864303, 'activityName': None, 'activityType': None, 'activityId': None, 'eventUpdateTimeGmt': '2025-03-27T04:19:20'}, {'eventType': 'RECOVERY', 'eventStartTimeGmt': '2025-03-27T06:53:10', 'timezoneOffset': 7200000, 'durationInMilliseconds': 4860000, 'bodyBatteryImpact': 0, 'feedbackType': 'RECOVERY_LONG_BODY_BATTERY_NOT_INCREASE', 'shortFeedback': 'LONG_RESTFUL_PERIOD', 'deviceId': 3423864303, 'activityName': None, 'activityType': None, 'activityId': None, 'eventUpdateTimeGmt': '2025-03-27T08:16:55'}, {'eventType': 'ACTIVITY', 'eventStartTimeGmt': '2025-03-27T13:34:49', 'timezoneOffset': 7200000, 'durationInMilliseconds': 2520000, 'bodyBatteryImpact': -3, 'feedbackType': 'EXERCISE_TRAINING_EFFECT_BELOW_2', 'shortFeedback': 'EASY_RECOVERY', 'deviceId': 3423864303, 'activityName': 'Helsinki Trail Running', 'activityType': 'trail_running', 'activityId': 18652615422, 'eventUpdateTimeGmt': '2025-03-27T14:19:12'}, {'eventType': 'ACTIVITY', 'eventStartTimeGmt': '2025-03-27T16:09:46', 'timezoneOffset': 7200000, 'durationInMilliseconds': 1440000, 'bodyBatteryImpact': -1, 'feedbackType': 'EXERCISE_TRAINING_EFFECT_BELOW_2', 'shortFeedback': 'NONE', 'deviceId': 3423864303, 'activityName': 'Pilates', 'activityType': 'pilates', 'activityId': 18653743665, 'eventUpdateTimeGmt': '2025-03-27T16:34:25'}]",15.0,24.0,7.0,16.0,2025-03-27T22:00:00.0,200,2025-03-27
5652846,2720.0,682.0,2038.0,2720.0,,,3182.0,13799,2500,12061,12061,682.0,3182.0,5652846,2025-03-28,"{'typeId': 4, 'typeKey': 'groups'}",bcf715cbd79846ff948582d5f92bbd76,1500,2025-03-27T22:00:00.0,2025-03-28T00:00:00.0,2025-03-28T22:00:00.0,2025-03-29T00:00:00.0,86400000,,6438,3192,66365,10405,True,True,False,False,56,1,68.067,61.059,22.33169,20.03248,700,10,53,121,58,57,GARMIN,29,96,27480,32640,14040,9900,84060,22920,3900,660.0,32.69,38.83,16.7,11.78,27.27,4.64,0.79,BALANCED,63840,10320,,54,118,29,45,52,7,7,29.0,48.0,3.0,,,,,,,15.0,121.0,"{'eventTimestampGmt': '2025-03-28T17:14:43', 'bodyBatteryLevel': 'LOW', 'feedbackShortType': 'DAY_RECOVERING_AND_EXERCISE', 'feedbackLongType': 'DAY_RECOVERING_AND_EXERCISE_AND_BB_LOW_MORNING_AND_NOW'}","{'eventTimestampGmt': '2025-03-28T18:50:01', 'bodyBatteryLevel': 'LOW', 'feedbackShortType': 'SLEEP_TIME_PASSED_RECOVERING_AND_EXERCISE', 'feedbackLongType': 'SLEEP_TIME_PASSED_RECOVERING_AND_EXERCISE_AND_BB_LOW_MORNING_AND_NOW'}","[{'eventType': 'SLEEP', 'eventStartTimeGmt': '2025-03-27T21:09:25', 'timezoneOffset': 7200000, 'durationInMilliseconds': 13440000, 'bodyBatteryImpact': 29, 'feedbackType': 'NONE', 'shortFeedback': 'NONE', 'deviceId': 3423864303, 'activityName': None, 'activityType': None, 'activityId': None, 'eventUpdateTimeGmt': '2025-03-28T04:32:15'}, {'eventType': 'ACTIVITY', 'eventStartTimeGmt': '2025-03-28T14:19:55', 'timezoneOffset': 7200000, 'durationInMilliseconds': 3600000, 'bodyBatteryImpact': -4, 'feedbackType': 'EXERCISE_TRAINING_EFFECT_BELOW_2', 'shortFeedback': 'EASY_RECOVERY', 'deviceId': 3423864303, 'activityName': 'Helsinki Trail Running', 'activityType': 'trail_running', 'activityId': 18662647040, 'eventUpdateTimeGmt': '2025-03-28T15:22:47'}, {'eventType': 'ACTIVITY', 'eventStartTimeGmt': '2025-03-28T15:57:49', 'timezoneOffset': 7200000, 'durationInMilliseconds': 1800000, 'bodyBatteryImpact': -1, 'feedbackType': 'EXERCISE_TRAINING_EFFECT_BELOW_2', 'shortFeedback': 'NONE', 'deviceId': 3423864303, 'activityName': 'Pilates', 'activityType': 'pilates', 'activityId': 18665681712, 'eventUpdateTimeGmt': '2025-03-28T16:28:50'}]",14.0,25.0,6.0,16.0,2025-03-28T22:00:00.0,200,2025-03-28
5652846,3477.0,1439.0,2038.0,3477.0,,,3939.0,9306,2500,27970,7325,1439.0,3939.0,5652846,2025-03-29,"{'typeId': 4, 'typeKey': 'groups'}",7e4c129dd34945b3a13b1c245b5b3b8e,1500,2025-03-28T22:00:00.0,2025-03-29T00:00:00.0,2025-03-29T22:00:00.0,2025-03-30T00:00:00.0,86400000,,5830,4352,56418,19800,True,True,False,False,38,92,21.336,24.46,7.0,8.02493,700,10,56,158,60,58,GARMIN,38,100,41640,21000,10260,11400,84300,25860,13260,2520.0,49.4,24.91,12.17,13.52,30.68,15.73,2.99,STRESSFUL,54720,18180,,59,154,44,46,48,5,5,40.0,46.0,3.0,,,,,,,16.0,125.0,"{'eventTimestampGmt': '2025-03-29T20:20:49', 'bodyBatteryLevel': 'VERY_LOW', 'feedbackShortType': 'SLEEP_PREPARATION_STRESSFUL_AND_INTENSIVE_EXERCISE', 'feedbackLongType': 'SLEEP_PREPARATION_STRESSFUL_AND_INTENSIVE_EXERCISE_AND_BB_LOW'}","{'eventTimestampGmt': '2025-03-29T20:44:10', 'bodyBatteryLevel': 'VERY_LOW', 'feedbackShortType': 'SLEEP_TIME_PASSED_STRESSFUL_AND_INTENSIVE_EXERCISE', 'feedbackLongType': 'SLEEP_TIME_PASSED_STRESSFUL_AND_INTENSIVE_EXERCISE_AND_BB_LOW'}","[{'eventType': 'SLEEP', 'eventStartTimeGmt': '2025-03-28T22:39:50', 'timezoneOffset': 7200000, 'durationInMilliseconds': 18240000, 'bodyBatteryImpact': 40, 'feedbackType': 'NONE', 'shortFeedback': 'NONE', 'deviceId': 3423864303, 'activityName': None, 'activityType': None, 'activityId': None, 'eventUpdateTimeGmt': '2025-03-29T04:30:35'}, {'eventType': 'NAP', 'eventStartTimeGmt': '2025-03-29T07:07:35', 'timezoneOffset': 7200000, 'durationInMilliseconds': 1560000, 'bodyBatteryImpact': 2, 'feedbackType': 'NAP_RECOVERING_BODY_BATTERY_INCREASE', 'shortFeedback': 'RESTFUL_NAP', 'deviceId': 3423864303, 'activityName': None, 'activityType': None, 'activityId': None, 'eventUpdateTimeGmt': '2025-03-29T07:41:46'}, {'eventType': 'ACTIVITY', 'eventStartTimeGmt': '2025-03-29T10:23:03', 'timezoneOffset': 7200000, 'durationInMilliseconds': 2400000, 'bodyBatteryImpact': -4, 'feedbackType': 'EXERCISE_TRAINING_EFFECT_2', 'shortFeedback': 'MINOR_ANAEROBIC_EFFECT', 'deviceId': 3423864303, 'activityName': 'Strength', 'activityType': 'strength_training', 'activityId': 18670752849, 'eventUpdateTimeGmt': '2025-03-29T11:03:24'}, {'eventType': 'ACTIVITY', 'eventStartTimeGmt': '2025-03-29T11:27:25', 'timezoneOffset': 7200000, 'durationInMilliseconds': 7740000, 'bodyBatteryImpact': -9, 'feedbackType': 'EXERCISE_TRAINING_EFFECT_2', 'shortFeedback': 'MAINTAINING_AEROBIC_BASE', 'deviceId': 3423864303, 'activityName': None, 'activityType': None, 'activityId': None, 'eventUpdateTimeGmt': '2025-03-29T13:40:32'}]",17.0,35.0,7.0,19.0,2025-03-29T22:00:00.0,200,2025-03-29
5652846,3255.0,1217.0,2038.0,3255.0,,,3717.0,7506,2500,23497,6217,1217.0,3717.0,5652846,2025-03-30,"{'typeId': 4, 'typeKey': 'groups'}",b8cf2e1b685e424d83fcf0cd54b81a8b,1500,2025-03-29T21:00:00.0,2025-03-30T00:00:00.0,2025-03-30T21:00:00.0,2025-03-31T00:00:00.0,86400000,,3044,4957,60579,17820,True,True,False,False,19,71,17.94,29.968,5.88583,9.83202,700,10,55,190,60,58,GARMIN,39,97,45780,17100,11760,9720,84360,30060,12480,3240.0,54.27,20.27,13.94,11.52,35.63,14.79,3.84,STRESSFUL,61260,13380,,57,190,22,22,27,5,5,16.0,21.0,3.0,,,,,,,25.0,71.0,"{'eventTimestampGmt': '2025-03-30T19:59:43', 'bodyBatteryLevel': 'VERY_LOW', 'feedbackShortType': 'SLEEP_PREPARATION_STRESSFUL_AND_INTENSIVE_EXERCISE', 'feedbackLongType': 'SLEEP_PREPARATION_STRESSFUL_AND_INTENSIVE_EXERCISE_AND_BB_LOW'}","{'eventTimestampGmt': '2025-03-30T20:28:49', 'bodyBatteryLevel': 'VERY_LOW', 'feedbackShortType': 'SLEEP_TIME_PASSED_BALANCED_AND_INTENSIVE_EXERCISE', 'feedbackLongType': 'SLEEP_TIME_PASSED_BALANCED_AND_INTENSIVE_EXERCISE_AND_BB_LOW_MORNING_AND_NOW'}","[{'eventType': 'SLEEP', 'eventStartTimeGmt': '2025-03-29T22:54:32', 'timezoneOffset': 10800000, 'durationInMilliseconds': 15000000, 'bodyBatteryImpact': 16, 'feedbackType': 'NONE', 'shortFeedback': 'NONE', 'deviceId': 3423864303, 'activityName': None, 'activityType': None, 'activityId': None, 'eventUpdateTimeGmt': '2025-03-30T04:06:18'}, {'eventType': 'NAP', 'eventStartTimeGmt': '2025-03-30T05:07:18', 'timezoneOffset': 10800000, 'durationInMilliseconds': 2820000, 'bodyBatteryImpact': 3, 'feedbackType': 'NAP_RECOVERING_BODY_BATTERY_INCREASE', 'shortFeedback': 'RESTFUL_NAP', 'deviceId': 3423864303, 'activityName': None, 'activityType': None, 'activityId': None, 'eventUpdateTimeGmt': '2025-03-30T06:04:30'}, {'eventType': 'ACTIVITY', 'eventStartTimeGmt': '2025-03-30T08:03:01', 'timezoneOffset': 10800000, 'durationInMilliseconds': 1560000, 'bodyBatteryImpact': -5, 'feedbackType': 'EXERCISE_TRAINING_EFFECT_3', 'shortFeedback': 'IMPROVING_AEROBIC_BASE', 'deviceId': 3423864303, 'activityName': 'Helsinki Cycling', 'activityType': 'cycling', 'activityId': 18681916552, 'eventUpdateTimeGmt': '2025-03-30T08:41:33'}, {'eventType': 'ACTIVITY', 'eventStartTimeGmt': '2025-03-30T13:05:32', 'timezoneOffset': 10800000, 'durationInMilliseconds': 1380000, 'bodyBatteryImpact': 0, 'feedbackType': 'EXERCISE_TRAINING_EFFECT_2', 'shortFeedback': 'MAINTAINING_AEROBIC', 'deviceId': 3423864303, 'activityName': 'Espoo Cycling', 'activityType': 'cycling', 'activityId': 18681917297, 'eventUpdateTimeGmt': '2025-03-30T13:29:37'}]",17.0,37.0,5.0,19.0,2025-03-30T21:00:00.0,200,2025-03-30
5652846,2661.0,623.0,2038.0,2661.0,,,3123.0,11406,2500,9523,9523,623.0,3123.0,5652846,2025-03-31,"{'typeId': 4, 'typeKey': 'groups'}",afa1ff3968854850ada97b537868698e,1500,2025-03-30T21:00:00.0,2025-03-31T00:00:00.0,2025-03-31T21:00:00.0,2025-04-01T00:00:00.0,86400000,,4994,2208,51674,27524,True,True,False,False,57,10,110.769,112.876,36.34154,37.03281,500,10,49,146,61,59,GARMIN,26,98,30180,41280,11880,1140,84480,27360,2460,360.0,35.72,48.86,14.06,1.35,32.39,2.91,0.43,BALANCED,57960,25380,,56,142,47,30,42,5,22,36.0,41.0,3.0,,,,,,,20.0,139.0,"{'eventTimestampGmt': '2025-03-31T17:50:01', 'bodyBatteryLevel': 'MODERATE', 'feedbackShortType': 'SLEEP_PREPARATION_RECOVERING_AND_EXERCISE', 'feedbackLongType': 'SLEEP_PREPARATION_RECOVERING_AND_EXERCISE'}","{'eventTimestampGmt': '2025-03-31T01:23:52', 'bodyBatteryLevel': 'HIGH', 'feedbackShortType': 'SLEEP_TIME_PASSED_BALANCED_AND_INACTIVE', 'feedbackLongType': 'SLEEP_TIME_PASSED_BALANCED_AND_INACTIVE'}","[{'eventType': 'SLEEP', 'eventStartTimeGmt': '2025-03-30T21:05:37', 'timezoneOffset': 10800000, 'durationInMilliseconds': 25500000, 'bodyBatteryImpact': 37, 'feedbackType': 'NONE', 'shortFeedback': 'NONE', 'deviceId': 3423864303, 'activityName': None, 'activityType': None, 'activityId': None, 'eventUpdateTimeGmt': '2025-03-31T04:14:19'}, {'eventType': 'RECOVERY', 'eventStartTimeGmt': '2025-03-31T07:33:54', 'timezoneOffset': 10800000, 'durationInMilliseconds': 1920000, 'bodyBatteryImpact': 2, 'feedbackType': 'RECOVERY_BODY_BATTERY_INCREASE', 'shortFeedback': 'BODY_BATTERY_RECHARGE', 'deviceId': 3423864303, 'activityName': None, 'activityType': None, 'activityId': None, 'eventUpdateTimeGmt': '2025-03-31T08:10:44'}, {'eventType': 'ACTIVITY', 'eventStartTimeGmt': '2025-03-31T12:48:29', 'timezoneOffset': 10800000, 'durationInMilliseconds': 3720000, 'bodyBatteryImpact': -5, 'feedbackType': 'EXERCISE_TRAINING_EFFECT_2', 'shortFeedback': 'MAINTAINING_AEROBIC_BASE', 'deviceId': 3423864303, 'activityName': 'Helsinki Walking', 'activityType': 'walking', 'activityId': 18689401474, 'eventUpdateTimeGmt': '2025-03-31T13:51:29'}, {'eventType': 'ACTIVITY', 'eventStartTimeGmt': '2025-03-31T14:56:04', 'timezoneOffset': 10800000, 'durationInMilliseconds': 2160000, 'bodyBatteryImpact': -2, 'feedbackType': 'EXERCISE_TRAINING_EFFECT_BELOW_2', 'shortFeedback': 'NONE', 'deviceId': 3423864303, 'activityName': 'Pilates', 'activityType': 'pilates', 'activityId': 18691261708, 'eventUpdateTimeGmt': '2025-03-31T15:32:16'}]",15.0,24.0,6.0,19.0,2025-03-31T21:00:00.0,200,2025-03-31
5652846,3075.0,1037.0,2038.0,3075.0,,,3537.0,13691,2500,11727,11727,1037.0,3537.0,5652846,2025-04-01,"{'typeId': 4, 'typeKey': 'groups'}",2e8d3849a1ec463b865d1e42a3484284,1500,2025-03-31T21:00:00.0,2025-04-01T00:00:00.0,2025-04-01T21:00:00.0,2025-04-02T00:00:00.0,86400000,,7021,5155,48220,26004,True,True,False,False,53,33,31.966,38.981,10.48753,12.78904,500,10,54,159,59,59,GARMIN,28,94,26880,36960,13080,6900,83820,19680,6120,1080.0,32.07,44.09,15.6,8.23,23.48,7.3,1.29,BALANCED,52320,24600,,55,155,57,63,77,16,16,59.0,77.0,3.0,,,,,,,17.0,149.0,"{'eventTimestampGmt': '2025-04-01T19:41:17', 'bodyBatteryLevel': 'MODERATE', 'feedbackShortType': 'SLEEP_PREPARATION_RECOVERING_AND_INTENSIVE_EXERCISE', 'feedbackLongType': 'SLEEP_PREPARATION_RECOVERING_AND_INTENSIVE_EXERCISE'}","{'eventTimestampGmt': '2025-04-01T20:22:32', 'bodyBatteryLevel': 'MODERATE', 'feedbackShortType': 'SLEEP_TIME_PASSED_RECOVERING_AND_INTENSIVE_EXERCISE', 'feedbackLongType': 'SLEEP_TIME_PASSED_RECOVERING_AND_INTENSIVE_EXERCISE'}","[{'eventType': 'SLEEP', 'eventStartTimeGmt': '2025-03-31T20:26:16', 'timezoneOffset': 10800000, 'durationInMilliseconds': 24960000, 'bodyBatteryImpact': 59, 'feedbackType': 'NONE', 'shortFeedback': 'NONE', 'deviceId': 3423864303, 'activityName': None, 'activityType': None, 'activityId': None, 'eventUpdateTimeGmt': '2025-04-01T03:22:38'}, {'eventType': 'RECOVERY', 'eventStartTimeGmt': '2025-04-01T05:47:13', 'timezoneOffset': 10800000, 'durationInMilliseconds': 4260000, 'bodyBatteryImpact': 2, 'feedbackType': 'RECOVERY_LONG_BODY_BATTERY_INCREASE', 'shortFeedback': 'LONG_RESTFUL_PERIOD', 'deviceId': 3423864303, 'activityName': None, 'activityType': None, 'activityId': None, 'eventUpdateTimeGmt': '2025-04-01T07:02:07'}, {'eventType': 'ACTIVITY', 'eventStartTimeGmt': '2025-04-01T08:25:04', 'timezoneOffset': 10800000, 'durationInMilliseconds': 5220000, 'bodyBatteryImpact': -8, 'feedbackType': 'EXERCISE_TRAINING_EFFECT_BELOW_2', 'shortFeedback': 'EASY_RECOVERY', 'deviceId': 3423864303, 'activityName': 'Helsinki Walking', 'activityType': 'walking', 'activityId': 18697136372, 'eventUpdateTimeGmt': '2025-04-01T09:53:57'}, {'eventType': 'ACTIVITY', 'eventStartTimeGmt': '2025-04-01T12:26:20', 'timezoneOffset': 10800000, 'durationInMilliseconds': 2640000, 'bodyBatteryImpact': -6, 'feedbackType': 'EXERCISE_TRAINING_EFFECT_2', 'shortFeedback': 'MAINTAINING_ANAEROBIC_FITNESS', 'deviceId': 3423864303, 'activityName': 'Strength', 'activityType': 'strength_training', 'activityId': 18699898973, 'eventUpdateTimeGmt': '2025-04-01T13:11:16'}, {'eventType': 'ACTIVITY', 'eventStartTimeGmt': '2025-04-01T15:37:42', 'timezoneOffset': 10800000, 'durationInMilliseconds': 1320000, 'bodyBatteryImpact': -2, 'feedbackType': 'NONE', 'shortFeedback': 'NONE', 'deviceId': 3423864303, 'activityName': 'Yoga', 'activityType': 'yoga', 'activityId': 18703009408, 'eventUpdateTimeGmt': '2025-04-01T15:59:52'}]",15.0,34.0,6.0,16.0,2025-04-01T21:00:00.0,200,2025-04-01
5652846,2722.0,684.0,2038.0,2722.0,,,3184.0,13086,2500,10675,10675,684.0,3184.0,5652846,2025-04-02,"{'typeId': 4, 'typeKey': 'groups'}",8aeb561b4b4f4d0b9c3864fee00794f9,1500,2025-04-01T21:00:00.0,2025-04-02T00:00:00.0,2025-04-02T21:00:00.0,2025-04-03T00:00:00.0,86400000,,5543,2676,48316,29865,True,True,False,False,54,20,237.744,255.024,78.0,83.66929,500,10,54,222,58,59,GARMIN,29,90,34200,36900,9180,6000,86280,29220,4320,660.0,39.64,42.77,10.64,6.95,33.87,5.01,0.76,BALANCED,50460,29820,,58,170,53,46,65,16,23,49.0,65.0,3.0,,,,,,,34.0,122.0,"{'eventTimestampGmt': '2025-04-02T17:50:01', 'bodyBatteryLevel': 'MODERATE', 'feedbackShortType': 'SLEEP_PREPARATION_RECOVERING_AND_EXERCISE', 'feedbackLongType': 'SLEEP_PREPARATION_RECOVERING_AND_EXERCISE'}","{'eventTimestampGmt': '2025-04-01T22:18:14', 'bodyBatteryLevel': 'HIGH', 'feedbackShortType': 'SLEEP_TIME_PASSED_RECOVERING_AND_INTENSIVE_EXERCISE', 'feedbackLongType': 'SLEEP_TIME_PASSED_RECOVERING_AND_INTENSIVE_EXERCISE'}","[{'eventType': 'SLEEP', 'eventStartTimeGmt': '2025-04-01T20:08:52', 'timezoneOffset': 10800000, 'durationInMilliseconds': 29280000, 'bodyBatteryImpact': 49, 'feedbackType': 'NONE', 'shortFeedback': 'NONE', 'deviceId': 3423864303, 'activityName': None, 'activityType': None, 'activityId': None, 'eventUpdateTimeGmt': '2025-04-02T04:17:12'}, {'eventType': 'ACTIVITY', 'eventStartTimeGmt': '2025-04-02T12:23:34', 'timezoneOffset': 10800000, 'durationInMilliseconds': 4020000, 'bodyBatteryImpact': -7, 'feedbackType': 'EXERCISE_TRAINING_EFFECT_2', 'shortFeedback': 'MAINTAINING_AEROBIC_BASE', 'deviceId': 3423864303, 'activityName': 'Helsinki Walking', 'activityType': 'walking', 'activityId': 18709261489, 'eventUpdateTimeGmt': '2025-04-02T13:34:38'}, {'eventType': 'ACTIVITY', 'eventStartTimeGmt': '2025-04-02T14:21:10', 'timezoneOffset': 10800000, 'durationInMilliseconds': 1200000, 'bodyBatteryImpact': -2, 'feedbackType': 'NONE', 'shortFeedback': 'NONE', 'deviceId': 3423864303, 'activityName': 'Yoga', 'activityType': 'yoga', 'activityId': 18709774575, 'eventUpdateTimeGmt': '2025-04-02T14:41:27'}]",16.0,37.0,6.0,19.0,2025-04-02T21:00:00.0,200,2025-04-02
5652846,2335.0,297.0,2038.0,2335.0,,,2797.0,6108,2500,5231,5231,297.0,2797.0,5652846,2025-04-03,"{'typeId': 4, 'typeKey': 'groups'}",389000c1cd154a81930ea7b8233cbc87,1500,2025-04-02T21:00:00.0,2025-04-03T00:00:00.0,2025-04-03T21:00:00.0,2025-04-04T00:00:00.0,86400000,,3109,2202,54487,26602,True,False,False,False,7,0,29.172,25.7,9.57087,8.43176,500,10,56,124,59,59,GARMIN,33,90,44040,29640,11220,1440,86340,32220,10620,1200.0,51.01,34.33,13.0,1.67,37.32,12.3,1.39,STRESSFUL,58620,26280,,57,122,47,59,70,11,11,50.0,69.0,3.0,,,,,,,71.0,,"{'eventTimestampGmt': '2025-04-03T19:19:24', 'bodyBatteryLevel': 'LOW', 'feedbackShortType': 'SLEEP_PREPARATION_BALANCED_AND_INACTIVE', 'feedbackLongType': 'SLEEP_PREPARATION_BALANCED_AND_INACTIVE_AND_BB_LOW'}","{'eventTimestampGmt': '2025-04-02T21:17:45', 'bodyBatteryLevel': 'HIGH', 'feedbackShortType': 'SLEEP_TIME_PASSED_RECOVERING_AND_EXERCISE', 'feedbackLongType': 'SLEEP_TIME_PASSED_RECOVERING_AND_EXERCISE'}","[{'eventType': 'SLEEP', 'eventStartTimeGmt': '2025-04-02T19:59:27', 'timezoneOffset': 10800000, 'durationInMilliseconds': 29160000, 'bodyBatteryImpact': 50, 'feedbackType': 'NONE', 'shortFeedback': 'NONE', 'deviceId': 3423864303, 'activityName': None, 'activityType': None, 'activityId': None, 'eventUpdateTimeGmt': '2025-04-03T04:10:05'}]",15.0,25.0,7.0,19.0,2025-04-03T21:00:00.0,200,2025-04-03
5652846,2147.0,109.0,2038.0,2147.0,,,2609.0,3390,2500,2792,2792,109.0,2609.0,5652846,2025-04-04,"{'typeId': 4, 'typeKey': 'groups'}",d63c588a20e24072945e41022945172c,1500,2025-04-03T21:00:00.0,2025-04-04T00:00:00.0,2025-04-04T21:00:00.0,2025-04-05T00:00:00.0,86400000,,1385,4113,55097,25805,True,False,False,False,0,0,0.0,2.087,0.0,0.68471,500,10,49,111,57,59,GARMIN,27,95,29280,48540,7320,1140,86280,24060,4620,600.0,33.94,56.26,8.48,1.32,27.89,5.35,0.7,BALANCED,59520,25620,,50,106,56,41,62,11,26,51.0,62.0,3.0,,,,,,,161.0,,"{'eventTimestampGmt': '2025-04-04T17:50:00', 'bodyBatteryLevel': 'HIGH', 'feedbackShortType': 'SLEEP_PREPARATION_RECOVERING_AND_INACTIVE', 'feedbackLongType': 'SLEEP_PREPARATION_RECOVERING_AND_INACTIVE'}","{'eventTimestampGmt': '2025-04-03T23:04:38', 'bodyBatteryLevel': 'HIGH', 'feedbackShortType': 'SLEEP_TIME_PASSED_BALANCED_AND_INACTIVE', 'feedbackLongType': 'SLEEP_TIME_PASSED_BALANCED_AND_INACTIVE'}","[{'eventType': 'SLEEP', 'eventStartTimeGmt': '2025-04-03T20:42:05', 'timezoneOffset': 10800000, 'durationInMilliseconds': 26880000, 'bodyBatteryImpact': 51, 'feedbackType': 'NONE', 'shortFeedback': 'NONE', 'deviceId': 3423864303, 'activityName': None, 'activityType': None, 'activityId': None, 'eventUpdateTimeGmt': '2025-04-04T04:10:10'}, {'eventType': 'RECOVERY', 'eventStartTimeGmt': '2025-04-04T07:21:20', 'timezoneOffset': 10800000, 'durationInMilliseconds': 7200000, 'bodyBatteryImpact': 5, 'feedbackType': 'RECOVERY_LONG_BODY_BATTERY_INCREASE', 'shortFeedback': 'LONG_RESTFUL_PERIOD', 'deviceId': 3423864303, 'activityName': None, 'activityType': None, 'activityId': None, 'eventUpdateTimeGmt': '2025-04-04T09:23:45'}]",14.0,25.0,7.0,21.0,2025-04-04T21:00:00.0,200,2025-04-04
5652846,3693.0,1655.0,2038.0,3693.0,,,4155.0,24758,2500,24835,24835,1655.0,4155.0,5652846,2025-04-05,"{'typeId': 4, 'typeKey': 'groups'}",f8cb8b24463f4ce68277f55a8348f166,1500,2025-04-04T21:00:00.0,2025-04-05T00:00:00.0,2025-04-05T21:00:00.0,2025-04-06T00:00:00.0,86400000,,11946,6666,38945,28843,True,True,False,False,177,51,319.016,328.96,104.66404,107.92651,500,10,58,167,61,59,GARMIN,46,97,49320,12540,8040,16080,85980,23820,18900,6600.0,57.36,14.58,9.35,18.7,27.7,21.98,7.68,VERY_STRESSFUL,41100,28800,,59,159,36,57,60,5,5,34.0,60.0,3.0,,,,,,,124.0,300.0,"{'eventTimestampGmt': '2025-04-05T19:33:18', 'bodyBatteryLevel': 'VERY_LOW', 'feedbackShortType': 'SLEEP_PREPARATION_STRESSFUL_AND_INTENSIVE_EXERCISE', 'feedbackLongType': 'SLEEP_PREPARATION_STRESSFUL_AND_INTENSIVE_EXERCISE_AND_BB_LOW'}","{'eventTimestampGmt': '2025-04-04T21:10:14', 'bodyBatteryLevel': 'HIGH', 'feedbackShortType': 'SLEEP_TIME_PASSED_RECOVERING_AND_INACTIVE', 'feedbackLongType': 'SLEEP_TIME_PASSED_RECOVERING_AND_INACTIVE'}","[{'eventType': 'SLEEP', 'eventStartTimeGmt': '2025-04-04T21:13:10', 'timezoneOffset': 10800000, 'durationInMilliseconds': 28800000, 'bodyBatteryImpact': 34, 'feedbackType': 'NONE', 'shortFeedback': 'NONE', 'deviceId': 3423864303, 'activityName': None, 'activityType': None, 'activityId': None, 'eventUpdateTimeGmt': '2025-04-05T05:13:53'}, {'eventType': 'ACTIVITY', 'eventStartTimeGmt': '2025-04-05T08:54:28', 'timezoneOffset': 10800000, 'durationInMilliseconds': 13080000, 'bodyBatteryImpact': -16, 'feedbackType': 'EXERCISE_TRAINING_EFFECT_3', 'shortFeedback': 'IMPROVING_AEROBIC_BASE', 'deviceId': 3423864303, 'activityName': 'Taipalsaari - Pitkä pk 3h', 'activityType': 'trail_running', 'activityId': 18738005416, 'eventUpdateTimeGmt': '2025-04-05T12:35:01'}, {'eventType': 'ACTIVITY', 'eventStartTimeGmt': '2025-04-05T16:03:42', 'timezoneOffset': 10800000, 'durationInMilliseconds': 960000, 'bodyBatteryImpact': -1, 'feedbackType': 'EXERCISE_TRAINING_EFFECT_BELOW_2', 'shortFeedback': 'EASY_RECOVERY', 'deviceId': 3423864303, 'activityName': 'Lappeenranta Walking', 'activityType': 'walking', 'activityId': 18740402964, 'eventUpdateTimeGmt': '2025-04-05T16:22:35'}, {'eventType': 'STRESS', 'eventStartTimeGmt': '2025-04-05T16:24:05', 'timezoneOffset': 10800000, 'durationInMilliseconds': 5220000, 'bodyBatteryImpact': -6, 'feedbackType': 'STRESS_EVENING', 'shortFeedback': 'TRY_TO_RELAX', 'deviceId': 3423864303, 'activityName': None, 'activityType': None, 'activityId': None, 'eventUpdateTimeGmt': '2025-04-05T17:53:55'}]",19.0,37.0,7.0,18.0,2025-04-05T21:00:00.0,200,2025-04-05
5652846,2595.0,557.0,2038.0,2595.0,,,3057.0,11707,2500,10033,10033,557.0,3057.0,5652846,2025-04-06,"{'typeId': 4, 'typeKey': 'groups'}",0ea7c99c66a049438c0f56873a8d29dc,1500,2025-04-05T21:00:00.0,2025-04-06T00:00:00.0,2025-04-06T21:00:00.0,2025-04-07T00:00:00.0,86400000,,4006,5821,51763,24810,True,True,False,False,69,2,57.912,53.205,19.0,17.45571,500,10,58,127,61,59,GARMIN,34,99,43260,24780,14040,4140,86220,34080,7920,1260.0,50.17,28.74,16.28,4.8,39.53,9.19,1.46,STRESSFUL,57240,24840,,59,123,37,32,37,5,10,27.0,32.0,3.0,,,,,,,72.0,99.0,"{'eventTimestampGmt': '2025-04-06T17:50:00', 'bodyBatteryLevel': 'LOW', 'feedbackShortType': 'SLEEP_PREPARATION_RECOVERING_AND_EXERCISE', 'feedbackLongType': 'SLEEP_PREPARATION_RECOVERING_AND_EXERCISE_AND_BB_LOW_MORNING_AND_NOW'}","{'eventTimestampGmt': '2025-04-06T01:04:54', 'bodyBatteryLevel': 'MODERATE', 'feedbackShortType': 'SLEEP_TIME_PASSED_STRESSFUL_AND_INACTIVE', 'feedbackLongType': 'SLEEP_TIME_PASSED_STRESSFUL_AND_INACTIVE'}","[{'eventType': 'SLEEP', 'eventStartTimeGmt': '2025-04-05T22:12:35', 'timezoneOffset': 10800000, 'durationInMilliseconds': 22800000, 'bodyBatteryImpact': 27, 'feedbackType': 'NONE', 'shortFeedback': 'NONE', 'deviceId': 3423864303, 'activityName': None, 'activityType': None, 'activityId': None, 'eventUpdateTimeGmt': '2025-04-06T04:33:09'}, {'eventType': 'ACTIVITY', 'eventStartTimeGmt': '2025-04-06T08:34:33', 'timezoneOffset': 10800000, 'durationInMilliseconds': 8340000, 'bodyBatteryImpact': -5, 'feedbackType': 'EXERCISE_TRAINING_EFFECT_BELOW_2', 'shortFeedback': 'EASY_RECOVERY', 'deviceId': 3423864303, 'activityName': 'Lappeenranta Walking', 'activityType': 'walking', 'activityId': 18747710276, 'eventUpdateTimeGmt': '2025-04-06T10:55:04'}, {'eventType': 'RECOVERY', 'eventStartTimeGmt': '2025-04-06T11:44:39', 'timezoneOffset': 10800000, 'durationInMilliseconds': 1380000, 'bodyBatteryImpact': 2, 'feedbackType': 'RECOVERY_BODY_BATTERY_INCREASE', 'shortFeedback': 'BODY_BATTERY_RECHARGE', 'deviceId': 3423864303, 'activityName': None, 'activityType': None, 'activityId': None, 'eventUpdateTimeGmt': '2025-04-06T12:12:20'}]",15.0,26.0,7.0,18.0,2025-04-06T21:00:00.0,200,2025-04-06
5652846,2594.0,556.0,2038.0,2594.0,,,3056.0,8434,2500,7027,7027,556.0,3056.0,5652846,2025-04-07,"{'typeId': 4, 'typeKey': 'groups'}",7ab578d3a68c48619f5076d6d603067a,1500,2025-04-06T21:00:00.0,2025-04-07T00:00:00.0,2025-04-07T21:00:00.0,2025-04-08T00:00:00.0,86400000,,3858,2381,52121,28040,True,True,False,False,16,0,28.883,44.159,9.47605,14.48786,500,10,53,127,58,59,GARMIN,33,99,37740,36720,10500,1020,85980,20160,13500,4080.0,43.89,42.71,12.21,1.19,23.45,15.7,4.75,BALANCED,56940,28020,,56,126,76,74,86,10,12,79.0,86.0,3.0,1.0,,,,,,12.0,73.0,"{'eventTimestampGmt': '2025-04-07T20:23:21', 'bodyBatteryLevel': 'LOW', 'feedbackShortType': 'SLEEP_PREPARATION_BALANCED_AND_EXERCISE', 'feedbackLongType': 'SLEEP_PREPARATION_BALANCED_AND_EXERCISE_AND_BB_LOW'}","{'eventTimestampGmt': '2025-04-06T22:34:20', 'bodyBatteryLevel': 'HIGH', 'feedbackShortType': 'SLEEP_TIME_PASSED_RECOVERING_AND_EXERCISE', 'feedbackLongType': 'SLEEP_TIME_PASSED_RECOVERING_AND_EXERCISE'}","[{'eventType': 'SLEEP', 'eventStartTimeGmt': '2025-04-06T20:27:04', 'timezoneOffset': 10800000, 'durationInMilliseconds': 28320000, 'bodyBatteryImpact': 79, 'feedbackType': 'NONE', 'shortFeedback': 'NONE', 'deviceId': 3423864303, 'activityName': None, 'activityType': None, 'activityId': None, 'eventUpdateTimeGmt': '2025-04-07T04:19:20'}, {'eventType': 'RECOVERY', 'eventStartTimeGmt': '2025-04-07T06:44:55', 'timezoneOffset': 10800000, 'durationInMilliseconds': 2580000, 'bodyBatteryImpact': 0, 'feedbackType': 'RECOVERY_BODY_BATTERY_NOT_INCREASE', 'shortFeedback': 'RESTFUL_PERIOD', 'deviceId': 3423864303, 'activityName': None, 'activityType': None, 'activityId': None, 'eventUpdateTimeGmt': '2025-04-07T07:32:07'}, {'eventType': 'ACTIVITY', 'eventStartTimeGmt': '2025-04-07T13:14:26', 'timezoneOffset': 10800000, 'durationInMilliseconds': 1800000, 'bodyBatteryImpact': -3, 'feedbackType': 'EXERCISE_TRAINING_EFFECT_BELOW_2', 'shortFeedback': 'EASY_RECOVERY', 'deviceId': 3423864303, 'activityName': 'Helsinki Walking', 'activityType': 'walking', 'activityId': 18757774291, 'eventUpdateTimeGmt': '2025-04-07T14:17:04'}, {'eventType': 'ACTIVITY', 'eventStartTimeGmt': '2025-04-07T17:14:16', 'timezoneOffset': 10800000, 'durationInMilliseconds': 1200000, 'bodyBatteryImpact': -3, 'feedbackType': 'NONE', 'shortFeedback': 'NONE', 'deviceId': 3423864303, 'activityName': 'Yoga', 'activityType': 'yoga', 'activityId': 18759817296, 'eventUpdateTimeGmt': '2025-04-07T17:35:00'}]",14.0,22.0,7.0,19.0,2025-04-07T21:00:00.0,200,2025-04-07
5652846,3048.0,1010.0,2038.0,3048.0,,,3510.0,14486,2500,12333,12333,1010.0,3510.0,5652846,2025-04-08,"{'typeId': 4, 'typeKey': 'groups'}",b0c4b88bf61144878a76983c9775dcaf,1500,2025-04-07T21:00:00.0,2025-04-08T00:00:00.0,2025-04-08T21:00:00.0,2025-04-09T00:00:00.0,86400000,,6228,3095,51382,25695,True,True,False,False,67,2,171.671,150.994,56.32251,49.53871,500,10,56,165,61,59,GARMIN,47,99,54480,14760,12960,3600,85800,25560,19800,9120.0,63.5,17.2,15.1,4.2,29.79,23.08,10.63,VERY_STRESSFUL,56640,25560,,59,160,36,43,48,5,5,35.0,47.0,3.0,2.0,,,,,,19.0,144.0,"{'eventTimestampGmt': '2025-04-08T17:50:00', 'bodyBatteryLevel': 'VERY_LOW', 'feedbackShortType': 'SLEEP_PREPARATION_STRESSFUL_AND_EXERCISE', 'feedbackLongType': 'SLEEP_PREPARATION_STRESSFUL_AND_EXERCISE_AND_BB_LOW'}","{'eventTimestampGmt': '2025-04-08T20:12:08', 'bodyBatteryLevel': 'VERY_LOW', 'feedbackShortType': 'SLEEP_TIME_PASSED_STRESSFUL_AND_EXERCISE', 'feedbackLongType': 'SLEEP_TIME_PASSED_STRESSFUL_AND_EXERCISE_AND_BB_LOW'}","[{'eventType': 'SLEEP', 'eventStartTimeGmt': '2025-04-07T20:32:00', 'timezoneOffset': 10800000, 'durationInMilliseconds': 24000000, 'bodyBatteryImpact': 36, 'feedbackType': 'NONE', 'shortFeedback': 'NONE', 'deviceId': 3423864303, 'activityName': None, 'activityType': None, 'activityId': None, 'eventUpdateTimeGmt': '2025-04-08T03:25:56'}, {'eventType': 'ACTIVITY', 'eventStartTimeGmt': '2025-04-08T08:34:33', 'timezoneOffset': 10800000, 'durationInMilliseconds': 1620000, 'bodyBatteryImpact': -1, 'feedbackType': 'EXERCISE_TRAINING_EFFECT_BELOW_2', 'shortFeedback': 'EASY_RECOVERY', 'deviceId': 3423864303, 'activityName': 'Helsinki Walking', 'activityType': 'walking', 'activityId': 18765014092, 'eventUpdateTimeGmt': '2025-04-08T09:03:20'}, {'eventType': 'ACTIVITY', 'eventStartTimeGmt': '2025-04-08T12:08:14', 'timezoneOffset': 10800000, 'durationInMilliseconds': 3300000, 'bodyBatteryImpact': -3, 'feedbackType': 'EXERCISE_TRAINING_EFFECT_2', 'shortFeedback': 'EASY_AEROBIC', 'deviceId': 3423864303, 'activityName': 'Helsinki Walking', 'activityType': 'walking', 'activityId': 18767906024, 'eventUpdateTimeGmt': '2025-04-08T13:04:19'}, {'eventType': 'ACTIVITY', 'eventStartTimeGmt': '2025-04-08T15:37:27', 'timezoneOffset': 10800000, 'durationInMilliseconds': 1320000, 'bodyBatteryImpact': -1, 'feedbackType': 'NONE', 'shortFeedback': 'EASY_RECOVERY', 'deviceId': 3423864303, 'activityName': 'Yoga', 'activityType': 'yoga', 'activityId': 18768725315, 'eventUpdateTimeGmt': '2025-04-08T15:59:45'}]",15.0,24.0,7.0,19.0,2025-04-08T21:00:00.0,200,2025-04-08
5652846,3674.0,1636.0,2038.0,3674.0,,,4136.0,20007,2500,17917,17917,1636.0,4136.0,5652846,2025-04-09,"{'typeId': 4, 'typeKey': 'groups'}",aa56fc089bf74ce589a8aa0677317b99,1500,2025-04-08T21:00:00.0,2025-04-09T00:00:00.0,2025-04-09T21:00:00.0,2025-04-10T00:00:00.0,86400000,,9625,3640,48456,24679,True,True,False,False,44,66,306.802,307.461,100.65682,100.87303,500,10,59,202,62,60,GARMIN,44,99,42120,14760,10140,17400,84420,22860,12120,7140.0,49.89,17.48,12.01,20.61,27.08,14.36,8.46,STRESSFUL,42480,24540,,60,181,28,28,33,5,5,28.0,33.0,3.0,6.0,,,,,,69.0,128.0,"{'eventTimestampGmt': '2025-04-09T17:50:00', 'bodyBatteryLevel': 'VERY_LOW', 'feedbackShortType': 'SLEEP_PREPARATION_STRESSFUL_AND_INTENSIVE_EXERCISE', 'feedbackLongType': 'SLEEP_PREPARATION_STRESSFUL_AND_INTENSIVE_EXERCISE_AND_BB_LOW'}","{'eventTimestampGmt': '2025-04-09T01:03:04', 'bodyBatteryLevel': 'HIGH', 'feedbackShortType': 'SLEEP_TIME_PASSED_STRESSFUL_AND_INACTIVE', 'feedbackLongType': 'SLEEP_TIME_PASSED_STRESSFUL_AND_INACTIVE'}","[{'eventType': 'SLEEP', 'eventStartTimeGmt': '2025-04-08T20:03:45', 'timezoneOffset': 10800000, 'durationInMilliseconds': 26700000, 'bodyBatteryImpact': 28, 'feedbackType': 'NONE', 'shortFeedback': 'NONE', 'deviceId': 3423864303, 'activityName': None, 'activityType': None, 'activityId': None, 'eventUpdateTimeGmt': '2025-04-09T03:28:52'}, {'eventType': 'ACTIVITY', 'eventStartTimeGmt': '2025-04-09T15:04:35', 'timezoneOffset': 10800000, 'durationInMilliseconds': 5400000, 'bodyBatteryImpact': -2, 'feedbackType': 'EXERCISE_TRAINING_EFFECT_3', 'shortFeedback': 'IMPROVING_LACTATE_THRESHOLD', 'deviceId': 3423864303, 'activityName': 'Espoo Trail Running', 'activityType': 'trail_running', 'activityId': 18779352105, 'eventUpdateTimeGmt': '2025-04-09T16:37:26'}]",17.0,41.0,7.0,17.0,2025-04-09T21:00:00.0,200,2025-04-09
5652846,2927.0,889.0,2038.0,2927.0,,,3389.0,14507,2500,11853,11853,889.0,3389.0,5652846,2025-04-10,"{'typeId': 4, 'typeKey': 'groups'}",7d85e774d5eb4e9f89e45bc5c1064296,1500,2025-04-09T21:00:00.0,2025-04-10T00:00:00.0,2025-04-10T21:00:00.0,2025-04-11T00:00:00.0,86400000,,6967,2797,48352,28284,True,True,False,False,41,11,150.678,162.585,49.43504,53.34154,500,10,57,156,63,60,GARMIN,36,98,47220,22320,12780,2640,84960,33960,11400,1860.0,55.58,26.27,15.04,3.11,39.97,13.42,2.19,STRESSFUL,55020,27300,,57,150,28,27,32,5,6,,32.0,3.0,1.0,,,,,,63.0,87.0,"{'eventTimestampGmt': '2025-04-10T17:50:00', 'bodyBatteryLevel': 'VERY_LOW', 'feedbackShortType': 'SLEEP_PREPARATION_STRESSFUL_AND_EXERCISE', 'feedbackLongType': 'SLEEP_PREPARATION_STRESSFUL_AND_EXERCISE_AND_BB_LOW'}","{'eventTimestampGmt': '2025-04-10T20:54:29', 'bodyBatteryLevel': 'LOW', 'feedbackShortType': 'SLEEP_TIME_PASSED_STRESSFUL_AND_EXERCISE', 'feedbackLongType': 'SLEEP_TIME_PASSED_STRESSFUL_AND_EXERCISE_AND_BB_LOW'}","[{'eventType': 'SLEEP', 'eventStartTimeGmt': '2025-04-09T20:37:26', 'timezoneOffset': 10800000, 'durationInMilliseconds': 25440000, 'bodyBatteryImpact': 27, 'feedbackType': 'NONE', 'shortFeedback': 'NONE', 'deviceId': 3423864303, 'activityName': None, 'activityType': None, 'activityId': None, 'eventUpdateTimeGmt': '2025-04-10T03:41:35'}, {'eventType': 'ACTIVITY', 'eventStartTimeGmt': '2025-04-10T12:04:58', 'timezoneOffset': 10800000, 'durationInMilliseconds': 3840000, 'bodyBatteryImpact': -3, 'feedbackType': 'EXERCISE_TRAINING_EFFECT_2', 'shortFeedback': 'MAINTAINING_AEROBIC_BASE', 'deviceId': 3423864303, 'activityName': 'Helsinki Walking', 'activityType': 'walking', 'activityId': 18787171186, 'eventUpdateTimeGmt': '2025-04-10T13:10:02'}]",15.0,23.0,6.0,18.0,2025-04-10T20:59:00.0,200,2025-04-10
5652846,3029.0,991.0,2038.0,3029.0,,,3491.0,12167,2500,12598,12598,991.0,3491.0,5652846,2025-04-11,"{'typeId': 4, 'typeKey': 'groups'}",f1ef0445da394187889befa992747ec1,1500,2025-04-10T21:00:00.0,2025-04-11T00:00:00.0,2025-04-11T21:00:00.0,2025-04-12T00:00:00.0,86400000,,6552,3992,50609,25247,True,True,False,False,89,5,39.826,64.129,13.06627,21.0397,500,10,53,162,62,61,GARMIN,27,93,24420,43140,8160,7440,83160,19260,3780,1380.0,29.37,51.88,9.81,8.95,23.16,4.55,1.66,BALANCED,50760,24960,,55,156,58,45,59,6,19,54.0,59.0,3.0,,,,,,,59.0,151.0,"{'eventTimestampGmt': '2025-04-11T19:10:33', 'bodyBatteryLevel': 'MODERATE', 'feedbackShortType': 'SLEEP_PREPARATION_RECOVERING_AND_INTENSIVE_EXERCISE', 'feedbackLongType': 'SLEEP_PREPARATION_RECOVERING_AND_INTENSIVE_EXERCISE'}","{'eventTimestampGmt': '2025-04-11T20:41:58', 'bodyBatteryLevel': 'MODERATE', 'feedbackShortType': 'SLEEP_TIME_PASSED_RECOVERING_AND_INTENSIVE_EXERCISE', 'feedbackLongType': 'SLEEP_TIME_PASSED_RECOVERING_AND_INTENSIVE_EXERCISE'}","[{'eventType': 'SLEEP', 'eventStartTimeGmt': '2025-04-10T19:50:02', 'timezoneOffset': 10800000, 'durationInMilliseconds': 28260000, 'bodyBatteryImpact': 54, 'feedbackType': 'NONE', 'shortFeedback': 'NONE', 'deviceId': 3423864303, 'activityName': None, 'activityType': None, 'activityId': None, 'eventUpdateTimeGmt': '2025-04-11T03:41:45'}, {'eventType': 'RECOVERY', 'eventStartTimeGmt': '2025-04-11T07:09:50', 'timezoneOffset': 10800000, 'durationInMilliseconds': 2220000, 'bodyBatteryImpact': 0, 'feedbackType': 'RECOVERY_BODY_BATTERY_NOT_INCREASE', 'shortFeedback': 'RESTFUL_PERIOD', 'deviceId': 3423864303, 'activityName': None, 'activityType': None, 'activityId': None, 'eventUpdateTimeGmt': '2025-04-11T07:49:31'}, {'eventType': 'RECOVERY', 'eventStartTimeGmt': '2025-04-11T07:53:20', 'timezoneOffset': 10800000, 'durationInMilliseconds': 2760000, 'bodyBatteryImpact': 3, 'feedbackType': 'RECOVERY_BODY_BATTERY_INCREASE', 'shortFeedback': 'BODY_BATTERY_RECHARGE', 'deviceId': 3423864303, 'activityName': None, 'activityType': None, 'activityId': None, 'eventUpdateTimeGmt': '2025-04-11T08:41:39'}, {'eventType': 'ACTIVITY', 'eventStartTimeGmt': '2025-04-11T12:22:38', 'timezoneOffset': 10800000, 'durationInMilliseconds': 3120000, 'bodyBatteryImpact': -7, 'feedbackType': 'EXERCISE_TRAINING_EFFECT_2', 'shortFeedback': 'MAINTAINING_ANAEROBIC_FITNESS', 'deviceId': 3423864303, 'activityName': 'Strength', 'activityType': 'strength_training', 'activityId': 18797406851, 'eventUpdateTimeGmt': '2025-04-11T13:15:02'}, {'eventType': 'ACTIVITY', 'eventStartTimeGmt': '2025-04-11T13:15:35', 'timezoneOffset': 10800000, 'durationInMilliseconds': 2640000, 'bodyBatteryImpact': -2, 'feedbackType': 'EXERCISE_TRAINING_EFFECT_BELOW_2', 'shortFeedback': 'EASY_AEROBIC', 'deviceId': 3423864303, 'activityName': 'Helsinki Walking', 'activityType': 'walking', 'activityId': 18797407609, 'eventUpdateTimeGmt': '2025-04-11T14:01:00'}, {'eventType': 'ACTIVITY', 'eventStartTimeGmt': '2025-04-11T14:29:46', 'timezoneOffset': 10800000, 'durationInMilliseconds': 1200000, 'bodyBatteryImpact': -3, 'feedbackType': 'NONE', 'shortFeedback': 'NONE', 'deviceId': 3423864303, 'activityName': 'Yoga', 'activityType': 'yoga', 'activityId': 18797408101, 'eventUpdateTimeGmt': '2025-04-11T14:49:58'}]",16.0,33.0,6.0,16.0,2025-04-11T21:00:00.0,200,2025-04-11
5652846,3586.0,1548.0,2038.0,3586.0,,,4048.0,21649,2500,18902,18902,1548.0,4048.0,5652846,2025-04-12,"{'typeId': 4, 'typeKey': 'groups'}",8e68724aeeb4487bb0c5a0b96b300234,1500,2025-04-11T21:00:00.0,2025-04-12T00:00:00.0,2025-04-12T21:00:00.0,2025-04-13T00:00:00.0,86400000,,11442,5199,45569,24190,True,True,False,False,100,6,157.236,162.892,51.58661,53.44226,500,10,57,165,62,61,GARMIN,36,98,37200,23340,11460,12480,84480,25500,9120,2580.0,44.03,27.63,13.57,14.77,30.18,10.8,3.05,STRESSFUL,47940,24060,,60,164,41,55,60,5,5,40.0,60.0,3.0,,,,,,,64.0,197.0,"{'eventTimestampGmt': '2025-04-12T20:00:44', 'bodyBatteryLevel': 'VERY_LOW', 'feedbackShortType': 'SLEEP_PREPARATION_STRESSFUL_AND_INTENSIVE_EXERCISE', 'feedbackLongType': 'SLEEP_PREPARATION_STRESSFUL_AND_INTENSIVE_EXERCISE_AND_BB_LOW'}","{'eventTimestampGmt': '2025-04-12T20:16:06', 'bodyBatteryLevel': 'VERY_LOW', 'feedbackShortType': 'SLEEP_TIME_PASSED_STRESSFUL_AND_INTENSIVE_EXERCISE', 'feedbackLongType': 'SLEEP_TIME_PASSED_STRESSFUL_AND_INTENSIVE_EXERCISE_AND_BB_LOW'}","[{'eventType': 'SLEEP', 'eventStartTimeGmt': '2025-04-11T20:40:58', 'timezoneOffset': 10800000, 'durationInMilliseconds': 23700000, 'bodyBatteryImpact': 40, 'feedbackType': 'NONE', 'shortFeedback': 'NONE', 'deviceId': 3423864303, 'activityName': None, 'activityType': None, 'activityId': None, 'eventUpdateTimeGmt': '2025-04-12T03:30:14'}, {'eventType': 'ACTIVITY', 'eventStartTimeGmt': '2025-04-12T05:27:18', 'timezoneOffset': 10800000, 'durationInMilliseconds': 3360000, 'bodyBatteryImpact': -8, 'feedbackType': 'EXERCISE_TRAINING_EFFECT_2', 'shortFeedback': 'MINOR_ANAEROBIC_EFFECT', 'deviceId': 3423864303, 'activityName': 'Strength', 'activityType': 'strength_training', 'activityId': 18802472471, 'eventUpdateTimeGmt': '2025-04-12T06:23:45'}, {'eventType': 'ACTIVITY', 'eventStartTimeGmt': '2025-04-12T12:39:52', 'timezoneOffset': 10800000, 'durationInMilliseconds': 5040000, 'bodyBatteryImpact': -5, 'feedbackType': 'EXERCISE_TRAINING_EFFECT_2', 'shortFeedback': 'MAINTAINING_AEROBIC_BASE', 'deviceId': 3423864303, 'activityName': 'Helsinki Walking', 'activityType': 'walking', 'activityId': 18806882156, 'eventUpdateTimeGmt': '2025-04-12T14:05:48'}]",17.0,42.0,8.0,17.0,2025-04-12T21:00:00.0,200,2025-04-12
5652846,4649.0,2611.0,2038.0,4649.0,,,5111.0,30441,2500,25286,25286,2611.0,5111.0,5652846,2025-04-13,"{'typeId': 4, 'typeKey': 'groups'}",9aef6cbb2c524b519694a517e790f61b,1500,2025-04-12T21:00:00.0,2025-04-13T00:00:00.0,2025-04-13T21:00:00.0,2025-04-14T00:00:00.0,86400000,,12953,5993,37839,29615,True,True,False,False,83,135,391.521,390.999,128.45177,128.28051,500,10,55,211,60,61,GARMIN,42,99,40440,19800,11100,13200,84540,22020,11640,6780.0,47.84,23.42,13.13,15.61,26.05,13.77,8.02,STRESSFUL,42660,28680,,58,211,45,45,50,5,5,45.0,50.0,3.0,6.0,,,,,,35.0,267.0,"{'eventTimestampGmt': '2025-04-13T18:13:20', 'bodyBatteryLevel': 'VERY_LOW', 'feedbackShortType': 'SLEEP_PREPARATION_STRESSFUL_AND_INTENSIVE_EXERCISE', 'feedbackLongType': 'SLEEP_PREPARATION_STRESSFUL_AND_INTENSIVE_EXERCISE_AND_BB_LOW'}","{'eventTimestampGmt': '2025-04-12T23:52:14', 'bodyBatteryLevel': 'HIGH', 'feedbackShortType': 'SLEEP_TIME_PASSED_STRESSFUL_AND_INACTIVE', 'feedbackLongType': 'SLEEP_TIME_PASSED_STRESSFUL_AND_INACTIVE'}","[{'eventType': 'SLEEP', 'eventStartTimeGmt': '2025-04-12T20:32:48', 'timezoneOffset': 10800000, 'durationInMilliseconds': 27540000, 'bodyBatteryImpact': 45, 'feedbackType': 'NONE', 'shortFeedback': 'NONE', 'deviceId': 3423864303, 'activityName': None, 'activityType': None, 'activityId': None, 'eventUpdateTimeGmt': '2025-04-13T04:12:43'}, {'eventType': 'ACTIVITY', 'eventStartTimeGmt': '2025-04-13T07:04:46', 'timezoneOffset': 10800000, 'durationInMilliseconds': 11340000, 'bodyBatteryImpact': -19, 'feedbackType': 'EXERCISE_TRAINING_EFFECT_4_GOOD_TIMING', 'shortFeedback': 'HIGHLY_IMPROVING_LACTATE_THRESHOLD', 'deviceId': 3423864303, 'activityName': 'Kirkkonummi Trail Running', 'activityType': 'trail_running', 'activityId': 18814351452, 'eventUpdateTimeGmt': '2025-04-13T10:15:59'}, {'eventType': 'ACTIVITY', 'eventStartTimeGmt': '2025-04-13T17:18:45', 'timezoneOffset': 10800000, 'durationInMilliseconds': 1320000, 'bodyBatteryImpact': -1, 'feedbackType': 'NONE', 'shortFeedback': 'NONE', 'deviceId': 3423864303, 'activityName': 'Yoga', 'activityType': 'yoga', 'activityId': 18821169962, 'eventUpdateTimeGmt': '2025-04-13T17:41:08'}]",21.0,45.0,8.0,21.0,2025-04-13T21:00:00.0,200,2025-04-13
5652846,2461.0,423.0,2038.0,2461.0,,,2923.0,9734,2500,8397,8397,423.0,2923.0,5652846,2025-04-14,"{'typeId': 4, 'typeKey': 'groups'}",94d94eb2ef1448728688c7df493f85df,1500,2025-04-13T21:00:00.0,2025-04-14T00:00:00.0,2025-04-14T21:00:00.0,2025-04-15T00:00:00.0,86400000,,4855,2416,51478,27651,True,True,False,False,0,0,55.11,49.828,18.08071,16.34777,500,10,54,116,58,61,GARMIN,26,82,29940,40020,11880,3060,84900,26340,3540,60.0,35.27,47.14,13.99,3.6,31.02,4.17,0.07,BALANCED,59400,22440,,56,115,35,23,35,5,17,29.0,34.0,3.0,,,,,,,19.0,83.0,"{'eventTimestampGmt': '2025-04-14T20:33:09', 'bodyBatteryLevel': 'MODERATE', 'feedbackShortType': 'SLEEP_PREPARATION_RECOVERING_AND_EXERCISE', 'feedbackLongType': 'SLEEP_PREPARATION_RECOVERING_AND_EXERCISE'}","{'eventTimestampGmt': '2025-04-14T20:44:19', 'bodyBatteryLevel': 'MODERATE', 'feedbackShortType': 'SLEEP_TIME_PASSED_RECOVERING_AND_EXERCISE', 'feedbackLongType': 'SLEEP_TIME_PASSED_RECOVERING_AND_EXERCISE'}","[{'eventType': 'SLEEP', 'eventStartTimeGmt': '2025-04-13T19:59:08', 'timezoneOffset': 10800000, 'durationInMilliseconds': 27900000, 'bodyBatteryImpact': 29, 'feedbackType': 'NONE', 'shortFeedback': 'NONE', 'deviceId': 3423864303, 'activityName': None, 'activityType': None, 'activityId': None, 'eventUpdateTimeGmt': '2025-04-14T03:46:39'}, {'eventType': 'RECOVERY', 'eventStartTimeGmt': '2025-04-14T08:21:34', 'timezoneOffset': 10800000, 'durationInMilliseconds': 1980000, 'bodyBatteryImpact': 0, 'feedbackType': 'RECOVERY_BODY_BATTERY_NOT_INCREASE', 'shortFeedback': 'RESTFUL_PERIOD', 'deviceId': 3423864303, 'activityName': None, 'activityType': None, 'activityId': None, 'eventUpdateTimeGmt': '2025-04-14T08:57:25'}, {'eventType': 'ACTIVITY', 'eventStartTimeGmt': '2025-04-14T11:58:37', 'timezoneOffset': 10800000, 'durationInMilliseconds': 2220000, 'bodyBatteryImpact': -1, 'feedbackType': 'EXERCISE_TRAINING_EFFECT_BELOW_2', 'shortFeedback': 'EASY_RECOVERY', 'deviceId': 3423864303, 'activityName': 'Helsinki Walking', 'activityType': 'walking', 'activityId': 18825274981, 'eventUpdateTimeGmt': '2025-04-14T12:37:17'}, {'eventType': 'RECOVERY', 'eventStartTimeGmt': '2025-04-14T16:34:22', 'timezoneOffset': 10800000, 'durationInMilliseconds': 1800000, 'bodyBatteryImpact': 0, 'feedbackType': 'RECOVERY_BODY_BATTERY_NOT_INCREASE', 'shortFeedback': 'RESTFUL_PERIOD', 'deviceId': 3423864303, 'activityName': None, 'activityType': None, 'activityId': None, 'eventUpdateTimeGmt': '2025-04-14T17:08:15'}, {'eventType': 'ACTIVITY', 'eventStartTimeGmt': '2025-04-14T17:19:53', 'timezoneOffset': 10800000, 'durationInMilliseconds': 1260000, 'bodyBatteryImpact': -2, 'feedbackType': 'NONE', 'shortFeedback': 'NONE', 'deviceId': 3423864303, 'activityName': 'Yoga', 'activityType': 'yoga', 'activityId': 18827656951, 'eventUpdateTimeGmt': '2025-04-14T17:42:17'}]",15.0,24.0,8.0,20.0,2025-04-14T20:59:00.0,200,2025-04-14
5652846,2465.0,427.0,2038.0,2465.0,,,2927.0,9566,2500,7886,7886,427.0,2927.0,5652846,2025-04-15,"{'typeId': 4, 'typeKey': 'groups'}",127c4898699d4259b8327df2ebe9a319,1500,2025-04-14T21:00:00.0,2025-04-15T00:00:00.0,2025-04-15T21:00:00.0,2025-04-16T00:00:00.0,86400000,,4148,3158,52246,26848,True,True,False,False,0,0,31.345,39.523,10.28379,12.96686,500,10,58,128,61,61,GARMIN,30,98,40560,33000,10860,1680,86100,34380,5160,1020.0,47.11,38.33,12.61,1.95,39.93,5.99,1.18,STRESSFUL,57900,26520,,59,119,49,47,63,16,19,51.0,63.0,3.0,,,,,,,11.0,76.0,"{'eventTimestampGmt': '2025-04-15T19:24:52', 'bodyBatteryLevel': 'MODERATE', 'feedbackShortType': 'SLEEP_PREPARATION_BALANCED_AND_EXERCISE', 'feedbackLongType': 'SLEEP_PREPARATION_BALANCED_AND_EXERCISE'}","{'eventTimestampGmt': '2025-04-15T20:20:46', 'bodyBatteryLevel': 'MODERATE', 'feedbackShortType': 'SLEEP_TIME_PASSED_BALANCED_AND_EXERCISE', 'feedbackLongType': 'SLEEP_TIME_PASSED_BALANCED_AND_EXERCISE'}","[{'eventType': 'SLEEP', 'eventStartTimeGmt': '2025-04-14T20:03:17', 'timezoneOffset': 10800000, 'durationInMilliseconds': 26220000, 'bodyBatteryImpact': 51, 'feedbackType': 'NONE', 'shortFeedback': 'NONE', 'deviceId': 3423864303, 'activityName': None, 'activityType': None, 'activityId': None, 'eventUpdateTimeGmt': '2025-04-15T03:20:35'}, {'eventType': 'ACTIVITY', 'eventStartTimeGmt': '2025-04-15T12:56:14', 'timezoneOffset': 10800000, 'durationInMilliseconds': 1920000, 'bodyBatteryImpact': -2, 'feedbackType': 'EXERCISE_TRAINING_EFFECT_BELOW_2', 'shortFeedback': 'EASY_RECOVERY', 'deviceId': 3423864303, 'activityName': 'Helsinki Walking', 'activityType': 'walking', 'activityId': 18835544740, 'eventUpdateTimeGmt': '2025-04-15T13:29:52'}, {'eventType': 'ACTIVITY', 'eventStartTimeGmt': '2025-04-15T16:50:47', 'timezoneOffset': 10800000, 'durationInMilliseconds': 1200000, 'bodyBatteryImpact': -2, 'feedbackType': 'NONE', 'shortFeedback': 'NONE', 'deviceId': 3423864303, 'activityName': None, 'activityType': None, 'activityId': None, 'eventUpdateTimeGmt': '2025-04-15T17:11:07'}]",14.0,25.0,7.0,20.0,2025-04-15T21:00:00.0,200,2025-04-15
5652846,2914.0,876.0,2038.0,2914.0,,,3376.0,15631,2500,14355,14355,876.0,3376.0,5652846,2025-04-16,"{'typeId': 4, 'typeKey': 'groups'}",5dc295f862af4590b84ed2b882cc5d36,1500,2025-04-15T21:00:00.0,2025-04-16T00:00:00.0,2025-04-16T21:00:00.0,2025-04-17T00:00:00.0,86400000,,7740,3372,53201,22087,True,True,False,False,61,4,76.992,74.197,25.25984,24.34285,500,10,51,162,61,61,GARMIN,28,96,27900,39540,9060,9660,86160,22200,5220,480.0,32.38,45.89,10.52,11.21,25.77,6.06,0.56,BALANCED,54540,21960,,56,161,46,50,63,15,15,47.0,63.0,3.0,,,,,,,18.0,165.0,"{'eventTimestampGmt': '2025-04-16T17:50:00', 'bodyBatteryLevel': 'MODERATE', 'feedbackShortType': 'SLEEP_PREPARATION_RECOVERING_AND_EXERCISE', 'feedbackLongType': 'SLEEP_PREPARATION_RECOVERING_AND_EXERCISE'}","{'eventTimestampGmt': '2025-04-16T20:08:26', 'bodyBatteryLevel': 'MODERATE', 'feedbackShortType': 'SLEEP_TIME_PASSED_RECOVERING_AND_EXERCISE', 'feedbackLongType': 'SLEEP_TIME_PASSED_RECOVERING_AND_EXERCISE'}","[{'eventType': 'SLEEP', 'eventStartTimeGmt': '2025-04-15T19:53:07', 'timezoneOffset': 10800000, 'durationInMilliseconds': 26100000, 'bodyBatteryImpact': 47, 'feedbackType': 'NONE', 'shortFeedback': 'NONE', 'deviceId': 3423864303, 'activityName': None, 'activityType': None, 'activityId': None, 'eventUpdateTimeGmt': '2025-04-16T03:11:36'}, {'eventType': 'RECOVERY', 'eventStartTimeGmt': '2025-04-16T05:47:46', 'timezoneOffset': 10800000, 'durationInMilliseconds': 1800000, 'bodyBatteryImpact': 0, 'feedbackType': 'RECOVERY_BODY_BATTERY_NOT_INCREASE', 'shortFeedback': 'RESTFUL_PERIOD', 'deviceId': 3423864303, 'activityName': None, 'activityType': None, 'activityId': None, 'eventUpdateTimeGmt': '2025-04-16T06:20:54'}, {'eventType': 'RECOVERY', 'eventStartTimeGmt': '2025-04-16T06:25:01', 'timezoneOffset': 10800000, 'durationInMilliseconds': 4020000, 'bodyBatteryImpact': 2, 'feedbackType': 'RECOVERY_LONG_BODY_BATTERY_INCREASE', 'shortFeedback': 'LONG_RESTFUL_PERIOD', 'deviceId': 3423864303, 'activityName': None, 'activityType': None, 'activityId': None, 'eventUpdateTimeGmt': '2025-04-16T07:34:40'}, {'eventType': 'ACTIVITY', 'eventStartTimeGmt': '2025-04-16T11:30:06', 'timezoneOffset': 10800000, 'durationInMilliseconds': 5580000, 'bodyBatteryImpact': -6, 'feedbackType': 'EXERCISE_TRAINING_EFFECT_BELOW_2', 'shortFeedback': 'EASY_RECOVERY', 'deviceId': 3423864303, 'activityName': 'Helsinki Walking', 'activityType': 'walking', 'activityId': 18844688487, 'eventUpdateTimeGmt': '2025-04-16T13:04:09'}, {'eventType': 'ACTIVITY', 'eventStartTimeGmt': '2025-04-16T13:10:35', 'timezoneOffset': 10800000, 'durationInMilliseconds': 3120000, 'bodyBatteryImpact': -2, 'feedbackType': 'EXERCISE_TRAINING_EFFECT_BELOW_2', 'shortFeedback': 'NONE', 'deviceId': 3423864303, 'activityName': 'Strength', 'activityType': 'strength_training', 'activityId': 18845306159, 'eventUpdateTimeGmt': '2025-04-16T13:04:11'}, {'eventType': 'ACTIVITY', 'eventStartTimeGmt': '2025-04-16T14:03:10', 'timezoneOffset': 10800000, 'durationInMilliseconds': 1440000, 'bodyBatteryImpact': -6, 'feedbackType': 'EXERCISE_TRAINING_EFFECT_2', 'shortFeedback': 'MAINTAINING_AEROBIC', 'deviceId': 3423864303, 'activityName': 'Vantaa Walking', 'activityType': 'walking', 'activityId': 18845306715, 'eventUpdateTimeGmt': '2025-04-16T14:02:58'}]",16.0,40.0,7.0,15.0,2025-04-16T21:00:00.0,200,2025-04-16
5652846,2963.0,925.0,2038.0,2963.0,,,3425.0,9108,2500,8611,7501,925.0,3425.0,5652846,2025-04-17,"{'typeId': 4, 'typeKey': 'groups'}",eb95203732874e23a81986184dfe3626,1500,2025-04-16T21:00:00.0,2025-04-17T00:00:00.0,2025-04-17T21:00:00.0,2025-04-18T00:00:00.0,86400000,,3829,4601,55833,22137,True,True,False,False,67,8,40.208,37.901,13.1916,12.43471,500,10,54,181,60,61,GARMIN,28,98,25920,39840,15240,4440,85440,19440,4980,1500.0,30.34,46.63,17.84,5.2,22.75,5.83,1.76,BALANCED,59040,21960,,57,181,48,54,63,9,9,45.0,63.0,3.0,,,,,,,11.0,127.0,"{'eventTimestampGmt': '2025-04-17T19:24:09', 'bodyBatteryLevel': 'LOW', 'feedbackShortType': 'SLEEP_PREPARATION_BALANCED_AND_INTENSIVE_EXERCISE', 'feedbackLongType': 'SLEEP_PREPARATION_BALANCED_AND_INTENSIVE_EXERCISE_AND_BB_LOW'}","{'eventTimestampGmt': '2025-04-17T20:53:06', 'bodyBatteryLevel': 'LOW', 'feedbackShortType': 'SLEEP_TIME_PASSED_RECOVERING_AND_INTENSIVE_EXERCISE', 'feedbackLongType': 'SLEEP_TIME_PASSED_RECOVERING_AND_INTENSIVE_EXERCISE_AND_BB_LOW'}","[{'eventType': 'SLEEP', 'eventStartTimeGmt': '2025-04-16T21:23:51', 'timezoneOffset': 10800000, 'durationInMilliseconds': 22080000, 'bodyBatteryImpact': 45, 'feedbackType': 'NONE', 'shortFeedback': 'NONE', 'deviceId': 3423864303, 'activityName': None, 'activityType': None, 'activityId': None, 'eventUpdateTimeGmt': '2025-04-17T03:32:48'}, {'eventType': 'ACTIVITY', 'eventStartTimeGmt': '2025-04-17T10:14:34', 'timezoneOffset': 10800000, 'durationInMilliseconds': 1920000, 'bodyBatteryImpact': -4, 'feedbackType': 'EXERCISE_TRAINING_EFFECT_2', 'shortFeedback': 'MAINTAINING_AEROBIC', 'deviceId': 3423864303, 'activityName': 'Strength', 'activityType': 'strength_training', 'activityId': 18853261697, 'eventUpdateTimeGmt': '2025-04-17T10:47:35'}, {'eventType': 'ACTIVITY', 'eventStartTimeGmt': '2025-04-17T10:59:42', 'timezoneOffset': 10800000, 'durationInMilliseconds': 1680000, 'bodyBatteryImpact': -6, 'feedbackType': 'EXERCISE_TRAINING_EFFECT_3', 'shortFeedback': 'IMPROVING_AEROBIC_BASE', 'deviceId': 3423864303, 'activityName': 'Pool Swim', 'activityType': 'lap_swimming', 'activityId': 18853262270, 'eventUpdateTimeGmt': '2025-04-17T11:28:03'}, {'eventType': 'ACTIVITY', 'eventStartTimeGmt': '2025-04-17T16:10:38', 'timezoneOffset': 10800000, 'durationInMilliseconds': 1740000, 'bodyBatteryImpact': -2, 'feedbackType': 'NONE', 'shortFeedback': 'NONE', 'deviceId': 3423864303, 'activityName': 'Yoga', 'activityType': 'yoga', 'activityId': 18856642760, 'eventUpdateTimeGmt': '2025-04-17T16:40:03'}]",14.0,24.0,8.0,18.0,2025-04-17T21:00:00.0,200,2025-04-17
5652846,3573.0,1535.0,2038.0,3573.0,,,4035.0,22947,2500,19497,19497,1535.0,4035.0,5652846,2025-04-18,"{'typeId': 4, 'typeKey': 'groups'}",bf79d0bbdfe34361b0469740a64ed514,1500,2025-04-17T21:00:00.0,2025-04-18T00:00:00.0,2025-04-18T21:00:00.0,2025-04-19T00:00:00.0,86400000,,8854,6747,46982,23817,True,True,False,False,48,53,571.325,560.719,187.44259,183.96293,500,10,56,181,59,60,GARMIN,35,96,29640,27540,15060,10620,82860,16140,10200,3300.0,35.77,33.24,18.18,12.82,19.48,12.31,3.98,BALANCED,48600,23640,,57,180,60,64,69,5,5,59.0,68.0,3.0,,,,,,,22.0,170.0,"{'eventTimestampGmt': '2025-04-18T19:30:34', 'bodyBatteryLevel': 'VERY_LOW', 'feedbackShortType': 'SLEEP_PREPARATION_STRESSFUL_AND_INTENSIVE_EXERCISE', 'feedbackLongType': 'SLEEP_PREPARATION_STRESSFUL_AND_INTENSIVE_EXERCISE_AND_BB_LOW'}","{'eventTimestampGmt': '2025-04-18T20:30:11', 'bodyBatteryLevel': 'VERY_LOW', 'feedbackShortType': 'SLEEP_TIME_PASSED_STRESSFUL_AND_INTENSIVE_EXERCISE', 'feedbackLongType': 'SLEEP_TIME_PASSED_STRESSFUL_AND_INTENSIVE_EXERCISE_AND_BB_LOW'}","[{'eventType': 'SLEEP', 'eventStartTimeGmt': '2025-04-17T21:00:03', 'timezoneOffset': 10800000, 'durationInMilliseconds': 23400000, 'bodyBatteryImpact': 60, 'feedbackType': 'NONE', 'shortFeedback': 'NONE', 'deviceId': 3423864303, 'activityName': None, 'activityType': None, 'activityId': None, 'eventUpdateTimeGmt': '2025-04-18T03:56:43'}, {'eventType': 'ACTIVITY', 'eventStartTimeGmt': '2025-04-18T07:24:30', 'timezoneOffset': 10800000, 'durationInMilliseconds': 2160000, 'bodyBatteryImpact': -2, 'feedbackType': 'EXERCISE_TRAINING_EFFECT_BELOW_2', 'shortFeedback': 'EASY_RECOVERY', 'deviceId': 3423864303, 'activityName': 'Helsinki Walking', 'activityType': 'walking', 'activityId': 18860730498, 'eventUpdateTimeGmt': '2025-04-18T08:01:34'}, {'eventType': 'ACTIVITY', 'eventStartTimeGmt': '2025-04-18T11:34:09', 'timezoneOffset': 10800000, 'durationInMilliseconds': 6060000, 'bodyBatteryImpact': -12, 'feedbackType': 'EXERCISE_TRAINING_EFFECT_3', 'shortFeedback': 'IMPROVING_LACTATE_THRESHOLD', 'deviceId': 3423864303, 'activityName': 'Helsinki Trail Running', 'activityType': 'trail_running', 'activityId': 18863510181, 'eventUpdateTimeGmt': '2025-04-18T13:17:03'}]",17.0,40.0,7.0,18.0,2025-04-18T21:00:00.0,200,2025-04-18
5652846,3606.0,1568.0,2038.0,3606.0,,,4068.0,29318,2500,25809,25809,1568.0,4068.0,5652846,2025-04-19,"{'typeId': 4, 'typeKey': 'groups'}",96d6586860d84b28a7bda4e2edf2d994,1500,2025-04-18T21:00:00.0,2025-04-19T00:00:00.0,2025-04-19T21:00:00.0,2025-04-20T00:00:00.0,86400000,,5151,15701,39145,26403,True,True,False,False,193,0,363.532,354.718,119.26903,116.3773,500,10,58,152,62,60,GARMIN,33,96,27360,22020,9060,26220,84660,19740,6240,1380.0,32.32,26.01,10.7,30.97,23.32,7.37,1.63,STRESSFUL,32820,25620,,60,150,41,41,46,5,5,41.0,46.0,3.0,,,,,,,32.0,350.0,"{'eventTimestampGmt': '2025-04-19T20:45:33', 'bodyBatteryLevel': 'VERY_LOW', 'feedbackShortType': 'SLEEP_PREPARATION_NOT_STRESS_DATA_AND_EXERCISE', 'feedbackLongType': 'SLEEP_PREPARATION_NOT_STRESS_DATA_AND_EXERCISE_AND_BB_LOW'}","{'eventTimestampGmt': '2025-04-19T00:41:18', 'bodyBatteryLevel': 'HIGH', 'feedbackShortType': 'SLEEP_TIME_PASSED_STRESSFUL_AND_INACTIVE', 'feedbackLongType': 'SLEEP_TIME_PASSED_STRESSFUL_AND_INACTIVE'}","[{'eventType': 'SLEEP', 'eventStartTimeGmt': '2025-04-18T20:53:03', 'timezoneOffset': 10800000, 'durationInMilliseconds': 26820000, 'bodyBatteryImpact': 41, 'feedbackType': 'NONE', 'shortFeedback': 'NONE', 'deviceId': 3423864303, 'activityName': None, 'activityType': None, 'activityId': None, 'eventUpdateTimeGmt': '2025-04-19T04:34:25'}, {'eventType': 'ACTIVITY', 'eventStartTimeGmt': '2025-04-19T09:06:08', 'timezoneOffset': 10800000, 'durationInMilliseconds': 16080000, 'bodyBatteryImpact': -13, 'feedbackType': 'EXERCISE_TRAINING_EFFECT_2', 'shortFeedback': 'MAINTAINING_AEROBIC_BASE', 'deviceId': 3423864303, 'activityName': 'Espoo Trail Running', 'activityType': 'trail_running', 'activityId': 18873290435, 'eventUpdateTimeGmt': '2025-04-19T13:35:57'}]",20.0,36.0,8.0,14.0,2025-04-19T21:00:00.0,200,2025-04-19
5652846,2545.0,507.0,2038.0,2545.0,,,3007.0,14359,2500,11694,11694,507.0,3007.0,5652846,2025-04-20,"{'typeId': 4, 'typeKey': 'groups'}",db9a985374fa4e84852c8627151dc5e2,1500,2025-04-19T21:00:00.0,2025-04-20T00:00:00.0,2025-04-20T21:00:00.0,2025-04-21T00:00:00.0,86400000,,5275,6671,48677,25777,True,True,False,False,4,0,87.584,89.915,28.73491,29.49967,500,10,55,120,61,60,GARMIN,23,79,19560,47040,14940,2880,84420,18120,1380,60.0,23.17,55.72,17.7,3.41,21.46,1.63,0.07,BALANCED,60480,21060,,59,120,54,33,53,5,26,46.0,51.0,3.0,,,,,,,18.0,73.0,"{'eventTimestampGmt': '2025-04-20T17:50:01', 'bodyBatteryLevel': 'HIGH', 'feedbackShortType': 'SLEEP_PREPARATION_RECOVERING_AND_EXERCISE', 'feedbackLongType': 'SLEEP_PREPARATION_RECOVERING_AND_EXERCISE'}","{'eventTimestampGmt': '2025-04-20T20:53:44', 'bodyBatteryLevel': 'HIGH', 'feedbackShortType': 'SLEEP_TIME_PASSED_RECOVERING_AND_EXERCISE', 'feedbackLongType': 'SLEEP_TIME_PASSED_RECOVERING_AND_EXERCISE'}","[{'eventType': 'SLEEP', 'eventStartTimeGmt': '2025-04-19T21:29:57', 'timezoneOffset': 10800000, 'durationInMilliseconds': 22980000, 'bodyBatteryImpact': 45, 'feedbackType': 'NONE', 'shortFeedback': 'NONE', 'deviceId': 3423864303, 'activityName': None, 'activityType': None, 'activityId': None, 'eventUpdateTimeGmt': '2025-04-20T03:53:34'}, {'eventType': 'NAP', 'eventStartTimeGmt': '2025-04-20T13:36:34', 'timezoneOffset': 10800000, 'durationInMilliseconds': 2760000, 'bodyBatteryImpact': 5, 'feedbackType': 'NAP_RECOVERING_BODY_BATTERY_INCREASE', 'shortFeedback': 'RESTFUL_NAP', 'deviceId': 3423864303, 'activityName': None, 'activityType': None, 'activityId': None, 'eventUpdateTimeGmt': '2025-04-20T14:33:45'}, {'eventType': 'ACTIVITY', 'eventStartTimeGmt': '2025-04-20T14:48:16', 'timezoneOffset': 10800000, 'durationInMilliseconds': 3060000, 'bodyBatteryImpact': -6, 'feedbackType': 'EXERCISE_TRAINING_EFFECT_BELOW_2', 'shortFeedback': 'EASY_RECOVERY', 'deviceId': 3423864303, 'activityName': None, 'activityType': None, 'activityId': None, 'eventUpdateTimeGmt': '2025-04-20T15:41:39'}]",15.0,23.0,7.0,12.0,2025-04-20T21:00:00.0,200,2025-04-20
5652846,2319.0,281.0,2038.0,2319.0,,,2781.0,7228,2500,7040,7040,281.0,2781.0,5652846,2025-04-21,"{'typeId': 4, 'typeKey': 'groups'}",132e364f4f9e450980f84831c2490fb4,1500,2025-04-20T21:00:00.0,2025-04-21T00:00:00.0,2025-04-21T21:00:00.0,2025-04-22T00:00:00.0,86400000,,3952,1247,53566,27635,True,True,False,False,9,0,36.674,33.595,12.03215,11.02198,500,10,53,127,60,61,GARMIN,26,90,26820,48000,9480,1860,86160,20640,5760,420.0,31.13,55.71,11.0,2.16,23.96,6.69,0.49,BALANCED,56760,27540,,55,125,63,56,83,25,33,57.0,82.0,3.0,,,,,,,17.0,37.0,"{'eventTimestampGmt': '2025-04-21T17:50:00', 'bodyBatteryLevel': 'HIGH', 'feedbackShortType': 'SLEEP_PREPARATION_RECOVERING_AND_EXERCISE', 'feedbackLongType': 'SLEEP_PREPARATION_RECOVERING_AND_EXERCISE'}",,"[{'eventType': 'SLEEP', 'eventStartTimeGmt': '2025-04-20T21:31:39', 'timezoneOffset': 10800000, 'durationInMilliseconds': 25980000, 'bodyBatteryImpact': 57, 'feedbackType': 'NONE', 'shortFeedback': 'NONE', 'deviceId': 3423864303, 'activityName': None, 'activityType': None, 'activityId': None, 'eventUpdateTimeGmt': '2025-04-21T04:45:24'}, {'eventType': 'ACTIVITY', 'eventStartTimeGmt': '2025-04-21T09:55:50', 'timezoneOffset': 10800000, 'durationInMilliseconds': 1560000, 'bodyBatteryImpact': -2, 'feedbackType': 'EXERCISE_TRAINING_EFFECT_BELOW_2', 'shortFeedback': 'EASY_RECOVERY', 'deviceId': 3423864303, 'activityName': 'Helsinki Walking', 'activityType': 'walking', 'activityId': 18890015609, 'eventUpdateTimeGmt': '2025-04-21T10:23:10'}, {'eventType': 'RECOVERY', 'eventStartTimeGmt': '2025-04-21T12:16:40', 'timezoneOffset': 10800000, 'durationInMilliseconds': 2220000, 'bodyBatteryImpact': 0, 'feedbackType': 'RECOVERY_BODY_BATTERY_NOT_INCREASE', 'shortFeedback': 'RESTFUL_PERIOD', 'deviceId': 3423864303, 'activityName': None, 'activityType': None, 'activityId': None, 'eventUpdateTimeGmt': '2025-04-21T12:55:38'}, {'eventType': 'RECOVERY', 'eventStartTimeGmt': '2025-04-21T15:51:35', 'timezoneOffset': 10800000, 'durationInMilliseconds': 5940000, 'bodyBatteryImpact': 3, 'feedbackType': 'RECOVERY_LONG_BODY_BATTERY_INCREASE', 'shortFeedback': 'LONG_RESTFUL_PERIOD', 'deviceId': 3423864303, 'activityName': None, 'activityType': None, 'activityId': None, 'eventUpdateTimeGmt': '2025-04-21T17:33:59'}]",14.0,23.0,7.0,15.0,2025-04-21T20:59:00.0,200,2025-04-21
5652846,2526.0,488.0,2038.0,2526.0,,,2988.0,10541,2500,8869,8869,488.0,2988.0,5652846,2025-04-22,"{'typeId': 4, 'typeKey': 'groups'}",ccc6fd82ca2145fb995e924520c673bd,1500,2025-04-21T21:00:00.0,2025-04-22T00:00:00.0,2025-04-22T21:00:00.0,2025-04-23T00:00:00.0,86400000,,5305,1113,54168,25814,True,True,False,False,26,0,125.776,120.943,41.26509,39.67946,500,10,41,146,55,60,GARMIN,21,85,15960,57660,10440,1380,85440,13920,1980,60.0,18.68,67.49,12.22,1.62,16.29,2.32,0.07,CALM,60780,23280,,45,143,56,56,83,33,33,52.0,83.0,3.0,,,,,,,18.0,106.0,"{'eventTimestampGmt': '2025-04-22T17:50:00', 'bodyBatteryLevel': 'HIGH', 'feedbackShortType': 'SLEEP_PREPARATION_RECOVERING_AND_EXERCISE', 'feedbackLongType': 'SLEEP_PREPARATION_RECOVERING_AND_EXERCISE'}","{'eventTimestampGmt': '2025-04-22T20:32:11', 'bodyBatteryLevel': 'HIGH', 'feedbackShortType': 'SLEEP_TIME_PASSED_RECOVERING_AND_EXERCISE', 'feedbackLongType': 'SLEEP_TIME_PASSED_RECOVERING_AND_EXERCISE'}","[{'eventType': 'SLEEP', 'eventStartTimeGmt': '2025-04-21T20:33:10', 'timezoneOffset': 10800000, 'durationInMilliseconds': 25080000, 'bodyBatteryImpact': 52, 'feedbackType': 'NONE', 'shortFeedback': 'NONE', 'deviceId': 3423864303, 'activityName': None, 'activityType': None, 'activityId': None, 'eventUpdateTimeGmt': '2025-04-22T03:32:05'}, {'eventType': 'RECOVERY', 'eventStartTimeGmt': '2025-04-22T05:27:45', 'timezoneOffset': 10800000, 'durationInMilliseconds': 5280000, 'bodyBatteryImpact': 1, 'feedbackType': 'RECOVERY_LONG_BODY_BATTERY_INCREASE', 'shortFeedback': 'LONG_RESTFUL_PERIOD', 'deviceId': 3423864303, 'activityName': None, 'activityType': None, 'activityId': None, 'eventUpdateTimeGmt': '2025-04-22T07:00:20'}, {'eventType': 'RECOVERY', 'eventStartTimeGmt': '2025-04-22T07:13:10', 'timezoneOffset': 10800000, 'durationInMilliseconds': 3120000, 'bodyBatteryImpact': 4, 'feedbackType': 'RECOVERY_BODY_BATTERY_INCREASE', 'shortFeedback': 'BODY_BATTERY_RECHARGE', 'deviceId': 3423864303, 'activityName': None, 'activityType': None, 'activityId': None, 'eventUpdateTimeGmt': '2025-04-22T08:10:50'}, {'eventType': 'ACTIVITY', 'eventStartTimeGmt': '2025-04-22T12:15:37', 'timezoneOffset': 10800000, 'durationInMilliseconds': 3180000, 'bodyBatteryImpact': -7, 'feedbackType': 'EXERCISE_TRAINING_EFFECT_2', 'shortFeedback': 'MAINTAINING_AEROBIC_BASE', 'deviceId': 3423864303, 'activityName': 'Helsinki Walking', 'activityType': 'walking', 'activityId': 18901476234, 'eventUpdateTimeGmt': '2025-04-22T13:10:24'}, {'eventType': 'ACTIVITY', 'eventStartTimeGmt': '2025-04-22T15:57:16', 'timezoneOffset': 10800000, 'durationInMilliseconds': 1260000, 'bodyBatteryImpact': -2, 'feedbackType': 'NONE', 'shortFeedback': 'NONE', 'deviceId': 3423864303, 'activityName': 'Yoga', 'activityType': 'yoga', 'activityId': 18903246498, 'eventUpdateTimeGmt': '2025-04-22T16:18:51'}]",14.0,24.0,6.0,20.0,2025-04-22T20:59:00.0,200,2025-04-22
5652846,3319.0,1281.0,2038.0,3319.0,,,3781.0,19554,2500,16783,16783,1281.0,3781.0,5652846,2025-04-23,"{'typeId': 4, 'typeKey': 'groups'}",8f6a9efd707c49e080c6e854ddd14fcc,1500,2025-04-22T21:00:00.0,2025-04-23T00:00:00.0,2025-04-23T21:00:00.0,2025-04-24T00:00:00.0,86400000,,8815,2409,47727,27449,True,True,False,False,15,75,296.438,302.973,97.25656,99.40059,500,10,48,186,59,59,GARMIN,33,98,27960,36120,12660,9240,85980,13920,9540,4500.0,32.52,42.01,14.72,10.75,16.19,11.1,5.23,BALANCED,50040,26700,,55,179,52,74,82,11,11,49.0,82.0,3.0,2.0,,,,,,22.0,152.0,"{'eventTimestampGmt': '2025-04-23T19:43:10', 'bodyBatteryLevel': 'LOW', 'feedbackShortType': 'SLEEP_PREPARATION_BALANCED_AND_INTENSIVE_EXERCISE', 'feedbackLongType': 'SLEEP_PREPARATION_BALANCED_AND_INTENSIVE_EXERCISE_AND_BB_LOW'}",,"[{'eventType': 'SLEEP', 'eventStartTimeGmt': '2025-04-22T20:21:51', 'timezoneOffset': 10800000, 'durationInMilliseconds': 29220000, 'bodyBatteryImpact': 49, 'feedbackType': 'NONE', 'shortFeedback': 'NONE', 'deviceId': 3423864303, 'activityName': None, 'activityType': None, 'activityId': None, 'eventUpdateTimeGmt': '2025-04-23T04:29:39'}, {'eventType': 'RECOVERY', 'eventStartTimeGmt': '2025-04-23T07:18:39', 'timezoneOffset': 10800000, 'durationInMilliseconds': 5100000, 'bodyBatteryImpact': 3, 'feedbackType': 'RECOVERY_LONG_BODY_BATTERY_INCREASE', 'shortFeedback': 'LONG_RESTFUL_PERIOD', 'deviceId': 3423864303, 'activityName': None, 'activityType': None, 'activityId': None, 'eventUpdateTimeGmt': '2025-04-23T08:46:20'}, {'eventType': 'ACTIVITY', 'eventStartTimeGmt': '2025-04-23T12:29:05', 'timezoneOffset': 10800000, 'durationInMilliseconds': 1260000, 'bodyBatteryImpact': -3, 'feedbackType': 'EXERCISE_TRAINING_EFFECT_BELOW_2', 'shortFeedback': 'EASY_RECOVERY', 'deviceId': 3423864303, 'activityName': 'Helsinki Walking', 'activityType': 'walking', 'activityId': 18911723510, 'eventUpdateTimeGmt': '2025-04-23T12:52:50'}, {'eventType': 'ACTIVITY', 'eventStartTimeGmt': '2025-04-23T15:04:46', 'timezoneOffset': 10800000, 'durationInMilliseconds': 5100000, 'bodyBatteryImpact': -13, 'feedbackType': 'EXERCISE_TRAINING_EFFECT_3', 'shortFeedback': 'IMPROVING_LACTATE_THRESHOLD', 'deviceId': 3423864303, 'activityName': 'Espoo Trail Running', 'activityType': 'trail_running', 'activityId': 18913766486, 'eventUpdateTimeGmt': '2025-04-23T16:34:10'}]",17.0,42.0,7.0,18.0,2025-04-23T21:00:00.0,200,2025-04-23
5652846,2636.0,598.0,2038.0,2636.0,,,3098.0,12646,2500,11019,11019,598.0,3098.0,5652846,2025-04-24,"{'typeId': 4, 'typeKey': 'groups'}",d5bce91fca8c4c23a6adc85cc5a505f3,1500,2025-04-23T21:00:00.0,2025-04-24T00:00:00.0,2025-04-24T21:00:00.0,2025-04-25T00:00:00.0,86400000,,5944,1916,53491,25049,True,True,False,False,19,0,128.016,126.974,42.0,41.65814,500,10,49,149,62,60,GARMIN,29,93,34680,37680,11520,2340,86220,27240,6900,540.0,40.22,43.7,13.36,2.71,31.59,8.0,0.63,BALANCED,61320,22560,,53,136,35,22,34,11,24,21.0,33.0,3.0,,,94.0,94.0,2025-04-24T03:27:00.0,2025-04-24T06:27:00.0,18.0,120.0,"{'eventTimestampGmt': '2025-04-24T17:50:00', 'bodyBatteryLevel': 'MODERATE', 'feedbackShortType': 'SLEEP_PREPARATION_RECOVERING_AND_EXERCISE', 'feedbackLongType': 'SLEEP_PREPARATION_RECOVERING_AND_EXERCISE'}","{'eventTimestampGmt': '2025-04-24T20:17:22', 'bodyBatteryLevel': 'MODERATE', 'feedbackShortType': 'SLEEP_TIME_PASSED_RECOVERING_AND_EXERCISE', 'feedbackLongType': 'SLEEP_TIME_PASSED_RECOVERING_AND_EXERCISE'}","[{'eventType': 'SLEEP', 'eventStartTimeGmt': '2025-04-23T20:52:10', 'timezoneOffset': 10800000, 'durationInMilliseconds': 23100000, 'bodyBatteryImpact': 21, 'feedbackType': 'NONE', 'shortFeedback': 'NONE', 'deviceId': 3423864303, 'activityName': None, 'activityType': None, 'activityId': None, 'eventUpdateTimeGmt': '2025-04-24T03:21:22'}, {'eventType': 'RECOVERY', 'eventStartTimeGmt': '2025-04-24T05:37:12', 'timezoneOffset': 10800000, 'durationInMilliseconds': 2520000, 'bodyBatteryImpact': -1, 'feedbackType': 'RECOVERY_BODY_BATTERY_NOT_INCREASE', 'shortFeedback': 'RESTFUL_PERIOD', 'deviceId': 3423864303, 'activityName': None, 'activityType': None, 'activityId': None, 'eventUpdateTimeGmt': '2025-04-24T06:22:20'}, {'eventType': 'RECOVERY', 'eventStartTimeGmt': '2025-04-24T06:48:02', 'timezoneOffset': 10800000, 'durationInMilliseconds': 1020000, 'bodyBatteryImpact': 2, 'feedbackType': 'RECOVERY_BODY_BATTERY_INCREASE', 'shortFeedback': 'BODY_BATTERY_RECHARGE', 'deviceId': 3423864303, 'activityName': None, 'activityType': None, 'activityId': None, 'eventUpdateTimeGmt': '2025-04-24T07:08:35'}, {'eventType': 'RECOVERY', 'eventStartTimeGmt': '2025-04-24T09:01:47', 'timezoneOffset': 10800000, 'durationInMilliseconds': 1800000, 'bodyBatteryImpact': 3, 'feedbackType': 'RECOVERY_BODY_BATTERY_INCREASE', 'shortFeedback': 'BODY_BATTERY_RECHARGE', 'deviceId': 3423864303, 'activityName': None, 'activityType': None, 'activityId': None, 'eventUpdateTimeGmt': '2025-04-24T09:54:06'}, {'eventType': 'ACTIVITY', 'eventStartTimeGmt': '2025-04-24T12:04:47', 'timezoneOffset': 10800000, 'durationInMilliseconds': 3840000, 'bodyBatteryImpact': -4, 'feedbackType': 'EXERCISE_TRAINING_EFFECT_2', 'shortFeedback': 'MAINTAINING_AEROBIC_BASE', 'deviceId': 3423864303, 'activityName': 'Helsinki Walking', 'activityType': 'walking', 'activityId': 18921633185, 'eventUpdateTimeGmt': '2025-04-24T13:10:38'}, {'eventType': 'RECOVERY', 'eventStartTimeGmt': '2025-04-24T16:04:31', 'timezoneOffset': 10800000, 'durationInMilliseconds': 1860000, 'bodyBatteryImpact': 0, 'feedbackType': 'RECOVERY_BODY_BATTERY_NOT_INCREASE', 'shortFeedback': 'RESTFUL_PERIOD', 'deviceId': 3423864303, 'activityName': None, 'activityType': None, 'activityId': None, 'eventUpdateTimeGmt': '2025-04-24T16:38:32'}, {'eventType': 'ACTIVITY', 'eventStartTimeGmt': '2025-04-24T16:38:32', 'timezoneOffset': 10800000, 'durationInMilliseconds': 1200000, 'bodyBatteryImpact': -1, 'feedbackType': 'NONE', 'shortFeedback': 'NONE', 'deviceId': 3423864303, 'activityName': 'Yoga', 'activityType': 'yoga', 'activityId': 18923670906, 'eventUpdateTimeGmt': '2025-04-24T16:58:41'}, {'eventType': 'RECOVERY', 'eventStartTimeGmt': '2025-04-24T17:00:51', 'timezoneOffset': 10800000, 'durationInMilliseconds': 660000, 'bodyBatteryImpact': 1, 'feedbackType': 'RECOVERY_SHORT', 'shortFeedback': 'BODY_BATTERY_RECHARGE', 'deviceId': 3423864303, 'activityName': None, 'activityType': None, 'activityId': None, 'eventUpdateTimeGmt': '2025-04-24T17:13:50'}]",14.0,24.0,6.0,16.0,2025-04-24T21:00:00.0,200,2025-04-24
5652846,2792.0,754.0,2038.0,2792.0,,,3254.0,11723,2500,9647,9647,754.0,3254.0,5652846,2025-04-25,"{'typeId': 4, 'typeKey': 'groups'}",047694f3043e409b8805f1e4d574779f,1500,2025-04-24T21:00:00.0,2025-04-25T00:00:00.0,2025-04-25T21:00:00.0,2025-04-26T00:00:00.0,86400000,,5189,4636,54152,22423,True,True,False,False,35,0,23.401,30.594,7.67749,10.0374,500,10,53,153,58,60,GARMIN,28,90,28560,40260,14460,2760,86040,21120,6420,1020.0,33.19,46.79,16.81,3.21,24.55,7.46,1.19,BALANCED,61500,21780,,55,153,60,64,82,20,20,61.0,82.0,3.0,,,,,,,17.0,106.0,"{'eventTimestampGmt': '2025-04-25T18:32:46', 'bodyBatteryLevel': 'MODERATE', 'feedbackShortType': 'SLEEP_PREPARATION_RECOVERING_AND_EXERCISE', 'feedbackLongType': 'SLEEP_PREPARATION_RECOVERING_AND_EXERCISE'}","{'eventTimestampGmt': '2025-04-25T20:04:32', 'bodyBatteryLevel': 'MODERATE', 'feedbackShortType': 'SLEEP_TIME_PASSED_RECOVERING_AND_EXERCISE', 'feedbackLongType': 'SLEEP_TIME_PASSED_RECOVERING_AND_EXERCISE'}","[{'eventType': 'SLEEP', 'eventStartTimeGmt': '2025-04-24T20:19:41', 'timezoneOffset': 10800000, 'durationInMilliseconds': 24240000, 'bodyBatteryImpact': 61, 'feedbackType': 'NONE', 'shortFeedback': 'NONE', 'deviceId': 3423864303, 'activityName': None, 'activityType': None, 'activityId': None, 'eventUpdateTimeGmt': '2025-04-25T03:04:20'}, {'eventType': 'RECOVERY', 'eventStartTimeGmt': '2025-04-25T06:10:40', 'timezoneOffset': 10800000, 'durationInMilliseconds': 1920000, 'bodyBatteryImpact': -1, 'feedbackType': 'RECOVERY_BODY_BATTERY_NOT_INCREASE', 'shortFeedback': 'RESTFUL_PERIOD', 'deviceId': 3423864303, 'activityName': None, 'activityType': None, 'activityId': None, 'eventUpdateTimeGmt': '2025-04-25T06:46:45'}, {'eventType': 'ACTIVITY', 'eventStartTimeGmt': '2025-04-25T11:45:12', 'timezoneOffset': 10800000, 'durationInMilliseconds': 3180000, 'bodyBatteryImpact': -3, 'feedbackType': 'EXERCISE_TRAINING_EFFECT_BELOW_2', 'shortFeedback': 'EASY_RECOVERY', 'deviceId': 3423864303, 'activityName': 'Helsinki Walking', 'activityType': 'walking', 'activityId': 18930805453, 'eventUpdateTimeGmt': '2025-04-25T12:38:42'}, {'eventType': 'ACTIVITY', 'eventStartTimeGmt': '2025-04-25T12:45:17', 'timezoneOffset': 10800000, 'durationInMilliseconds': 2820000, 'bodyBatteryImpact': -5, 'feedbackType': 'EXERCISE_TRAINING_EFFECT_2', 'shortFeedback': 'MAINTAINING_AEROBIC', 'deviceId': 3423864303, 'activityName': 'Strength', 'activityType': 'strength_training', 'activityId': 18931489046, 'eventUpdateTimeGmt': '2025-04-25T13:33:37'}]",14.0,25.0,7.0,17.0,2025-04-25T21:00:00.0,200,2025-04-25
5652846,2960.0,922.0,2038.0,2960.0,,,3422.0,14919,2500,12784,12784,922.0,3422.0,5652846,2025-04-26,"{'typeId': 4, 'typeKey': 'groups'}",08e7b21cd2344397837adc2d91e8e5d2,1500,2025-04-25T21:00:00.0,2025-04-26T00:00:00.0,2025-04-26T21:00:00.0,2025-04-27T00:00:00.0,86400000,,6956,4202,57453,17789,True,True,False,False,68,3,118.872,125.725,39.0,41.24836,500,10,53,161,57,59,GARMIN,31,99,30960,34080,17400,3840,86280,21600,8340,1020.0,35.88,39.5,20.17,4.45,25.03,9.67,1.18,BALANCED,64980,17460,,56,158,47,59,64,8,8,34.0,54.0,3.0,,,,,,,16.0,140.0,"{'eventTimestampGmt': '2025-04-26T17:50:00', 'bodyBatteryLevel': 'LOW', 'feedbackShortType': 'SLEEP_PREPARATION_RECOVERING_AND_EXERCISE', 'feedbackLongType': 'SLEEP_PREPARATION_RECOVERING_AND_EXERCISE_AND_BB_LOW_MORNING_AND_NOW'}","{'eventTimestampGmt': '2025-04-26T18:34:49', 'bodyBatteryLevel': 'LOW', 'feedbackShortType': 'SLEEP_TIME_PASSED_RECOVERING_AND_EXERCISE', 'feedbackLongType': 'SLEEP_TIME_PASSED_RECOVERING_AND_EXERCISE_AND_BB_LOW_MORNING_AND_NOW'}","[{'eventType': 'SLEEP', 'eventStartTimeGmt': '2025-04-25T20:50:37', 'timezoneOffset': 10800000, 'durationInMilliseconds': 17040000, 'bodyBatteryImpact': 34, 'feedbackType': 'NONE', 'shortFeedback': 'NONE', 'deviceId': 3423864303, 'activityName': None, 'activityType': None, 'activityId': None, 'eventUpdateTimeGmt': '2025-04-26T03:24:21'}, {'eventType': 'RECOVERY', 'eventStartTimeGmt': '2025-04-26T04:22:46', 'timezoneOffset': 10800000, 'durationInMilliseconds': 3660000, 'bodyBatteryImpact': 5, 'feedbackType': 'RECOVERY_LONG_BODY_BATTERY_INCREASE', 'shortFeedback': 'LONG_RESTFUL_PERIOD', 'deviceId': 3423864303, 'activityName': None, 'activityType': None, 'activityId': None, 'eventUpdateTimeGmt': '2025-04-26T05:54:30'}, {'eventType': 'ACTIVITY', 'eventStartTimeGmt': '2025-04-26T08:47:58', 'timezoneOffset': 10800000, 'durationInMilliseconds': 2820000, 'bodyBatteryImpact': -6, 'feedbackType': 'EXERCISE_TRAINING_EFFECT_2', 'shortFeedback': 'MINOR_ANAEROBIC_EFFECT', 'deviceId': 3423864303, 'activityName': 'Strength', 'activityType': 'strength_training', 'activityId': 18938494300, 'eventUpdateTimeGmt': '2025-04-26T09:35:48'}, {'eventType': 'ACTIVITY', 'eventStartTimeGmt': '2025-04-26T12:22:55', 'timezoneOffset': 10800000, 'durationInMilliseconds': 3060000, 'bodyBatteryImpact': -6, 'feedbackType': 'EXERCISE_TRAINING_EFFECT_2', 'shortFeedback': 'MINOR_ANAEROBIC_EFFECT', 'deviceId': 3423864303, 'activityName': 'Helsinki Walking', 'activityType': 'walking', 'activityId': 18940704576, 'eventUpdateTimeGmt': '2025-04-26T09:41:42'}]",15.0,22.0,6.0,16.0,2025-04-26T21:00:00.0,200,2025-04-26
5652846,3472.0,1434.0,2038.0,3472.0,,,3934.0,21124,2500,18361,18361,1434.0,3934.0,5652846,2025-04-27,"{'typeId': 4, 'typeKey': 'groups'}",56b5003788994a109053d82d4feb2898,1500,2025-04-26T21:00:00.0,2025-04-27T00:00:00.0,2025-04-27T21:00:00.0,2025-04-28T00:00:00.0,86400000,,8719,3353,39418,34910,True,True,False,False,20,85,290.017,287.598,95.14993,94.3563,500,10,51,177,56,58,GARMIN,28,97,23400,34440,10320,16140,84300,16380,4080,2940.0,27.76,40.85,12.24,19.15,19.43,4.84,3.49,BALANCED,40020,28140,,53,175,76,61,76,8,23,68.0,76.0,3.0,,,,,,,28.0,135.0,"{'eventTimestampGmt': '2025-04-27T19:41:38', 'bodyBatteryLevel': 'MODERATE', 'feedbackShortType': 'SLEEP_PREPARATION_STRESSFUL_AND_INTENSIVE_EXERCISE', 'feedbackLongType': 'SLEEP_PREPARATION_STRESSFUL_AND_INTENSIVE_EXERCISE'}","{'eventTimestampGmt': '2025-04-26T22:57:28', 'bodyBatteryLevel': 'HIGH', 'feedbackShortType': 'SLEEP_TIME_PASSED_RECOVERING_AND_EXERCISE', 'feedbackLongType': 'SLEEP_TIME_PASSED_RECOVERING_AND_EXERCISE'}","[{'eventType': 'SLEEP', 'eventStartTimeGmt': '2025-04-26T20:38:08', 'timezoneOffset': 10800000, 'durationInMilliseconds': 29580000, 'bodyBatteryImpact': 68, 'feedbackType': 'NONE', 'shortFeedback': 'NONE', 'deviceId': 3423864303, 'activityName': None, 'activityType': None, 'activityId': None, 'eventUpdateTimeGmt': '2025-04-27T04:51:27'}, {'eventType': 'ACTIVITY', 'eventStartTimeGmt': '2025-04-27T07:04:51', 'timezoneOffset': 10800000, 'durationInMilliseconds': 5760000, 'bodyBatteryImpact': -18, 'feedbackType': 'EXERCISE_TRAINING_EFFECT_4_GOOD_TIMING', 'shortFeedback': 'HIGHLY_IMPROVING_LACTATE_THRESHOLD', 'deviceId': 3423864303, 'activityName': 'Espoo Trail Running', 'activityType': 'trail_running', 'activityId': 18947679817, 'eventUpdateTimeGmt': '2025-04-27T08:44:37'}]",18.0,41.0,7.0,17.0,2025-04-27T21:00:00.0,200,2025-04-27
5652846,2359.0,321.0,2038.0,2359.0,,,2821.0,7893,2500,6790,6790,321.0,2821.0,5652846,2025-04-28,"{'typeId': 4, 'typeKey': 'groups'}",a1db59aceeb34e3eb3b239c0f15da28b,1500,2025-04-27T21:00:00.0,2025-04-28T00:00:00.0,2025-04-28T21:00:00.0,2025-04-29T00:00:00.0,86400000,,4394,744,53165,28097,True,True,False,False,5,0,49.328,46.538,16.18373,15.26837,500,10,54,118,59,58,GARMIN,19,73,7200,68760,8940,1080,85980,6300,900,,8.37,79.97,10.4,1.26,7.33,1.05,0.0,CALM,59160,25740,,55,118,60,34,75,23,49,60.0,75.0,3.0,,,,,,,20.0,46.0,"{'eventTimestampGmt': '2025-04-28T17:50:01', 'bodyBatteryLevel': 'HIGH', 'feedbackShortType': 'SLEEP_PREPARATION_RECOVERING_AND_EXERCISE', 'feedbackLongType': 'SLEEP_PREPARATION_RECOVERING_AND_EXERCISE'}","{'eventTimestampGmt': '2025-04-27T21:15:20', 'bodyBatteryLevel': 'HIGH', 'feedbackShortType': 'SLEEP_TIME_PASSED_STRESSFUL_AND_INTENSIVE_EXERCISE', 'feedbackLongType': 'SLEEP_TIME_PASSED_STRESSFUL_AND_INTENSIVE_EXERCISE'}","[{'eventType': 'SLEEP', 'eventStartTimeGmt': '2025-04-27T19:09:37', 'timezoneOffset': 10800000, 'durationInMilliseconds': 32460000, 'bodyBatteryImpact': 60, 'feedbackType': 'NONE', 'shortFeedback': 'NONE', 'deviceId': 3423864303, 'activityName': None, 'activityType': None, 'activityId': None, 'eventUpdateTimeGmt': '2025-04-28T04:12:40'}, {'eventType': 'RECOVERY', 'eventStartTimeGmt': '2025-04-28T06:20:55', 'timezoneOffset': 10800000, 'durationInMilliseconds': 3000000, 'bodyBatteryImpact': 2, 'feedbackType': 'RECOVERY_BODY_BATTERY_INCREASE', 'shortFeedback': 'BODY_BATTERY_RECHARGE', 'deviceId': 3423864303, 'activityName': None, 'activityType': None, 'activityId': None, 'eventUpdateTimeGmt': '2025-04-28T07:14:54'}, {'eventType': 'RECOVERY', 'eventStartTimeGmt': '2025-04-28T07:19:40', 'timezoneOffset': 10800000, 'durationInMilliseconds': 9780000, 'bodyBatteryImpact': 3, 'feedbackType': 'RECOVERY_LONG_BODY_BATTERY_INCREASE', 'shortFeedback': 'LONG_RESTFUL_PERIOD', 'deviceId': 3423864303, 'activityName': None, 'activityType': None, 'activityId': None, 'eventUpdateTimeGmt': '2025-04-28T10:07:30'}, {'eventType': 'ACTIVITY', 'eventStartTimeGmt': '2025-04-28T12:33:18', 'timezoneOffset': 10800000, 'durationInMilliseconds': 1920000, 'bodyBatteryImpact': -4, 'feedbackType': 'EXERCISE_TRAINING_EFFECT_BELOW_2', 'shortFeedback': 'EASY_RECOVERY', 'deviceId': 3423864303, 'activityName': 'Helsinki Walking', 'activityType': 'walking', 'activityId': 18960444735, 'eventUpdateTimeGmt': '2025-04-28T13:06:20'}, {'eventType': 'RECOVERY', 'eventStartTimeGmt': '2025-04-28T13:16:00', 'timezoneOffset': 10800000, 'durationInMilliseconds': 3840000, 'bodyBatteryImpact': -2, 'feedbackType': 'RECOVERY_LONG_BODY_BATTERY_NOT_INCREASE', 'shortFeedback': 'LONG_RESTFUL_PERIOD', 'deviceId': 3423864303, 'activityName': None, 'activityType': None, 'activityId': None, 'eventUpdateTimeGmt': '2025-04-28T14:23:50'}]",13.0,23.0,5.0,16.0,2025-04-28T21:00:00.0,200,2025-04-28
5652846,2494.0,456.0,2038.0,2494.0,,,2956.0,10683,2500,8949,8949,456.0,2956.0,5652846,2025-04-29,"{'typeId': 4, 'typeKey': 'groups'}",586f535892ed45a6b010a22e91736694,1500,2025-04-28T21:00:00.0,2025-04-29T00:00:00.0,2025-04-29T21:00:00.0,2025-04-30T00:00:00.0,86400000,,5238,2480,51914,26768,True,True,False,False,4,0,34.086,52.133,11.18307,17.104,500,10,52,124,54,58,GARMIN,23,98,22980,50100,10740,2340,86160,19080,3420,480.0,26.67,58.15,12.47,2.72,22.14,3.97,0.56,BALANCED,60840,22980,,53,122,50,66,88,29,33,41.0,87.0,3.0,,,,,,,15.0,58.0,"{'eventTimestampGmt': '2025-04-29T17:50:00', 'bodyBatteryLevel': 'HIGH', 'feedbackShortType': 'SLEEP_PREPARATION_RECOVERING_AND_EXERCISE', 'feedbackLongType': 'SLEEP_PREPARATION_RECOVERING_AND_EXERCISE'}","{'eventTimestampGmt': '2025-04-29T20:25:34', 'bodyBatteryLevel': 'HIGH', 'feedbackShortType': 'SLEEP_TIME_PASSED_RECOVERING_AND_EXERCISE', 'feedbackLongType': 'SLEEP_TIME_PASSED_RECOVERING_AND_EXERCISE'}","[{'eventType': 'SLEEP', 'eventStartTimeGmt': '2025-04-28T20:22:20', 'timezoneOffset': 10800000, 'durationInMilliseconds': 25380000, 'bodyBatteryImpact': 40, 'feedbackType': 'NONE', 'shortFeedback': 'NONE', 'deviceId': 3423864303, 'activityName': None, 'activityType': None, 'activityId': None, 'eventUpdateTimeGmt': '2025-04-29T03:44:39'}, {'eventType': 'RECOVERY', 'eventStartTimeGmt': '2025-04-29T07:02:19', 'timezoneOffset': 10800000, 'durationInMilliseconds': 1980000, 'bodyBatteryImpact': -2, 'feedbackType': 'RECOVERY_BODY_BATTERY_NOT_INCREASE', 'shortFeedback': 'RESTFUL_PERIOD', 'deviceId': 3423864303, 'activityName': None, 'activityType': None, 'activityId': None, 'eventUpdateTimeGmt': '2025-04-29T07:39:12'}, {'eventType': 'ACTIVITY', 'eventStartTimeGmt': '2025-04-29T12:45:16', 'timezoneOffset': 10800000, 'durationInMilliseconds': 2400000, 'bodyBatteryImpact': -3, 'feedbackType': 'EXERCISE_TRAINING_EFFECT_BELOW_2', 'shortFeedback': 'EASY_RECOVERY', 'deviceId': 3423864303, 'activityName': 'Helsinki Walking', 'activityType': 'walking', 'activityId': 18971480702, 'eventUpdateTimeGmt': '2025-04-29T13:27:12'}, {'eventType': 'RECOVERY', 'eventStartTimeGmt': '2025-04-29T13:41:12', 'timezoneOffset': 10800000, 'durationInMilliseconds': 1380000, 'bodyBatteryImpact': 1, 'feedbackType': 'RECOVERY_BODY_BATTERY_INCREASE', 'shortFeedback': 'BODY_BATTERY_RECHARGE', 'deviceId': 3423864303, 'activityName': None, 'activityType': None, 'activityId': None, 'eventUpdateTimeGmt': '2025-04-29T14:07:35'}, {'eventType': 'RECOVERY', 'eventStartTimeGmt': '2025-04-29T15:51:37', 'timezoneOffset': 10800000, 'durationInMilliseconds': 4620000, 'bodyBatteryImpact': 2, 'feedbackType': 'RECOVERY_LONG_BODY_BATTERY_INCREASE', 'shortFeedback': 'LONG_RESTFUL_PERIOD', 'deviceId': 3423864303, 'activityName': None, 'activityType': None, 'activityId': None, 'eventUpdateTimeGmt': '2025-04-29T17:10:25'}]",14.0,24.0,6.0,17.0,2025-04-29T21:00:00.0,200,2025-04-29
5652846,2608.0,570.0,2038.0,2608.0,,,3070.0,13364,2500,12118,12118,570.0,3070.0,5652846,2025-04-30,"{'typeId': 4, 'typeKey': 'groups'}",370179dab6ce40fa9e496ed23440eddb,1500,2025-04-29T21:00:00.0,2025-04-30T00:00:00.0,2025-04-30T21:00:00.0,2025-05-01T00:00:00.0,86400000,,6201,3218,54829,22152,True,True,False,False,4,0,145.098,144.122,47.60433,47.28412,500,10,50,130,55,57,GARMIN,22,98,15840,48540,19500,2280,86160,11640,3360,840.0,18.38,56.34,22.63,2.65,13.51,3.9,0.97,CALM,61800,22080,,52,130,63,70,89,26,26,59.0,88.0,3.0,,,,,,,15.0,119.0,"{'eventTimestampGmt': '2025-04-30T17:50:01', 'bodyBatteryLevel': 'HIGH', 'feedbackShortType': 'SLEEP_PREPARATION_RECOVERING_AND_EXERCISE', 'feedbackLongType': 'SLEEP_PREPARATION_RECOVERING_AND_EXERCISE'}","{'eventTimestampGmt': '2025-04-30T20:04:19', 'bodyBatteryLevel': 'HIGH', 'feedbackShortType': 'SLEEP_TIME_PASSED_RECOVERING_AND_EXERCISE', 'feedbackLongType': 'SLEEP_TIME_PASSED_RECOVERING_AND_EXERCISE'}","[{'eventType': 'SLEEP', 'eventStartTimeGmt': '2025-04-29T19:59:12', 'timezoneOffset': 10800000, 'durationInMilliseconds': 25500000, 'bodyBatteryImpact': 59, 'feedbackType': 'NONE', 'shortFeedback': 'NONE', 'deviceId': 3423864303, 'activityName': None, 'activityType': None, 'activityId': None, 'eventUpdateTimeGmt': '2025-04-30T03:28:03'}, {'eventType': 'RECOVERY', 'eventStartTimeGmt': '2025-04-30T05:21:13', 'timezoneOffset': 10800000, 'durationInMilliseconds': 2220000, 'bodyBatteryImpact': 0, 'feedbackType': 'RECOVERY_BODY_BATTERY_NOT_INCREASE', 'shortFeedback': 'RESTFUL_PERIOD', 'deviceId': 3423864303, 'activityName': None, 'activityType': None, 'activityId': None, 'eventUpdateTimeGmt': '2025-04-30T06:01:45'}, {'eventType': 'RECOVERY', 'eventStartTimeGmt': '2025-04-30T06:06:33', 'timezoneOffset': 10800000, 'durationInMilliseconds': 5520000, 'bodyBatteryImpact': -1, 'feedbackType': 'RECOVERY_LONG_BODY_BATTERY_NOT_INCREASE', 'shortFeedback': 'LONG_RESTFUL_PERIOD', 'deviceId': 3423864303, 'activityName': None, 'activityType': None, 'activityId': None, 'eventUpdateTimeGmt': '2025-04-30T07:40:25'}, {'eventType': 'ACTIVITY', 'eventStartTimeGmt': '2025-04-30T12:38:01', 'timezoneOffset': 10800000, 'durationInMilliseconds': 3660000, 'bodyBatteryImpact': -6, 'feedbackType': 'EXERCISE_TRAINING_EFFECT_BELOW_2', 'shortFeedback': 'EASY_RECOVERY', 'deviceId': 3423864303, 'activityName': 'Helsinki Walking', 'activityType': 'walking', 'activityId': 18981618710, 'eventUpdateTimeGmt': '2025-04-30T13:40:42'}, {'eventType': 'RECOVERY', 'eventStartTimeGmt': '2025-04-30T13:50:09', 'timezoneOffset': 10800000, 'durationInMilliseconds': 4980000, 'bodyBatteryImpact': 7, 'feedbackType': 'RECOVERY_LONG_BODY_BATTERY_INCREASE', 'shortFeedback': 'LONG_RESTFUL_PERIOD', 'deviceId': 3423864303, 'activityName': None, 'activityType': None, 'activityId': None, 'eventUpdateTimeGmt': '2025-04-30T15:16:10'}]",14.0,25.0,7.0,17.0,2025-04-30T21:00:00.0,200,2025-04-30
5652846,2821.0,783.0,2038.0,2821.0,,,3283.0,17625,2500,16893,16893,783.0,3283.0,5652846,2025-05-01,"{'typeId': 4, 'typeKey': 'groups'}",54fa8e868c0e463c86404ee59c54629d,1500,2025-04-30T21:00:00.0,2025-05-01T00:00:00.0,2025-05-01T21:00:00.0,2025-05-02T00:00:00.0,86400000,,6617,7125,46858,25800,True,True,False,False,4,0,147.775,140.032,48.48261,45.94226,500,10,54,128,58,57,GARMIN,30,93,31620,33180,16620,1800,83220,23520,5940,2160.0,38.0,39.87,19.97,2.16,28.26,7.14,2.6,BALANCED,55860,25560,,56,124,51,60,77,17,17,50.0,76.0,3.0,,,,,,,55.0,149.0,"{'eventTimestampGmt': '2025-05-01T19:56:21', 'bodyBatteryLevel': 'MODERATE', 'feedbackShortType': 'SLEEP_PREPARATION_BALANCED_AND_EXERCISE', 'feedbackLongType': 'SLEEP_PREPARATION_BALANCED_AND_EXERCISE'}",,"[{'eventType': 'SLEEP', 'eventStartTimeGmt': '2025-04-30T20:55:00', 'timezoneOffset': 10800000, 'durationInMilliseconds': 26100000, 'bodyBatteryImpact': 50, 'feedbackType': 'NONE', 'shortFeedback': 'NONE', 'deviceId': 3423864303, 'activityName': None, 'activityType': None, 'activityId': None, 'eventUpdateTimeGmt': '2025-05-01T04:19:31'}, {'eventType': 'ACTIVITY', 'eventStartTimeGmt': '2025-05-01T13:33:29', 'timezoneOffset': 10800000, 'durationInMilliseconds': 6660000, 'bodyBatteryImpact': -7, 'feedbackType': 'EXERCISE_TRAINING_EFFECT_2', 'shortFeedback': 'MAINTAINING_AEROBIC_BASE', 'deviceId': 3423864303, 'activityName': 'Lappeenranta Walking', 'activityType': 'walking', 'activityId': 18993783719, 'eventUpdateTimeGmt': '2025-05-01T15:27:24'}]",15.0,24.0,8.0,19.0,2025-05-01T21:00:00.0,200,2025-05-01
5652846,2611.0,573.0,2038.0,2611.0,,,3073.0,14234,2500,14040,14040,573.0,3073.0,5652846,2025-05-02,"{'typeId': 4, 'typeKey': 'groups'}",83c4c9470a3c48b0a014f0ca4fb0bcf9,1500,2025-05-01T21:00:00.0,2025-05-02T00:00:00.0,2025-05-02T21:00:00.0,2025-05-03T00:00:00.0,86400000,,6029,3045,53866,23460,True,True,False,False,6,0,158.496,142.977,52.0,46.90846,500,10,51,127,56,56,GARMIN,23,93,23040,47580,12180,1320,84120,20520,2040,480.0,27.39,56.56,14.48,1.57,24.39,2.43,0.57,BALANCED,60420,22380,,53,124,64,54,67,16,27,50.0,67.0,3.0,,,,,,,71.0,108.0,"{'eventTimestampGmt': '2025-05-02T17:50:01', 'bodyBatteryLevel': 'HIGH', 'feedbackShortType': 'SLEEP_PREPARATION_RECOVERING_AND_EXERCISE', 'feedbackLongType': 'SLEEP_PREPARATION_RECOVERING_AND_EXERCISE'}","{'eventTimestampGmt': '2025-05-02T20:32:36', 'bodyBatteryLevel': 'HIGH', 'feedbackShortType': 'SLEEP_TIME_PASSED_RECOVERING_AND_EXERCISE', 'feedbackLongType': 'SLEEP_TIME_PASSED_RECOVERING_AND_EXERCISE'}","[{'eventType': 'SLEEP', 'eventStartTimeGmt': '2025-05-01T21:01:00', 'timezoneOffset': 10800000, 'durationInMilliseconds': 23460000, 'bodyBatteryImpact': 51, 'feedbackType': 'NONE', 'shortFeedback': 'NONE', 'deviceId': 3423864303, 'activityName': None, 'activityType': None, 'activityId': None, 'eventUpdateTimeGmt': '2025-05-02T03:57:06'}, {'eventType': 'RECOVERY', 'eventStartTimeGmt': '2025-05-02T06:08:31', 'timezoneOffset': 10800000, 'durationInMilliseconds': 5940000, 'bodyBatteryImpact': 2, 'feedbackType': 'RECOVERY_LONG_BODY_BATTERY_INCREASE', 'shortFeedback': 'LONG_RESTFUL_PERIOD', 'deviceId': 3423864303, 'activityName': None, 'activityType': None, 'activityId': None, 'eventUpdateTimeGmt': '2025-05-02T07:51:20'}, {'eventType': 'RECOVERY', 'eventStartTimeGmt': '2025-05-02T09:51:26', 'timezoneOffset': 10800000, 'durationInMilliseconds': 5280000, 'bodyBatteryImpact': 3, 'feedbackType': 'RECOVERY_LONG_BODY_BATTERY_INCREASE', 'shortFeedback': 'LONG_RESTFUL_PERIOD', 'deviceId': 3423864303, 'activityName': None, 'activityType': None, 'activityId': None, 'eventUpdateTimeGmt': '2025-05-02T11:23:25'}, {'eventType': 'ACTIVITY', 'eventStartTimeGmt': '2025-05-02T14:01:18', 'timezoneOffset': 10800000, 'durationInMilliseconds': 4560000, 'bodyBatteryImpact': -8, 'feedbackType': 'EXERCISE_TRAINING_EFFECT_BELOW_2', 'shortFeedback': 'EASY_RECOVERY', 'deviceId': 3423864303, 'activityName': 'Lappeenranta Walking', 'activityType': 'walking', 'activityId': 19008441869, 'eventUpdateTimeGmt': '2025-05-02T15:18:02'}]",15.0,23.0,7.0,22.0,2025-05-02T21:00:00.0,200,2025-05-02
5652846,3297.0,1259.0,2038.0,3297.0,,,3759.0,21476,2500,16852,16852,1259.0,3759.0,5652846,2025-05-03,"{'typeId': 4, 'typeKey': 'groups'}",da1fd9b9a50e4e0496db02bec53e8891,1500,2025-05-02T21:00:00.0,2025-05-03T00:00:00.0,2025-05-03T21:00:00.0,2025-05-04T00:00:00.0,86400000,,8841,3667,45212,28680,True,True,False,False,89,24,364.296,358.576,119.51969,117.64304,500,10,53,173,57,56,GARMIN,35,99,35460,29700,9660,9900,84720,17700,14700,3060.0,41.86,35.06,11.4,11.69,20.89,17.35,3.61,BALANCED,46200,28620,,55,171,66,80,91,13,13,64.0,91.0,3.0,1.0,,,,,,59.0,223.0,"{'eventTimestampGmt': '2025-05-03T20:02:02', 'bodyBatteryLevel': 'LOW', 'feedbackShortType': 'SLEEP_PREPARATION_STRESSFUL_AND_RACE_COMPLETED', 'feedbackLongType': 'SLEEP_PREPARATION_STRESSFUL_AND_RACE_COMPLETED_AND_BB_LOW'}",,"[{'eventType': 'SLEEP', 'eventStartTimeGmt': '2025-05-02T21:07:02', 'timezoneOffset': 10800000, 'durationInMilliseconds': 28680000, 'bodyBatteryImpact': 64, 'feedbackType': 'NONE', 'shortFeedback': 'NONE', 'deviceId': 3423864303, 'activityName': None, 'activityType': None, 'activityId': None, 'eventUpdateTimeGmt': '2025-05-03T05:05:07'}, {'eventType': 'ACTIVITY', 'eventStartTimeGmt': '2025-05-03T09:07:27', 'timezoneOffset': 10800000, 'durationInMilliseconds': 6780000, 'bodyBatteryImpact': -16, 'feedbackType': 'EXERCISE_TRAINING_EFFECT_3', 'shortFeedback': 'IMPROVING_TEMPO', 'deviceId': 3423864303, 'activityName': 'Savitaipale - Orrainpolku', 'activityType': 'trail_running', 'activityId': 19011232672, 'eventUpdateTimeGmt': '2025-05-03T11:02:03'}, {'eventType': 'ACTIVITY', 'eventStartTimeGmt': '2025-05-03T16:48:43', 'timezoneOffset': 10800000, 'durationInMilliseconds': 3720000, 'bodyBatteryImpact': -2, 'feedbackType': 'EXERCISE_TRAINING_EFFECT_BELOW_2', 'shortFeedback': 'EASY_RECOVERY', 'deviceId': 3423864303, 'activityName': 'Lappeenranta Walking', 'activityType': 'walking', 'activityId': 19015517317, 'eventUpdateTimeGmt': '2025-05-03T17:51:31'}]",18.0,42.0,6.0,16.0,2025-05-03T21:00:00.0,200,2025-05-03
5652846,2564.0,526.0,2038.0,2564.0,,,3026.0,13773,2500,12225,12225,526.0,3026.0,5652846,2025-05-04,"{'typeId': 4, 'typeKey': 'groups'}",50b3281919684c62b5ab76c6472f9d9a,1500,2025-05-03T21:00:00.0,2025-05-04T00:00:00.0,2025-05-04T21:00:00.0,2025-05-05T00:00:00.0,86400000,,6977,1479,49823,28121,True,True,False,False,0,0,53.263,60.819,17.47474,19.95374,500,10,55,113,61,57,GARMIN,27,86,33720,38760,11700,1560,85740,30000,3660,60.0,39.33,45.21,13.65,1.82,34.99,4.27,0.07,BALANCED,56220,27960,,57,111,45,23,49,10,35,38.0,48.0,3.0,,,,,,,62.0,133.0,"{'eventTimestampGmt': '2025-05-04T19:35:30', 'bodyBatteryLevel': 'HIGH', 'feedbackShortType': 'SLEEP_PREPARATION_RECOVERING_AND_EXERCISE', 'feedbackLongType': 'SLEEP_PREPARATION_RECOVERING_AND_EXERCISE'}","{'eventTimestampGmt': '2025-05-04T01:06:47', 'bodyBatteryLevel': 'HIGH', 'feedbackShortType': 'SLEEP_TIME_PASSED_STRESSFUL_AND_INACTIVE', 'feedbackLongType': 'SLEEP_TIME_PASSED_STRESSFUL_AND_INACTIVE'}","[{'eventType': 'SLEEP', 'eventStartTimeGmt': '2025-05-03T22:15:31', 'timezoneOffset': 10800000, 'durationInMilliseconds': 27180000, 'bodyBatteryImpact': 38, 'feedbackType': 'NONE', 'shortFeedback': 'NONE', 'deviceId': 3423864303, 'activityName': None, 'activityType': None, 'activityId': None, 'eventUpdateTimeGmt': '2025-05-04T05:57:13'}, {'eventType': 'ACTIVITY', 'eventStartTimeGmt': '2025-05-04T08:49:27', 'timezoneOffset': 10800000, 'durationInMilliseconds': 5580000, 'bodyBatteryImpact': -3, 'feedbackType': 'EXERCISE_TRAINING_EFFECT_BELOW_2', 'shortFeedback': 'EASY_RECOVERY', 'deviceId': 3423864303, 'activityName': 'Lappeenranta Walking', 'activityType': 'walking', 'activityId': 19021805379, 'eventUpdateTimeGmt': '2025-05-04T10:23:19'}, {'eventType': 'RECOVERY', 'eventStartTimeGmt': '2025-05-04T11:44:44', 'timezoneOffset': 10800000, 'durationInMilliseconds': 720000, 'bodyBatteryImpact': 2, 'feedbackType': 'RECOVERY_SHORT', 'shortFeedback': 'BODY_BATTERY_RECHARGE', 'deviceId': 3423864303, 'activityName': None, 'activityType': None, 'activityId': None, 'eventUpdateTimeGmt': '2025-05-04T11:59:20'}]",14.0,24.0,7.0,17.0,2025-05-04T20:59:00.0,200,2025-05-04
5652846,2398.0,360.0,2038.0,2398.0,,,2860.0,8823,2500,7786,7786,360.0,2860.0,5652846,2025-05-05,"{'typeId': 4, 'typeKey': 'groups'}",596c3a20763b4aa0bdc95efe6b1889a2,1500,2025-05-04T21:00:00.0,2025-05-05T00:00:00.0,2025-05-05T21:00:00.0,2025-05-06T00:00:00.0,86400000,,4189,1729,55095,25387,True,True,False,False,0,0,42.862,59.192,14.06234,19.41995,500,10,45,106,59,57,GARMIN,21,88,13800,60720,9540,2100,86160,11340,2340,120.0,16.02,70.47,11.07,2.44,13.16,2.72,0.14,CALM,59040,25020,,50,104,46,48,81,35,35,46.0,81.0,3.0,,,,,,,4.0,83.0,"{'eventTimestampGmt': '2025-05-05T17:50:01', 'bodyBatteryLevel': 'HIGH', 'feedbackShortType': 'SLEEP_PREPARATION_RECOVERING_AND_EXERCISE', 'feedbackLongType': 'SLEEP_PREPARATION_RECOVERING_AND_EXERCISE'}","{'eventTimestampGmt': '2025-05-05T20:25:09', 'bodyBatteryLevel': 'HIGH', 'feedbackShortType': 'SLEEP_TIME_PASSED_RECOVERING_AND_EXERCISE', 'feedbackLongType': 'SLEEP_TIME_PASSED_RECOVERING_AND_EXERCISE'}","[{'eventType': 'SLEEP', 'eventStartTimeGmt': '2025-05-04T20:44:19', 'timezoneOffset': 10800000, 'durationInMilliseconds': 24000000, 'bodyBatteryImpact': 46, 'feedbackType': 'NONE', 'shortFeedback': 'NONE', 'deviceId': 3423864303, 'activityName': None, 'activityType': None, 'activityId': None, 'eventUpdateTimeGmt': '2025-05-05T03:24:54'}, {'eventType': 'RECOVERY', 'eventStartTimeGmt': '2025-05-05T05:24:14', 'timezoneOffset': 10800000, 'durationInMilliseconds': 2160000, 'bodyBatteryImpact': -1, 'feedbackType': 'RECOVERY_BODY_BATTERY_NOT_INCREASE', 'shortFeedback': 'RESTFUL_PERIOD', 'deviceId': 3423864303, 'activityName': None, 'activityType': None, 'activityId': None, 'eventUpdateTimeGmt': '2025-05-05T06:04:22'}, {'eventType': 'RECOVERY', 'eventStartTimeGmt': '2025-05-05T06:10:24', 'timezoneOffset': 10800000, 'durationInMilliseconds': 6600000, 'bodyBatteryImpact': 1, 'feedbackType': 'RECOVERY_LONG_BODY_BATTERY_INCREASE', 'shortFeedback': 'LONG_RESTFUL_PERIOD', 'deviceId': 3423864303, 'activityName': None, 'activityType': None, 'activityId': None, 'eventUpdateTimeGmt': '2025-05-05T08:04:50'}, {'eventType': 'ACTIVITY', 'eventStartTimeGmt': '2025-05-05T12:10:07', 'timezoneOffset': 10800000, 'durationInMilliseconds': 2160000, 'bodyBatteryImpact': -4, 'feedbackType': 'EXERCISE_TRAINING_EFFECT_BELOW_2', 'shortFeedback': 'EASY_RECOVERY', 'deviceId': 3423864303, 'activityName': 'Helsinki Walking', 'activityType': 'walking', 'activityId': 19031825786, 'eventUpdateTimeGmt': '2025-05-05T12:47:49'}, {'eventType': 'ACTIVITY', 'eventStartTimeGmt': '2025-05-05T12:59:48', 'timezoneOffset': 10800000, 'durationInMilliseconds': 1260000, 'bodyBatteryImpact': -2, 'feedbackType': 'NONE', 'shortFeedback': 'NONE', 'deviceId': 3423864303, 'activityName': 'Yoga', 'activityType': 'yoga', 'activityId': 19031826197, 'eventUpdateTimeGmt': '2025-05-05T13:21:47'}, {'eventType': 'RECOVERY', 'eventStartTimeGmt': '2025-05-05T14:32:12', 'timezoneOffset': 10800000, 'durationInMilliseconds': 5520000, 'bodyBatteryImpact': -2, 'feedbackType': 'RECOVERY_LONG_BODY_BATTERY_NOT_INCREASE', 'shortFeedback': 'LONG_RESTFUL_PERIOD', 'deviceId': 3423864303, 'activityName': None, 'activityType': None, 'activityId': None, 'eventUpdateTimeGmt': '2025-05-05T16:07:29'}]",14.0,25.0,6.0,14.0,2025-05-05T21:00:00.0,200,2025-05-05
5652846,2690.0,652.0,2038.0,2690.0,,,3152.0,11136,2500,9649,9649,652.0,3152.0,5652846,2025-05-06,"{'typeId': 4, 'typeKey': 'groups'}",20c7494b71a34a40996753e329bd34cc,1500,2025-05-05T21:00:00.0,2025-05-06T00:00:00.0,2025-05-06T21:00:00.0,2025-05-07T00:00:00.0,86400000,,5377,1577,53993,25453,True,True,False,False,17,15,113.426,125.848,37.21325,41.28871,500,10,54,174,59,58,GARMIN,31,98,35520,36660,9660,4200,86040,24660,8820,2040.0,41.28,42.61,11.23,4.88,28.66,10.25,2.37,BALANCED,59040,22800,,57,169,46,66,80,14,17,43.0,78.0,3.0,,,,,,,5.0,77.0,"{'eventTimestampGmt': '2025-05-06T19:25:48', 'bodyBatteryLevel': 'LOW', 'feedbackShortType': 'SLEEP_PREPARATION_BALANCED_AND_INTENSIVE_EXERCISE', 'feedbackLongType': 'SLEEP_PREPARATION_BALANCED_AND_INTENSIVE_EXERCISE_AND_BB_LOW'}","{'eventTimestampGmt': '2025-05-06T20:38:50', 'bodyBatteryLevel': 'MODERATE', 'feedbackShortType': 'SLEEP_TIME_PASSED_BALANCED_AND_INTENSIVE_EXERCISE', 'feedbackLongType': 'SLEEP_TIME_PASSED_BALANCED_AND_INTENSIVE_EXERCISE'}","[{'eventType': 'SLEEP', 'eventStartTimeGmt': '2025-05-05T20:21:47', 'timezoneOffset': 10800000, 'durationInMilliseconds': 25260000, 'bodyBatteryImpact': 44, 'feedbackType': 'NONE', 'shortFeedback': 'NONE', 'deviceId': 3423864303, 'activityName': None, 'activityType': None, 'activityId': None, 'eventUpdateTimeGmt': '2025-05-06T03:59:23'}, {'eventType': 'ACTIVITY', 'eventStartTimeGmt': '2025-05-06T12:22:14', 'timezoneOffset': 10800000, 'durationInMilliseconds': 1980000, 'bodyBatteryImpact': -7, 'feedbackType': 'EXERCISE_TRAINING_EFFECT_3', 'shortFeedback': 'IMPROVING_TEMPO', 'deviceId': 3423864303, 'activityName': 'Helsinki Trail Running', 'activityType': 'trail_running', 'activityId': 19041194278, 'eventUpdateTimeGmt': '2025-05-06T12:56:11'}, {'eventType': 'ACTIVITY', 'eventStartTimeGmt': '2025-05-06T13:02:35', 'timezoneOffset': 10800000, 'durationInMilliseconds': 1200000, 'bodyBatteryImpact': -3, 'feedbackType': 'NONE', 'shortFeedback': 'NONE', 'deviceId': 3423864303, 'activityName': 'Yoga', 'activityType': 'yoga', 'activityId': 19041399300, 'eventUpdateTimeGmt': '2025-05-06T13:23:34'}]",15.0,39.0,6.0,9.0,2025-05-06T21:00:00.0,200,2025-05-06
5652846,3030.0,992.0,2038.0,3030.0,,,3492.0,9830,2500,12382,9141,992.0,3492.0,5652846,2025-05-07,"{'typeId': 4, 'typeKey': 'groups'}",57e0b0cae17f43128cbea9bd3c9558d3,1500,2025-05-06T21:00:00.0,2025-05-07T00:00:00.0,2025-05-07T21:00:00.0,2025-05-08T00:00:00.0,86400000,,6066,2736,52565,25033,True,True,False,False,25,7,46.935,46.379,15.39862,15.21621,500,10,55,167,59,58,GARMIN,27,92,25680,40380,10200,7440,83700,19980,5100,600.0,30.68,48.24,12.19,8.89,23.87,6.09,0.72,BALANCED,54900,21360,,56,164,54,47,67,17,24,52.0,66.0,3.0,,,,,,,6.0,77.0,"{'eventTimestampGmt': '2025-05-07T17:50:01', 'bodyBatteryLevel': 'MODERATE', 'feedbackShortType': 'SLEEP_PREPARATION_RECOVERING_AND_EXERCISE', 'feedbackLongType': 'SLEEP_PREPARATION_RECOVERING_AND_EXERCISE'}","{'eventTimestampGmt': '2025-05-07T20:16:45', 'bodyBatteryLevel': 'MODERATE', 'feedbackShortType': 'SLEEP_TIME_PASSED_RECOVERING_AND_EXERCISE', 'feedbackLongType': 'SLEEP_TIME_PASSED_RECOVERING_AND_EXERCISE'}","[{'eventType': 'SLEEP', 'eventStartTimeGmt': '2025-05-06T20:18:34', 'timezoneOffset': 10800000, 'durationInMilliseconds': 25080000, 'bodyBatteryImpact': 53, 'feedbackType': 'NONE', 'shortFeedback': 'NONE', 'deviceId': 3423864303, 'activityName': None, 'activityType': None, 'activityId': None, 'eventUpdateTimeGmt': '2025-05-07T04:24:34'}, {'eventType': 'RECOVERY', 'eventStartTimeGmt': '2025-05-07T06:50:24', 'timezoneOffset': 10800000, 'durationInMilliseconds': 1860000, 'bodyBatteryImpact': 0, 'feedbackType': 'RECOVERY_BODY_BATTERY_NOT_INCREASE', 'shortFeedback': 'RESTFUL_PERIOD', 'deviceId': 3423864303, 'activityName': None, 'activityType': None, 'activityId': None, 'eventUpdateTimeGmt': '2025-05-07T07:24:10'}, {'eventType': 'ACTIVITY', 'eventStartTimeGmt': '2025-05-07T12:10:44', 'timezoneOffset': 10800000, 'durationInMilliseconds': 1440000, 'bodyBatteryImpact': -3, 'feedbackType': 'EXERCISE_TRAINING_EFFECT_BELOW_2', 'shortFeedback': 'EASY_RECOVERY', 'deviceId': 3423864303, 'activityName': 'Helsinki Walking', 'activityType': 'walking', 'activityId': 19051595629, 'eventUpdateTimeGmt': '2025-05-07T12:36:02'}, {'eventType': 'ACTIVITY', 'eventStartTimeGmt': '2025-05-07T15:15:23', 'timezoneOffset': 10800000, 'durationInMilliseconds': 4320000, 'bodyBatteryImpact': -7, 'feedbackType': 'EXERCISE_TRAINING_EFFECT_2', 'shortFeedback': 'MAINTAINING_AEROBIC_BASE', 'deviceId': 3423864303, 'activityName': 'Espoo Cross Country Classic Skiing', 'activityType': 'cross_country_skiing_ws', 'activityId': 19053499026, 'eventUpdateTimeGmt': '2025-05-07T16:29:21'}]",16.0,39.0,6.0,16.0,2025-05-07T21:00:00.0,200,2025-05-07
5652846,2522.0,484.0,2038.0,2522.0,,,2984.0,11240,2500,9291,9291,484.0,2984.0,5652846,2025-05-08,"{'typeId': 4, 'typeKey': 'groups'}",3990bf8765884acf999820e12e4b07ef,1500,2025-05-07T21:00:00.0,2025-05-08T00:00:00.0,2025-05-08T21:00:00.0,2025-05-09T00:00:00.0,86400000,,4882,3033,53638,24847,True,True,False,False,0,0,59.653,44.217,19.57119,14.50689,500,10,55,116,60,59,GARMIN,27,87,27960,42480,10560,3300,84300,22800,4320,840.0,33.17,50.39,12.53,3.91,27.05,5.12,1.0,BALANCED,58200,22800,,57,114,54,45,71,24,33,49.0,71.0,3.0,,,,,,,-10.0,31.0,"{'eventTimestampGmt': '2025-05-08T17:50:00', 'bodyBatteryLevel': 'HIGH', 'feedbackShortType': 'SLEEP_PREPARATION_RECOVERING_AND_EXERCISE', 'feedbackLongType': 'SLEEP_PREPARATION_RECOVERING_AND_EXERCISE'}","{'eventTimestampGmt': '2025-05-08T20:32:29', 'bodyBatteryLevel': 'HIGH', 'feedbackShortType': 'SLEEP_TIME_PASSED_RECOVERING_AND_EXERCISE', 'feedbackLongType': 'SLEEP_TIME_PASSED_RECOVERING_AND_EXERCISE'}","[{'eventType': 'SLEEP', 'eventStartTimeGmt': '2025-05-07T20:19:21', 'timezoneOffset': 10800000, 'durationInMilliseconds': 25920000, 'bodyBatteryImpact': 49, 'feedbackType': 'NONE', 'shortFeedback': 'NONE', 'deviceId': 3423864303, 'activityName': None, 'activityType': None, 'activityId': None, 'eventUpdateTimeGmt': '2025-05-08T03:32:18'}, {'eventType': 'RECOVERY', 'eventStartTimeGmt': '2025-05-08T15:08:33', 'timezoneOffset': 10800000, 'durationInMilliseconds': 3420000, 'bodyBatteryImpact': 0, 'feedbackType': 'RECOVERY_BODY_BATTERY_NOT_INCREASE', 'shortFeedback': 'RESTFUL_PERIOD', 'deviceId': 3423864303, 'activityName': None, 'activityType': None, 'activityId': None, 'eventUpdateTimeGmt': '2025-05-08T16:09:31'}, {'eventType': 'ACTIVITY', 'eventStartTimeGmt': '2025-05-08T16:11:54', 'timezoneOffset': 10800000, 'durationInMilliseconds': 1320000, 'bodyBatteryImpact': -1, 'feedbackType': 'NONE', 'shortFeedback': 'NONE', 'deviceId': 3423864303, 'activityName': 'Yoga', 'activityType': 'yoga', 'activityId': 19063702009, 'eventUpdateTimeGmt': '2025-05-08T16:34:11'}]",15.0,24.0,5.0,17.0,2025-05-08T21:00:00.0,200,2025-05-08
5652846,2577.0,539.0,2038.0,2577.0,,,3039.0,13851,2500,14424,14424,539.0,3039.0,5652846,2025-05-09,"{'typeId': 4, 'typeKey': 'groups'}",e39121cdea484c1ba318ba5d2622d6ce,1500,2025-05-08T21:00:00.0,2025-05-09T00:00:00.0,2025-05-09T21:00:00.0,2025-05-10T00:00:00.0,86400000,,5993,3570,50150,26687,True,True,False,False,0,0,47.454,64.704,15.5689,21.22835,500,10,54,112,57,59,GARMIN,25,97,20640,44400,15660,3060,83760,14700,5100,840.0,24.64,53.01,18.7,3.65,17.55,6.09,1.0,BALANCED,55020,25680,,56,112,56,67,89,22,22,60.0,89.0,3.0,,,,,,,4.0,75.0,"{'eventTimestampGmt': '2025-05-09T20:27:47', 'bodyBatteryLevel': 'MODERATE', 'feedbackShortType': 'SLEEP_PREPARATION_RECOVERING_AND_EXERCISE', 'feedbackLongType': 'SLEEP_PREPARATION_RECOVERING_AND_EXERCISE'}",,"[{'eventType': 'SLEEP', 'eventStartTimeGmt': '2025-05-08T20:38:11', 'timezoneOffset': 10800000, 'durationInMilliseconds': 27180000, 'bodyBatteryImpact': 60, 'feedbackType': 'NONE', 'shortFeedback': 'NONE', 'deviceId': 3423864303, 'activityName': None, 'activityType': None, 'activityId': None, 'eventUpdateTimeGmt': '2025-05-09T04:12:47'}, {'eventType': 'ACTIVITY', 'eventStartTimeGmt': '2025-05-09T12:29:53', 'timezoneOffset': 10800000, 'durationInMilliseconds': 1260000, 'bodyBatteryImpact': -3, 'feedbackType': 'EXERCISE_TRAINING_EFFECT_BELOW_2', 'shortFeedback': 'EASY_RECOVERY', 'deviceId': 3423864303, 'activityName': None, 'activityType': None, 'activityId': None, 'eventUpdateTimeGmt': '2025-05-09T12:52:05'}, {'eventType': 'ACTIVITY', 'eventStartTimeGmt': '2025-05-09T16:45:15', 'timezoneOffset': 10800000, 'durationInMilliseconds': 1860000, 'bodyBatteryImpact': -4, 'feedbackType': 'EXERCISE_TRAINING_EFFECT_BELOW_2', 'shortFeedback': 'EASY_RECOVERY', 'deviceId': 3423864303, 'activityName': 'Helsinki Walking', 'activityType': 'walking', 'activityId': 19074251111, 'eventUpdateTimeGmt': '2025-05-09T17:53:24'}]",15.0,24.0,7.0,20.0,2025-05-09T21:00:00.0,200,2025-05-09
5652846,3717.0,1679.0,2038.0,3717.0,,,4179.0,26586,2500,22842,22842,1679.0,4179.0,5652846,2025-05-10,"{'typeId': 4, 'typeKey': 'groups'}",404fd7d06c8242b5bc7e729b7e2ab56a,1500,2025-05-09T21:00:00.0,2025-05-10T00:00:00.0,2025-05-10T21:00:00.0,2025-05-11T00:00:00.0,86400000,,10023,5844,40596,29937,True,True,False,False,150,19,288.818,270.212,94.75656,88.65223,500,10,56,166,61,59,GARMIN,35,96,31080,27300,9600,17160,85140,19140,8760,3180.0,36.5,32.06,11.28,20.16,22.48,10.29,3.74,BALANCED,39420,28560,,57,162,47,61,67,8,8,44.0,67.0,3.0,,,,,,,12.0,231.0,"{'eventTimestampGmt': '2025-05-10T17:50:01', 'bodyBatteryLevel': 'LOW', 'feedbackShortType': 'SLEEP_PREPARATION_STRESSFUL_AND_INTENSIVE_EXERCISE', 'feedbackLongType': 'SLEEP_PREPARATION_STRESSFUL_AND_INTENSIVE_EXERCISE_AND_BB_LOW'}","{'eventTimestampGmt': '2025-05-09T22:05:38', 'bodyBatteryLevel': 'HIGH', 'feedbackShortType': 'SLEEP_TIME_PASSED_RECOVERING_AND_EXERCISE', 'feedbackLongType': 'SLEEP_TIME_PASSED_RECOVERING_AND_EXERCISE'}","[{'eventType': 'SLEEP', 'eventStartTimeGmt': '2025-05-09T20:46:24', 'timezoneOffset': 10800000, 'durationInMilliseconds': 29580000, 'bodyBatteryImpact': 44, 'feedbackType': 'NONE', 'shortFeedback': 'NONE', 'deviceId': 3423864303, 'activityName': None, 'activityType': None, 'activityId': None, 'eventUpdateTimeGmt': '2025-05-10T04:59:33'}, {'eventType': 'ACTIVITY', 'eventStartTimeGmt': '2025-05-10T09:31:27', 'timezoneOffset': 10800000, 'durationInMilliseconds': 11340000, 'bodyBatteryImpact': -21, 'feedbackType': 'EXERCISE_TRAINING_EFFECT_3', 'shortFeedback': 'IMPROVING_AEROBIC_ENDURANCE', 'deviceId': 3423864303, 'activityName': 'Siuntio - Base', 'activityType': 'trail_running', 'activityId': 19081487001, 'eventUpdateTimeGmt': '2025-05-10T12:43:27'}]",20.0,38.0,8.0,20.0,2025-05-10T21:00:00.0,200,2025-05-10
5652846,3609.0,1571.0,2038.0,3609.0,,,4071.0,23729,2500,19111,19111,1571.0,4071.0,5652846,2025-05-11,"{'typeId': 4, 'typeKey': 'groups'}",2d3d6068fb6d48408b0b387d151cca4b,1500,2025-05-10T21:00:00.0,2025-05-11T00:00:00.0,2025-05-11T21:00:00.0,2025-05-12T00:00:00.0,86400000,,7581,7639,40913,30267,True,True,False,False,113,37,686.636,666.413,225.27428,218.63944,500,10,53,167,59,59,GARMIN,31,99,28080,30240,11520,15420,85260,19560,6480,2040.0,32.93,35.47,13.51,18.09,22.94,7.6,2.39,BALANCED,42780,27060,,56,165,53,50,53,8,11,45.0,53.0,3.0,,,,,,,31.0,202.0,"{'eventTimestampGmt': '2025-05-11T17:50:00', 'bodyBatteryLevel': 'LOW', 'feedbackShortType': 'SLEEP_PREPARATION_BALANCED_AND_INTENSIVE_EXERCISE', 'feedbackLongType': 'SLEEP_PREPARATION_BALANCED_AND_INTENSIVE_EXERCISE_AND_BB_LOW_MORNING_AND_NOW'}","{'eventTimestampGmt': '2025-05-11T00:53:56', 'bodyBatteryLevel': 'HIGH', 'feedbackShortType': 'SLEEP_TIME_PASSED_STRESSFUL_AND_INACTIVE', 'feedbackLongType': 'SLEEP_TIME_PASSED_STRESSFUL_AND_INACTIVE'}","[{'eventType': 'SLEEP', 'eventStartTimeGmt': '2025-05-10T20:40:27', 'timezoneOffset': 10800000, 'durationInMilliseconds': 29040000, 'bodyBatteryImpact': 45, 'feedbackType': 'NONE', 'shortFeedback': 'NONE', 'deviceId': 3423864303, 'activityName': None, 'activityType': None, 'activityId': None, 'eventUpdateTimeGmt': '2025-05-11T04:45:05'}, {'eventType': 'ACTIVITY', 'eventStartTimeGmt': '2025-05-11T07:07:15', 'timezoneOffset': 10800000, 'durationInMilliseconds': 9660000, 'bodyBatteryImpact': -16, 'feedbackType': 'EXERCISE_TRAINING_EFFECT_3', 'shortFeedback': 'IMPROVING_AEROBIC_ENDURANCE', 'deviceId': 3423864303, 'activityName': 'Espoo - Base', 'activityType': 'trail_running', 'activityId': 19089508940, 'eventUpdateTimeGmt': '2025-05-11T09:50:09'}, {'eventType': 'NAP', 'eventStartTimeGmt': '2025-05-11T15:33:09', 'timezoneOffset': 10800000, 'durationInMilliseconds': 2400000, 'bodyBatteryImpact': 4, 'feedbackType': 'NAP_RECOVERING_BODY_BATTERY_INCREASE', 'shortFeedback': 'RESTFUL_NAP', 'deviceId': 3423864303, 'activityName': None, 'activityType': None, 'activityId': None, 'eventUpdateTimeGmt': '2025-05-11T16:13:15'}]",19.0,42.0,7.0,13.0,2025-05-11T21:00:00.0,200,2025-05-11
5652846,2133.0,95.0,2038.0,2133.0,,,2595.0,2916,2500,2433,2433,95.0,2595.0,5652846,2025-05-12,"{'typeId': 4, 'typeKey': 'groups'}",e41d4ce327c745c99466f3292e327ef6,1500,2025-05-11T21:00:00.0,2025-05-12T00:00:00.0,2025-05-12T21:00:00.0,2025-05-13T00:00:00.0,86400000,,1631,993,56605,27171,True,False,False,False,0,0,35.505,27.405,11.64862,8.99114,150,10,53,104,61,59,GARMIN,25,87,24120,48000,8100,6060,86280,20520,3360,240.0,27.96,55.63,9.39,7.02,23.78,3.89,0.28,BALANCED,57660,22560,,57,103,65,41,64,11,35,51.0,62.0,3.0,1.0,,,,,,-2.0,,"{'eventTimestampGmt': '2025-05-12T17:50:00', 'bodyBatteryLevel': 'HIGH', 'feedbackShortType': 'SLEEP_PREPARATION_RECOVERING_AND_INACTIVE', 'feedbackLongType': 'SLEEP_PREPARATION_RECOVERING_AND_INACTIVE'}","{'eventTimestampGmt': '2025-05-12T20:43:16', 'bodyBatteryLevel': 'HIGH', 'feedbackShortType': 'SLEEP_TIME_PASSED_RECOVERING_AND_INACTIVE', 'feedbackLongType': 'SLEEP_TIME_PASSED_RECOVERING_AND_INACTIVE'}","[{'eventType': 'SLEEP', 'eventStartTimeGmt': '2025-05-11T21:27:09', 'timezoneOffset': 10800000, 'durationInMilliseconds': 22500000, 'bodyBatteryImpact': 51, 'feedbackType': 'NONE', 'shortFeedback': 'NONE', 'deviceId': 3423864303, 'activityName': None, 'activityType': None, 'activityId': None, 'eventUpdateTimeGmt': '2025-05-12T03:43:04'}, {'eventType': 'RECOVERY', 'eventStartTimeGmt': '2025-05-12T07:51:14', 'timezoneOffset': 10800000, 'durationInMilliseconds': 3720000, 'bodyBatteryImpact': 2, 'feedbackType': 'RECOVERY_LONG_BODY_BATTERY_INCREASE', 'shortFeedback': 'LONG_RESTFUL_PERIOD', 'deviceId': 3423864303, 'activityName': None, 'activityType': None, 'activityId': None, 'eventUpdateTimeGmt': '2025-05-12T08:58:18'}]",15.0,24.0,7.0,19.0,2025-05-12T21:00:00.0,200,2025-05-12
5652846,2391.0,353.0,2038.0,2391.0,,,2853.0,9751,2500,9922,9922,353.0,2853.0,5652846,2025-05-13,"{'typeId': 4, 'typeKey': 'groups'}",8c92ca8c74464a0d9fc1bb13f4e3b8ee,1500,2025-05-12T21:00:00.0,2025-05-13T00:00:00.0,2025-05-13T21:00:00.0,2025-05-14T00:00:00.0,86400000,,4056,3523,52905,25916,True,True,False,False,0,0,37.455,29.309,12.28839,9.61581,150,10,52,114,56,59,GARMIN,24,87,24180,48480,10500,3180,86340,19020,4560,600.0,28.01,56.15,12.16,3.68,22.03,5.28,0.69,BALANCED,61320,21840,,55,106,66,71,94,27,30,66.0,93.0,3.0,,,,,,,0.0,31.0,"{'eventTimestampGmt': '2025-05-13T17:50:01', 'bodyBatteryLevel': 'HIGH', 'feedbackShortType': 'SLEEP_PREPARATION_RECOVERING_AND_EXERCISE', 'feedbackLongType': 'SLEEP_PREPARATION_RECOVERING_AND_EXERCISE'}","{'eventTimestampGmt': '2025-05-13T20:05:01', 'bodyBatteryLevel': 'HIGH', 'feedbackShortType': 'SLEEP_TIME_PASSED_RECOVERING_AND_EXERCISE', 'feedbackLongType': 'SLEEP_TIME_PASSED_RECOVERING_AND_EXERCISE'}","[{'eventType': 'SLEEP', 'eventStartTimeGmt': '2025-05-12T19:43:04', 'timezoneOffset': 10800000, 'durationInMilliseconds': 26460000, 'bodyBatteryImpact': 68, 'feedbackType': 'NONE', 'shortFeedback': 'NONE', 'deviceId': 3423864303, 'activityName': None, 'activityType': None, 'activityId': None, 'eventUpdateTimeGmt': '2025-05-13T03:04:49'}, {'eventType': 'RECOVERY', 'eventStartTimeGmt': '2025-05-13T07:13:13', 'timezoneOffset': 10800000, 'durationInMilliseconds': 2160000, 'bodyBatteryImpact': -1, 'feedbackType': 'RECOVERY_BODY_BATTERY_NOT_INCREASE', 'shortFeedback': 'RESTFUL_PERIOD', 'deviceId': 3423864303, 'activityName': None, 'activityType': None, 'activityId': None, 'eventUpdateTimeGmt': '2025-05-13T07:52:18'}, {'eventType': 'RECOVERY', 'eventStartTimeGmt': '2025-05-13T08:07:08', 'timezoneOffset': 10800000, 'durationInMilliseconds': 3780000, 'bodyBatteryImpact': -1, 'feedbackType': 'RECOVERY_LONG_BODY_BATTERY_NOT_INCREASE', 'shortFeedback': 'LONG_RESTFUL_PERIOD', 'deviceId': 3423864303, 'activityName': None, 'activityType': None, 'activityId': None, 'eventUpdateTimeGmt': '2025-05-13T09:14:12'}, {'eventType': 'ACTIVITY', 'eventStartTimeGmt': '2025-05-13T12:50:50', 'timezoneOffset': 10800000, 'durationInMilliseconds': 1260000, 'bodyBatteryImpact': -2, 'feedbackType': 'EXERCISE_TRAINING_EFFECT_BELOW_2', 'shortFeedback': 'EASY_RECOVERY', 'deviceId': 3423864303, 'activityName': 'Helsinki Walking', 'activityType': 'walking', 'activityId': 19111357122, 'eventUpdateTimeGmt': '2025-05-13T13:14:53'}, {'eventType': 'RECOVERY', 'eventStartTimeGmt': '2025-05-13T16:06:03', 'timezoneOffset': 10800000, 'durationInMilliseconds': 960000, 'bodyBatteryImpact': 2, 'feedbackType': 'RECOVERY_BODY_BATTERY_INCREASE', 'shortFeedback': 'BODY_BATTERY_RECHARGE', 'deviceId': 3423864303, 'activityName': None, 'activityType': None, 'activityId': None, 'eventUpdateTimeGmt': '2025-05-13T16:24:36'}]",14.0,24.0,7.0,19.0,2025-05-13T21:00:00.0,200,2025-05-13
5652846,2883.0,845.0,2038.0,2883.0,,,3345.0,15159,2500,14509,14509,845.0,3345.0,5652846,2025-05-14,"{'typeId': 4, 'typeKey': 'groups'}",d5808e21c74f46d0bbc9f4a15c48923c,1500,2025-05-13T21:00:00.0,2025-05-14T00:00:00.0,2025-05-14T21:00:00.0,2025-05-15T00:00:00.0,86400000,,6544,2237,56430,21189,True,True,False,False,28,34,334.39,341.722,109.70801,112.11352,150,10,51,176,58,59,GARMIN,28,92,29580,40560,9780,6360,86280,21480,6360,1740.0,34.28,47.01,11.34,7.37,24.9,7.37,2.02,BALANCED,60420,19500,,55,173,54,68,85,17,17,56.0,83.0,3.0,,,,,,,4.0,121.0,"{'eventTimestampGmt': '2025-05-14T17:50:00', 'bodyBatteryLevel': 'MODERATE', 'feedbackShortType': 'SLEEP_PREPARATION_RECOVERING_AND_INTENSIVE_EXERCISE', 'feedbackLongType': 'SLEEP_PREPARATION_RECOVERING_AND_INTENSIVE_EXERCISE'}","{'eventTimestampGmt': '2025-05-14T19:28:01', 'bodyBatteryLevel': 'MODERATE', 'feedbackShortType': 'SLEEP_TIME_PASSED_RECOVERING_AND_INTENSIVE_EXERCISE', 'feedbackLongType': 'SLEEP_TIME_PASSED_RECOVERING_AND_INTENSIVE_EXERCISE'}","[{'eventType': 'SLEEP', 'eventStartTimeGmt': '2025-05-13T19:52:53', 'timezoneOffset': 10800000, 'durationInMilliseconds': 23700000, 'bodyBatteryImpact': 55, 'feedbackType': 'NONE', 'shortFeedback': 'NONE', 'deviceId': 3423864303, 'activityName': None, 'activityType': None, 'activityId': None, 'eventUpdateTimeGmt': '2025-05-14T03:23:16'}, {'eventType': 'RECOVERY', 'eventStartTimeGmt': '2025-05-14T07:35:56', 'timezoneOffset': 10800000, 'durationInMilliseconds': 1980000, 'bodyBatteryImpact': -2, 'feedbackType': 'RECOVERY_BODY_BATTERY_NOT_INCREASE', 'shortFeedback': 'RESTFUL_PERIOD', 'deviceId': 3423864303, 'activityName': None, 'activityType': None, 'activityId': None, 'eventUpdateTimeGmt': '2025-05-14T08:10:30'}, {'eventType': 'ACTIVITY', 'eventStartTimeGmt': '2025-05-14T12:20:15', 'timezoneOffset': 10800000, 'durationInMilliseconds': 3900000, 'bodyBatteryImpact': -11, 'feedbackType': 'EXERCISE_TRAINING_EFFECT_3', 'shortFeedback': 'IMPROVING_TEMPO', 'deviceId': 3423864303, 'activityName': 'Helsinki - Tempo', 'activityType': 'trail_running', 'activityId': 19122367252, 'eventUpdateTimeGmt': '2025-05-14T13:29:33'}, {'eventType': 'ACTIVITY', 'eventStartTimeGmt': '2025-05-14T13:49:10', 'timezoneOffset': 10800000, 'durationInMilliseconds': 1200000, 'bodyBatteryImpact': -3, 'feedbackType': 'NONE', 'shortFeedback': 'NONE', 'deviceId': 3423864303, 'activityName': 'Yoga', 'activityType': 'yoga', 'activityId': 19125728329, 'eventUpdateTimeGmt': '2025-05-14T14:09:44'}]",15.0,41.0,7.0,18.0,2025-05-14T21:00:00.0,200,2025-05-14
5652846,2848.0,810.0,2038.0,2848.0,,,3310.0,10829,2500,9026,9026,810.0,3310.0,5652846,2025-05-15,"{'typeId': 4, 'typeKey': 'groups'}",7450d295d22647c7aab0884d840cc988,1500,2025-05-14T21:00:00.0,2025-05-15T00:00:00.0,2025-05-15T21:00:00.0,2025-05-16T00:00:00.0,86400000,,5363,3418,48850,28769,True,True,False,False,38,0,30.508,28.624,10.00919,9.39108,150,10,56,149,59,59,GARMIN,25,95,20760,48660,9240,6780,85440,16080,3780,900.0,24.3,56.95,10.81,7.94,18.82,4.42,1.05,BALANCED,52740,25920,,57,145,59,46,70,17,30,52.0,69.0,3.0,,,,,,,5.0,118.0,"{'eventTimestampGmt': '2025-05-15T18:48:32', 'bodyBatteryLevel': 'HIGH', 'feedbackShortType': 'SLEEP_PREPARATION_RECOVERING_AND_EXERCISE', 'feedbackLongType': 'SLEEP_PREPARATION_RECOVERING_AND_EXERCISE'}","{'eventTimestampGmt': '2025-05-14T22:30:59', 'bodyBatteryLevel': 'HIGH', 'feedbackShortType': 'SLEEP_TIME_PASSED_RECOVERING_AND_INTENSIVE_EXERCISE', 'feedbackLongType': 'SLEEP_TIME_PASSED_RECOVERING_AND_INTENSIVE_EXERCISE'}","[{'eventType': 'SLEEP', 'eventStartTimeGmt': '2025-05-14T20:34:44', 'timezoneOffset': 10800000, 'durationInMilliseconds': 27480000, 'bodyBatteryImpact': 52, 'feedbackType': 'NONE', 'shortFeedback': 'NONE', 'deviceId': 3423864303, 'activityName': None, 'activityType': None, 'activityId': None, 'eventUpdateTimeGmt': '2025-05-15T04:13:22'}, {'eventType': 'RECOVERY', 'eventStartTimeGmt': '2025-05-15T07:37:47', 'timezoneOffset': 10800000, 'durationInMilliseconds': 2520000, 'bodyBatteryImpact': 2, 'feedbackType': 'RECOVERY_BODY_BATTERY_INCREASE', 'shortFeedback': 'BODY_BATTERY_RECHARGE', 'deviceId': 3423864303, 'activityName': None, 'activityType': None, 'activityId': None, 'eventUpdateTimeGmt': '2025-05-15T08:23:06'}, {'eventType': 'ACTIVITY', 'eventStartTimeGmt': '2025-05-15T12:35:07', 'timezoneOffset': 10800000, 'durationInMilliseconds': 1620000, 'bodyBatteryImpact': -3, 'feedbackType': 'EXERCISE_TRAINING_EFFECT_BELOW_2', 'shortFeedback': 'EASY_RECOVERY', 'deviceId': 3423864303, 'activityName': 'Helsinki Walking', 'activityType': 'walking', 'activityId': 19132448854, 'eventUpdateTimeGmt': '2025-05-15T13:02:23'}, {'eventType': 'ACTIVITY', 'eventStartTimeGmt': '2025-05-15T13:08:21', 'timezoneOffset': 10800000, 'durationInMilliseconds': 3540000, 'bodyBatteryImpact': -6, 'feedbackType': 'EXERCISE_TRAINING_EFFECT_2', 'shortFeedback': 'MAINTAINING_AEROBIC', 'deviceId': 3423864303, 'activityName': 'Strength', 'activityType': 'strength_training', 'activityId': 19132979402, 'eventUpdateTimeGmt': '2025-05-15T14:07:53'}]",16.0,32.0,6.0,15.0,2025-05-15T21:00:00.0,200,2025-05-15
5652846,2956.0,918.0,2038.0,2956.0,,,3418.0,12119,2500,23280,11864,918.0,3418.0,5652846,2025-05-16,"{'typeId': 4, 'typeKey': 'groups'}",dee81395394641e085ea4d821230b337,1500,2025-05-15T21:00:00.0,2025-05-16T00:00:00.0,2025-05-16T21:00:00.0,2025-05-17T00:00:00.0,86400000,,7498,2317,59218,17367,True,True,False,False,78,12,113.493,73.446,37.23524,24.09646,150,10,50,163,59,59,GARMIN,23,80,17460,48480,10320,7440,83700,14220,3060,180.0,20.86,57.92,12.33,8.89,16.99,3.66,0.22,BALANCED,59280,16980,,51,158,49,54,73,25,25,45.0,71.0,3.0,,,,,,,5.0,123.0,"{'eventTimestampGmt': '2025-05-16T17:50:00', 'bodyBatteryLevel': 'HIGH', 'feedbackShortType': 'SLEEP_PREPARATION_RECOVERING_AND_INTENSIVE_EXERCISE', 'feedbackLongType': 'SLEEP_PREPARATION_RECOVERING_AND_INTENSIVE_EXERCISE'}","{'eventTimestampGmt': '2025-05-16T18:36:08', 'bodyBatteryLevel': 'HIGH', 'feedbackShortType': 'SLEEP_TIME_PASSED_RECOVERING_AND_INTENSIVE_EXERCISE', 'feedbackLongType': 'SLEEP_TIME_PASSED_RECOVERING_AND_INTENSIVE_EXERCISE'}","[{'eventType': 'SLEEP', 'eventStartTimeGmt': '2025-05-15T20:13:53', 'timezoneOffset': 10800000, 'durationInMilliseconds': 19320000, 'bodyBatteryImpact': 45, 'feedbackType': 'NONE', 'shortFeedback': 'NONE', 'deviceId': 3423864303, 'activityName': None, 'activityType': None, 'activityId': None, 'eventUpdateTimeGmt': '2025-05-16T04:16:37'}, {'eventType': 'RECOVERY', 'eventStartTimeGmt': '2025-05-16T06:15:22', 'timezoneOffset': 10800000, 'durationInMilliseconds': 6240000, 'bodyBatteryImpact': 2, 'feedbackType': 'RECOVERY_LONG_BODY_BATTERY_INCREASE', 'shortFeedback': 'LONG_RESTFUL_PERIOD', 'deviceId': 3423864303, 'activityName': None, 'activityType': None, 'activityId': None, 'eventUpdateTimeGmt': '2025-05-16T08:02:40'}, {'eventType': 'RECOVERY', 'eventStartTimeGmt': '2025-05-16T11:19:57', 'timezoneOffset': 10800000, 'durationInMilliseconds': 2880000, 'bodyBatteryImpact': 2, 'feedbackType': 'RECOVERY_BODY_BATTERY_INCREASE', 'shortFeedback': 'BODY_BATTERY_RECHARGE', 'deviceId': 3423864303, 'activityName': None, 'activityType': None, 'activityId': None, 'eventUpdateTimeGmt': '2025-05-16T12:13:02'}, {'eventType': 'ACTIVITY', 'eventStartTimeGmt': '2025-05-16T12:55:04', 'timezoneOffset': 10800000, 'durationInMilliseconds': 5280000, 'bodyBatteryImpact': -14, 'feedbackType': 'EXERCISE_TRAINING_EFFECT_3', 'shortFeedback': 'IMPROVING_AEROBIC_BASE', 'deviceId': 3423864303, 'activityName': 'Vantaa Cross Country Classic Skiing', 'activityType': 'cross_country_skiing_ws', 'activityId': 19142965305, 'eventUpdateTimeGmt': '2025-05-16T14:27:26'}]",17.0,42.0,7.0,17.0,2025-05-16T21:00:00.0,200,2025-05-16
5652846,2781.0,743.0,2038.0,2781.0,,,3243.0,10596,2500,8759,8759,743.0,3243.0,5652846,2025-05-17,"{'typeId': 4, 'typeKey': 'groups'}",123b139fa66f4ae1924e3b334f24e616,1500,2025-05-16T21:00:00.0,2025-05-17T00:00:00.0,2025-05-17T21:00:00.0,2025-05-18T00:00:00.0,86400000,,6085,3722,59347,17246,True,True,False,False,25,0,38.249,37.562,12.54888,12.32349,150,10,55,132,61,59,GARMIN,35,99,35940,31260,14100,1560,82860,22680,6540,6720.0,43.37,37.73,17.02,1.88,27.37,7.89,8.11,BALANCED,67080,14220,,56,127,44,64,66,5,5,37.0,62.0,3.0,,,,,,,21.0,48.0,"{'eventTimestampGmt': '2025-05-17T17:50:00', 'bodyBatteryLevel': 'LOW', 'feedbackShortType': 'SLEEP_PREPARATION_STRESSFUL_AND_EXERCISE', 'feedbackLongType': 'SLEEP_PREPARATION_STRESSFUL_AND_EXERCISE_AND_BB_LOW'}","{'eventTimestampGmt': '2025-05-17T19:44:38', 'bodyBatteryLevel': 'VERY_LOW', 'feedbackShortType': 'SLEEP_TIME_PASSED_STRESSFUL_AND_EXERCISE', 'feedbackLongType': 'SLEEP_TIME_PASSED_STRESSFUL_AND_EXERCISE_AND_BB_LOW'}","[{'eventType': 'SLEEP', 'eventStartTimeGmt': '2025-05-16T20:46:26', 'timezoneOffset': 10800000, 'durationInMilliseconds': 18060000, 'bodyBatteryImpact': 37, 'feedbackType': 'NONE', 'shortFeedback': 'NONE', 'deviceId': 3423864303, 'activityName': None, 'activityType': None, 'activityId': None, 'eventUpdateTimeGmt': '2025-05-17T03:54:15'}, {'eventType': 'RECOVERY', 'eventStartTimeGmt': '2025-05-17T03:56:20', 'timezoneOffset': 10800000, 'durationInMilliseconds': 3840000, 'bodyBatteryImpact': 3, 'feedbackType': 'RECOVERY_LONG_BODY_BATTERY_INCREASE', 'shortFeedback': 'LONG_RESTFUL_PERIOD', 'deviceId': 3423864303, 'activityName': None, 'activityType': None, 'activityId': None, 'eventUpdateTimeGmt': '2025-05-17T05:32:34'}, {'eventType': 'ACTIVITY', 'eventStartTimeGmt': '2025-05-17T05:32:35', 'timezoneOffset': 10800000, 'durationInMilliseconds': 1980000, 'bodyBatteryImpact': -8, 'feedbackType': 'EXERCISE_TRAINING_EFFECT_BELOW_2', 'shortFeedback': 'EASY_RECOVERY', 'deviceId': 3423864303, 'activityName': 'Helsinki Walking', 'activityType': 'walking', 'activityId': 19148201438, 'eventUpdateTimeGmt': '2025-05-17T06:07:22'}, {'eventType': 'STRESS', 'eventStartTimeGmt': '2025-05-17T09:54:12', 'timezoneOffset': 10800000, 'durationInMilliseconds': 12660000, 'bodyBatteryImpact': -25, 'feedbackType': 'STRESS_LONG', 'shortFeedback': 'NEED_A_LITTLE_BREAK', 'deviceId': 3423864303, 'activityName': None, 'activityType': None, 'activityId': None, 'eventUpdateTimeGmt': '2025-05-17T13:31:00'}]",15.0,24.0,7.0,18.0,2025-05-17T21:00:00.0,200,2025-05-17
5652846,3547.0,1509.0,2038.0,3547.0,,,4009.0,12330,2500,27514,27514,1509.0,4009.0,5652846,2025-05-18,"{'typeId': 4, 'typeKey': 'groups'}",42f559af25b44d3f875366d597769bcb,1500,2025-05-17T21:00:00.0,2025-05-18T00:00:00.0,2025-05-18T21:00:00.0,2025-05-19T00:00:00.0,86400000,,6608,3759,47538,28495,True,True,False,False,87,10,121.92,128.407,40.0,42.12828,150,10,52,164,57,59,GARMIN,21,87,12900,50880,12900,9300,85980,9540,2940,420.0,15.0,59.18,15.0,10.82,11.1,3.42,0.49,CALM,50640,26040,,53,163,82,58,78,5,29,69.0,78.0,3.0,,,,,,,9.0,163.0,"{'eventTimestampGmt': '2025-05-18T19:23:36', 'bodyBatteryLevel': 'HIGH', 'feedbackShortType': 'SLEEP_PREPARATION_RECOVERING_AND_INTENSIVE_EXERCISE', 'feedbackLongType': 'SLEEP_PREPARATION_RECOVERING_AND_INTENSIVE_EXERCISE'}","{'eventTimestampGmt': '2025-05-17T23:49:45', 'bodyBatteryLevel': 'HIGH', 'feedbackShortType': 'SLEEP_TIME_PASSED_STRESSFUL_AND_EXERCISE', 'feedbackLongType': 'SLEEP_TIME_PASSED_STRESSFUL_AND_EXERCISE'}","[{'eventType': 'SLEEP', 'eventStartTimeGmt': '2025-05-17T21:49:22', 'timezoneOffset': 10800000, 'durationInMilliseconds': 26100000, 'bodyBatteryImpact': 69, 'feedbackType': 'NONE', 'shortFeedback': 'NONE', 'deviceId': 3423864303, 'activityName': None, 'activityType': None, 'activityId': None, 'eventUpdateTimeGmt': '2025-05-18T05:26:06'}, {'eventType': 'RECOVERY', 'eventStartTimeGmt': '2025-05-18T06:34:16', 'timezoneOffset': 10800000, 'durationInMilliseconds': 2940000, 'bodyBatteryImpact': 2, 'feedbackType': 'RECOVERY_BODY_BATTERY_INCREASE', 'shortFeedback': 'BODY_BATTERY_RECHARGE', 'deviceId': 3423864303, 'activityName': None, 'activityType': None, 'activityId': None, 'eventUpdateTimeGmt': '2025-05-18T07:27:30'}, {'eventType': 'ACTIVITY', 'eventStartTimeGmt': '2025-05-18T08:45:47', 'timezoneOffset': 10800000, 'durationInMilliseconds': 6000000, 'bodyBatteryImpact': -27, 'feedbackType': 'EXERCISE_TRAINING_EFFECT_5_GOOD_TIMING', 'shortFeedback': 'OVERREACHING_VO2MAX', 'deviceId': 3423864303, 'activityName': 'Espoo - Long Run', 'activityType': 'trail_running', 'activityId': 19160237806, 'eventUpdateTimeGmt': '2025-05-18T10:28:05'}, {'eventType': 'ACTIVITY', 'eventStartTimeGmt': '2025-05-18T14:18:19', 'timezoneOffset': 10800000, 'durationInMilliseconds': 1200000, 'bodyBatteryImpact': -1, 'feedbackType': 'NONE', 'shortFeedback': 'NONE', 'deviceId': 3423864303, 'activityName': 'Yoga', 'activityType': 'yoga', 'activityId': 19164280193, 'eventUpdateTimeGmt': '2025-05-18T14:39:05'}, {'eventType': 'RECOVERY', 'eventStartTimeGmt': '2025-05-18T15:22:25', 'timezoneOffset': 10800000, 'durationInMilliseconds': 4560000, 'bodyBatteryImpact': 4, 'feedbackType': 'RECOVERY_LONG_BODY_BATTERY_INCREASE', 'shortFeedback': 'LONG_RESTFUL_PERIOD', 'deviceId': 3423864303, 'activityName': None, 'activityType': None, 'activityId': None, 'eventUpdateTimeGmt': '2025-05-18T16:41:28'}]",18.0,41.0,7.0,16.0,2025-05-18T21:00:00.0,200,2025-05-18
5652846,2790.0,752.0,2038.0,2790.0,,,3252.0,14582,2500,11971,11971,752.0,3252.0,5652846,2025-05-19,"{'typeId': 4, 'typeKey': 'groups'}",4f48414a03554bd1bab35b4a73711ccd,1500,2025-05-18T21:00:00.0,2025-05-19T00:00:00.0,2025-05-19T21:00:00.0,2025-05-20T00:00:00.0,86400000,,5312,4221,49502,27365,True,True,False,False,28,0,153.027,145.062,50.20571,47.59252,150,10,51,149,57,58,GARMIN,20,87,10320,58980,15120,1740,86160,8700,1320,300.0,11.98,68.45,17.55,2.02,10.1,1.53,0.35,CALM,57240,27180,,54,140,63,52,87,29,40,60.0,86.0,3.0,,,,,,,9.0,197.0,"{'eventTimestampGmt': '2025-05-19T17:50:00', 'bodyBatteryLevel': 'HIGH', 'feedbackShortType': 'SLEEP_PREPARATION_RECOVERING_AND_EXERCISE', 'feedbackLongType': 'SLEEP_PREPARATION_RECOVERING_AND_EXERCISE'}","{'eventTimestampGmt': '2025-05-19T20:57:19', 'bodyBatteryLevel': 'HIGH', 'feedbackShortType': 'SLEEP_TIME_PASSED_RECOVERING_AND_EXERCISE', 'feedbackLongType': 'SLEEP_TIME_PASSED_RECOVERING_AND_EXERCISE'}","[{'eventType': 'SLEEP', 'eventStartTimeGmt': '2025-05-18T20:20:05', 'timezoneOffset': 10800000, 'durationInMilliseconds': 27420000, 'bodyBatteryImpact': 60, 'feedbackType': 'NONE', 'shortFeedback': 'NONE', 'deviceId': 3423864303, 'activityName': None, 'activityType': None, 'activityId': None, 'eventUpdateTimeGmt': '2025-05-19T04:12:16'}, {'eventType': 'RECOVERY', 'eventStartTimeGmt': '2025-05-19T06:48:11', 'timezoneOffset': 10800000, 'durationInMilliseconds': 8580000, 'bodyBatteryImpact': 3, 'feedbackType': 'RECOVERY_LONG_BODY_BATTERY_INCREASE', 'shortFeedback': 'LONG_RESTFUL_PERIOD', 'deviceId': 3423864303, 'activityName': None, 'activityType': None, 'activityId': None, 'eventUpdateTimeGmt': '2025-05-19T09:15:05'}, {'eventType': 'ACTIVITY', 'eventStartTimeGmt': '2025-05-19T12:32:00', 'timezoneOffset': 10800000, 'durationInMilliseconds': 6060000, 'bodyBatteryImpact': -11, 'feedbackType': 'EXERCISE_TRAINING_EFFECT_BELOW_2', 'shortFeedback': 'EASY_RECOVERY', 'deviceId': 3423864303, 'activityName': 'Helsinki Walking', 'activityType': 'walking', 'activityId': 19171961696, 'eventUpdateTimeGmt': '2025-05-19T14:13:44'}, {'eventType': 'ACTIVITY', 'eventStartTimeGmt': '2025-05-19T14:23:05', 'timezoneOffset': 10800000, 'durationInMilliseconds': 1200000, 'bodyBatteryImpact': -2, 'feedbackType': 'EXERCISE_TRAINING_EFFECT_BELOW_2', 'shortFeedback': 'EASY_AEROBIC_BASE', 'deviceId': 3423864303, 'activityName': 'Strength', 'activityType': 'strength_training', 'activityId': 19171964810, 'eventUpdateTimeGmt': '2025-05-19T14:44:15'}, {'eventType': 'ACTIVITY', 'eventStartTimeGmt': '2025-05-19T15:02:23', 'timezoneOffset': 10800000, 'durationInMilliseconds': 1920000, 'bodyBatteryImpact': -3, 'feedbackType': 'NONE', 'shortFeedback': 'NONE', 'deviceId': 3423864303, 'activityName': 'Yoga', 'activityType': 'yoga', 'activityId': 19172440473, 'eventUpdateTimeGmt': '2025-05-19T15:34:51'}]",14.0,23.0,6.0,19.0,2025-05-19T21:00:00.0,200,2025-05-19
5652846,3035.0,997.0,2038.0,3035.0,,,3497.0,12559,2500,20123,11518,997.0,3497.0,5652846,2025-05-20,"{'typeId': 4, 'typeKey': 'groups'}",604c5818eecd45bab4e8fd9752f37bd2,1500,2025-05-19T21:00:00.0,2025-05-20T00:00:00.0,2025-05-20T21:00:00.0,2025-05-21T00:00:00.0,86400000,,7317,3503,47517,28063,True,True,False,False,69,5,94.488,61.441,31.0,20.15781,150,10,55,157,57,58,GARMIN,28,93,30120,36840,11100,7980,86040,24180,5280,660.0,35.01,42.82,12.9,9.27,28.1,6.14,0.77,BALANCED,50580,27480,,55,155,48,64,77,17,24,37.0,75.0,3.0,,,,,,,7.0,138.0,"{'eventTimestampGmt': '2025-05-20T17:50:01', 'bodyBatteryLevel': 'MODERATE', 'feedbackShortType': 'SLEEP_PREPARATION_RECOVERING_AND_INTENSIVE_EXERCISE', 'feedbackLongType': 'SLEEP_PREPARATION_RECOVERING_AND_INTENSIVE_EXERCISE'}","{'eventTimestampGmt': '2025-05-20T20:08:13', 'bodyBatteryLevel': 'MODERATE', 'feedbackShortType': 'SLEEP_TIME_PASSED_RECOVERING_AND_INTENSIVE_EXERCISE', 'feedbackLongType': 'SLEEP_TIME_PASSED_RECOVERING_AND_INTENSIVE_EXERCISE'}","[{'eventType': 'SLEEP', 'eventStartTimeGmt': '2025-05-19T20:21:00', 'timezoneOffset': 10800000, 'durationInMilliseconds': 24420000, 'bodyBatteryImpact': 39, 'feedbackType': 'NONE', 'shortFeedback': 'NONE', 'deviceId': 3423864303, 'activityName': None, 'activityType': None, 'activityId': None, 'eventUpdateTimeGmt': '2025-05-20T03:59:43'}, {'eventType': 'RECOVERY', 'eventStartTimeGmt': '2025-05-20T06:48:18', 'timezoneOffset': 10800000, 'durationInMilliseconds': 3240000, 'bodyBatteryImpact': -1, 'feedbackType': 'RECOVERY_BODY_BATTERY_NOT_INCREASE', 'shortFeedback': 'RESTFUL_PERIOD', 'deviceId': 3423864303, 'activityName': None, 'activityType': None, 'activityId': None, 'eventUpdateTimeGmt': '2025-05-20T07:45:50'}, {'eventType': 'ACTIVITY', 'eventStartTimeGmt': '2025-05-20T12:36:16', 'timezoneOffset': 10800000, 'durationInMilliseconds': 1680000, 'bodyBatteryImpact': -2, 'feedbackType': 'EXERCISE_TRAINING_EFFECT_BELOW_2', 'shortFeedback': 'EASY_RECOVERY', 'deviceId': 3423864303, 'activityName': 'Helsinki Walking', 'activityType': 'walking', 'activityId': 19182827600, 'eventUpdateTimeGmt': '2025-05-20T13:05:20'}, {'eventType': 'ACTIVITY', 'eventStartTimeGmt': '2025-05-20T14:13:34', 'timezoneOffset': 10800000, 'durationInMilliseconds': 4320000, 'bodyBatteryImpact': -9, 'feedbackType': 'EXERCISE_TRAINING_EFFECT_3', 'shortFeedback': 'IMPROVING_AEROBIC_BASE', 'deviceId': 3423864303, 'activityName': 'Helsinki Cross Country Classic Skiing', 'activityType': 'cross_country_skiing_ws', 'activityId': 19182830392, 'eventUpdateTimeGmt': '2025-05-20T15:27:17'}]",17.0,37.0,6.0,19.0,2025-05-20T21:00:00.0,200,2025-05-20
5652846,2719.0,681.0,2038.0,2719.0,,,3181.0,11726,2500,10316,10316,681.0,3181.0,5652846,2025-05-21,"{'typeId': 4, 'typeKey': 'groups'}",d42d616f76af455b973dcb5852639fe4,1500,2025-05-20T21:00:00.0,2025-05-21T00:00:00.0,2025-05-21T21:00:00.0,2025-05-22T00:00:00.0,86400000,,5894,1269,50814,28423,True,True,False,False,32,14,248.634,228.301,81.57283,74.9019,150,10,52,171,59,58,GARMIN,27,91,28260,43800,7740,5760,85560,21480,5520,1260.0,33.03,51.19,9.05,6.73,25.11,6.45,1.47,BALANCED,51840,27960,,54,169,60,56,79,24,28,62.0,79.0,3.0,,,,,,,7.0,112.0,"{'eventTimestampGmt': '2025-05-21T18:16:04', 'bodyBatteryLevel': 'HIGH', 'feedbackShortType': 'SLEEP_PREPARATION_RECOVERING_AND_INTENSIVE_EXERCISE', 'feedbackLongType': 'SLEEP_PREPARATION_RECOVERING_AND_INTENSIVE_EXERCISE'}","{'eventTimestampGmt': '2025-05-21T20:57:03', 'bodyBatteryLevel': 'HIGH', 'feedbackShortType': 'SLEEP_TIME_PASSED_RECOVERING_AND_INTENSIVE_EXERCISE', 'feedbackLongType': 'SLEEP_TIME_PASSED_RECOVERING_AND_INTENSIVE_EXERCISE'}","[{'eventType': 'SLEEP', 'eventStartTimeGmt': '2025-05-20T19:20:17', 'timezoneOffset': 10800000, 'durationInMilliseconds': 30960000, 'bodyBatteryImpact': 61, 'feedbackType': 'NONE', 'shortFeedback': 'NONE', 'deviceId': 3423864303, 'activityName': None, 'activityType': None, 'activityId': None, 'eventUpdateTimeGmt': '2025-05-21T03:56:52'}, {'eventType': 'RECOVERY', 'eventStartTimeGmt': '2025-05-21T07:39:37', 'timezoneOffset': 10800000, 'durationInMilliseconds': 1260000, 'bodyBatteryImpact': 1, 'feedbackType': 'RECOVERY_BODY_BATTERY_INCREASE', 'shortFeedback': 'BODY_BATTERY_RECHARGE', 'deviceId': 3423864303, 'activityName': None, 'activityType': None, 'activityId': None, 'eventUpdateTimeGmt': '2025-05-21T08:04:15'}, {'eventType': 'ACTIVITY', 'eventStartTimeGmt': '2025-05-21T12:38:21', 'timezoneOffset': 10800000, 'durationInMilliseconds': 3360000, 'bodyBatteryImpact': -8, 'feedbackType': 'EXERCISE_TRAINING_EFFECT_3', 'shortFeedback': 'IMPROVING_AEROBIC_BASE', 'deviceId': 3423864303, 'activityName': 'Helsinki - Threshold', 'activityType': 'trail_running', 'activityId': 19192372235, 'eventUpdateTimeGmt': '2025-05-21T13:44:59'}, {'eventType': 'ACTIVITY', 'eventStartTimeGmt': '2025-05-21T14:20:13', 'timezoneOffset': 10800000, 'durationInMilliseconds': 1380000, 'bodyBatteryImpact': -2, 'feedbackType': 'NONE', 'shortFeedback': 'NONE', 'deviceId': 3423864303, 'activityName': 'Yoga', 'activityType': 'yoga', 'activityId': 19194589408, 'eventUpdateTimeGmt': '2025-05-21T14:44:09'}]",16.0,39.0,7.0,18.0,2025-05-21T21:00:00.0,200,2025-05-21
5652846,3129.0,1091.0,2038.0,3129.0,,,3591.0,11845,2500,22216,11339,1091.0,3591.0,5652846,2025-05-22,"{'typeId': 4, 'typeKey': 'groups'}",42a12bb1e02f4e70acd1c2cc14beb86b,1500,2025-05-21T21:00:00.0,2025-05-22T00:00:00.0,2025-05-22T21:00:00.0,2025-05-23T00:00:00.0,86400000,,8243,1438,49419,27300,True,True,False,False,40,30,119.345,91.281,39.15518,29.94783,150,10,54,175,56,58,GARMIN,24,91,23280,38700,10200,13080,85260,18420,3900,960.0,27.3,45.39,11.96,15.34,21.6,4.57,1.13,BALANCED,44940,27240,,55,167,63,69,91,22,22,66.0,91.0,3.0,,,,,,,7.0,183.0,"{'eventTimestampGmt': '2025-05-22T18:55:04', 'bodyBatteryLevel': 'MODERATE', 'feedbackShortType': 'SLEEP_PREPARATION_RECOVERING_AND_INTENSIVE_EXERCISE', 'feedbackLongType': 'SLEEP_PREPARATION_RECOVERING_AND_INTENSIVE_EXERCISE'}","{'eventTimestampGmt': '2025-05-22T20:33:42', 'bodyBatteryLevel': 'MODERATE', 'feedbackShortType': 'SLEEP_TIME_PASSED_RECOVERING_AND_INTENSIVE_EXERCISE', 'feedbackLongType': 'SLEEP_TIME_PASSED_RECOVERING_AND_INTENSIVE_EXERCISE'}","[{'eventType': 'SLEEP', 'eventStartTimeGmt': '2025-05-21T20:03:09', 'timezoneOffset': 10800000, 'durationInMilliseconds': 27000000, 'bodyBatteryImpact': 66, 'feedbackType': 'NONE', 'shortFeedback': 'NONE', 'deviceId': 3423864303, 'activityName': None, 'activityType': None, 'activityId': None, 'eventUpdateTimeGmt': '2025-05-22T03:33:34'}, {'eventType': 'RECOVERY', 'eventStartTimeGmt': '2025-05-22T06:25:59', 'timezoneOffset': 10800000, 'durationInMilliseconds': 7680000, 'bodyBatteryImpact': 0, 'feedbackType': 'RECOVERY_LONG_BODY_BATTERY_NOT_INCREASE', 'shortFeedback': 'LONG_RESTFUL_PERIOD', 'deviceId': 3423864303, 'activityName': None, 'activityType': None, 'activityId': None, 'eventUpdateTimeGmt': '2025-05-22T08:39:05'}, {'eventType': 'ACTIVITY', 'eventStartTimeGmt': '2025-05-22T12:04:27', 'timezoneOffset': 10800000, 'durationInMilliseconds': 1860000, 'bodyBatteryImpact': -3, 'feedbackType': 'EXERCISE_TRAINING_EFFECT_BELOW_2', 'shortFeedback': 'EASY_RECOVERY', 'deviceId': 3423864303, 'activityName': None, 'activityType': None, 'activityId': None, 'eventUpdateTimeGmt': '2025-05-22T12:36:41'}, {'eventType': 'ACTIVITY', 'eventStartTimeGmt': '2025-05-22T14:30:14', 'timezoneOffset': 10800000, 'durationInMilliseconds': 4200000, 'bodyBatteryImpact': -13, 'feedbackType': 'EXERCISE_TRAINING_EFFECT_3', 'shortFeedback': 'IMPROVING_AEROBIC_ENDURANCE', 'deviceId': 3423864303, 'activityName': 'Vantaa Cross Country Classic Skiing', 'activityType': 'cross_country_skiing_ws', 'activityId': 19203099972, 'eventUpdateTimeGmt': '2025-05-22T15:44:43'}, {'eventType': 'ACTIVITY', 'eventStartTimeGmt': '2025-05-22T16:27:43', 'timezoneOffset': 10800000, 'durationInMilliseconds': 1680000, 'bodyBatteryImpact': -2, 'feedbackType': 'NONE', 'shortFeedback': 'NONE', 'deviceId': 3423864303, 'activityName': 'Yoga', 'activityType': 'yoga', 'activityId': 19204150094, 'eventUpdateTimeGmt': '2025-05-22T16:56:34'}]",18.0,39.0,6.0,18.0,2025-05-22T21:00:00.0,200,2025-05-22
5652846,2543.0,505.0,2038.0,2543.0,,,3005.0,12665,2500,10660,10660,505.0,3005.0,5652846,2025-05-23,"{'typeId': 4, 'typeKey': 'groups'}",d6a36533106e43e689b1a78e5085738a,1500,2025-05-22T21:00:00.0,2025-05-23T00:00:00.0,2025-05-23T21:00:00.0,2025-05-24T00:00:00.0,86400000,,4350,5360,51036,25654,True,True,False,False,5,0,119.22,122.911,39.11417,40.32513,150,10,54,129,60,58,GARMIN,26,88,23340,43260,15000,2340,83940,19260,3660,420.0,27.81,51.54,17.87,2.79,22.94,4.36,0.5,BALANCED,58440,23160,,57,126,54,53,72,22,23,50.0,72.0,3.0,,,,,,,7.0,85.0,"{'eventTimestampGmt': '2025-05-23T20:56:30', 'bodyBatteryLevel': 'MODERATE', 'feedbackShortType': 'SLEEP_PREPARATION_RECOVERING_AND_EXERCISE', 'feedbackLongType': 'SLEEP_PREPARATION_RECOVERING_AND_EXERCISE'}","{'eventTimestampGmt': '2025-05-22T21:37:45', 'bodyBatteryLevel': 'HIGH', 'feedbackShortType': 'SLEEP_TIME_PASSED_RECOVERING_AND_INTENSIVE_EXERCISE', 'feedbackLongType': 'SLEEP_TIME_PASSED_RECOVERING_AND_INTENSIVE_EXERCISE'}","[{'eventType': 'SLEEP', 'eventStartTimeGmt': '2025-05-22T19:58:34', 'timezoneOffset': 10800000, 'durationInMilliseconds': 29340000, 'bodyBatteryImpact': 50, 'feedbackType': 'NONE', 'shortFeedback': 'NONE', 'deviceId': 3423864303, 'activityName': None, 'activityType': None, 'activityId': None, 'eventUpdateTimeGmt': '2025-05-23T04:09:20'}, {'eventType': 'RECOVERY', 'eventStartTimeGmt': '2025-05-23T07:38:15', 'timezoneOffset': 10800000, 'durationInMilliseconds': 2640000, 'bodyBatteryImpact': 2, 'feedbackType': 'RECOVERY_BODY_BATTERY_INCREASE', 'shortFeedback': 'BODY_BATTERY_RECHARGE', 'deviceId': 3423864303, 'activityName': None, 'activityType': None, 'activityId': None, 'eventUpdateTimeGmt': '2025-05-23T08:25:10'}, {'eventType': 'ACTIVITY', 'eventStartTimeGmt': '2025-05-23T11:41:04', 'timezoneOffset': 10800000, 'durationInMilliseconds': 3600000, 'bodyBatteryImpact': -6, 'feedbackType': 'EXERCISE_TRAINING_EFFECT_BELOW_2', 'shortFeedback': 'EASY_RECOVERY', 'deviceId': 3423864303, 'activityName': 'Helsinki Walking', 'activityType': 'walking', 'activityId': 19211247577, 'eventUpdateTimeGmt': '2025-05-23T12:41:40'}]",15.0,24.0,8.0,16.0,2025-05-23T21:00:00.0,200,2025-05-23
5652846,3396.0,1358.0,2038.0,3396.0,,,3858.0,23897,2500,20195,20195,1358.0,3858.0,5652846,2025-05-24,"{'typeId': 4, 'typeKey': 'groups'}",bdd22bddaac445b4a042534128cffc02,1500,2025-05-23T21:00:00.0,2025-05-24T00:00:00.0,2025-05-24T21:00:00.0,2025-05-25T00:00:00.0,86400000,,9081,8152,49007,20160,True,True,False,False,135,4,296.652,310.303,97.32677,101.80545,150,10,57,163,62,58,GARMIN,42,96,42840,19140,9840,13200,85020,19560,19980,3300.0,50.39,22.51,11.57,15.53,23.01,23.5,3.88,STRESSFUL,53820,18000,,59,161,38,56,58,5,5,34.0,55.0,3.0,,,,,,,10.0,189.0,"{'eventTimestampGmt': '2025-05-24T17:50:00', 'bodyBatteryLevel': 'VERY_LOW', 'feedbackShortType': 'SLEEP_PREPARATION_STRESSFUL_AND_INTENSIVE_EXERCISE', 'feedbackLongType': 'SLEEP_PREPARATION_STRESSFUL_AND_INTENSIVE_EXERCISE_AND_BB_LOW'}","{'eventTimestampGmt': '2025-05-24T20:18:54', 'bodyBatteryLevel': 'VERY_LOW', 'feedbackShortType': 'SLEEP_TIME_PASSED_STRESSFUL_AND_INTENSIVE_EXERCISE', 'feedbackLongType': 'SLEEP_TIME_PASSED_STRESSFUL_AND_INTENSIVE_EXERCISE_AND_BB_LOW'}","[{'eventType': 'SLEEP', 'eventStartTimeGmt': '2025-05-23T21:42:40', 'timezoneOffset': 10800000, 'durationInMilliseconds': 20160000, 'bodyBatteryImpact': 34, 'feedbackType': 'NONE', 'shortFeedback': 'NONE', 'deviceId': 3423864303, 'activityName': None, 'activityType': None, 'activityId': None, 'eventUpdateTimeGmt': '2025-05-24T03:46:51'}, {'eventType': 'RECOVERY', 'eventStartTimeGmt': '2025-05-24T04:33:21', 'timezoneOffset': 10800000, 'durationInMilliseconds': 3180000, 'bodyBatteryImpact': 3, 'feedbackType': 'RECOVERY_BODY_BATTERY_INCREASE', 'shortFeedback': 'BODY_BATTERY_RECHARGE', 'deviceId': 3423864303, 'activityName': None, 'activityType': None, 'activityId': None, 'eventUpdateTimeGmt': '2025-05-24T06:17:00'}, {'eventType': 'ACTIVITY', 'eventStartTimeGmt': '2025-05-24T08:56:31', 'timezoneOffset': 10800000, 'durationInMilliseconds': 8340000, 'bodyBatteryImpact': -13, 'feedbackType': 'EXERCISE_TRAINING_EFFECT_3', 'shortFeedback': 'IMPROVING_AEROBIC_BASE', 'deviceId': 3423864303, 'activityName': 'Kirkkonummi - Long Run', 'activityType': 'trail_running', 'activityId': 19219749831, 'eventUpdateTimeGmt': '2025-05-24T11:18:33'}]",18.0,37.0,8.0,15.0,2025-05-24T20:43:00.0,200,2025-05-24
5652846,3407.0,1369.0,2038.0,3407.0,,,3869.0,15047,2500,26776,15293,1369.0,3869.0,5652846,2025-05-25,"{'typeId': 4, 'typeKey': 'groups'}",661aa287bd0d4c01bedee6327a4b19e9,1500,2025-05-24T21:00:00.0,2025-05-25T00:00:00.0,2025-05-25T21:00:00.0,2025-05-26T00:00:00.0,86400000,,8139,4389,50532,23340,True,True,False,False,81,12,179.832,105.53400000000006,59.0,34.62402,150,10,56,170,59,59,GARMIN,35,94,31980,26280,14100,12420,84780,18000,11160,2820.0,37.72,31.0,16.63,14.65,21.23,13.16,3.33,BALANCED,49260,23100,,56,170,49,49,54,5,5,47.0,52.0,3.0,,,,,,,12.0,167.0,"{'eventTimestampGmt': '2025-05-25T20:37:34', 'bodyBatteryLevel': 'VERY_LOW', 'feedbackShortType': 'SLEEP_PREPARATION_STRESSFUL_AND_INTENSIVE_EXERCISE', 'feedbackLongType': 'SLEEP_PREPARATION_STRESSFUL_AND_INTENSIVE_EXERCISE_AND_BB_LOW'}","{'eventTimestampGmt': '2025-05-25T01:24:48', 'bodyBatteryLevel': 'MODERATE', 'feedbackShortType': 'SLEEP_TIME_PASSED_STRESSFUL_AND_INACTIVE', 'feedbackLongType': 'SLEEP_TIME_PASSED_STRESSFUL_AND_INACTIVE'}","[{'eventType': 'SLEEP', 'eventStartTimeGmt': '2025-05-24T22:27:33', 'timezoneOffset': 10800000, 'durationInMilliseconds': 23340000, 'bodyBatteryImpact': 47, 'feedbackType': 'NONE', 'shortFeedback': 'NONE', 'deviceId': 3423864303, 'activityName': None, 'activityType': None, 'activityId': None, 'eventUpdateTimeGmt': '2025-05-25T04:57:55'}, {'eventType': 'ACTIVITY', 'eventStartTimeGmt': '2025-05-25T08:15:53', 'timezoneOffset': 10800000, 'durationInMilliseconds': 3060000, 'bodyBatteryImpact': -2, 'feedbackType': 'EXERCISE_TRAINING_EFFECT_BELOW_2', 'shortFeedback': 'NONE', 'deviceId': 3423864303, 'activityName': 'Helsinki Walking', 'activityType': 'walking', 'activityId': 19227880587, 'eventUpdateTimeGmt': '2025-05-25T09:07:11'}, {'eventType': 'ACTIVITY', 'eventStartTimeGmt': '2025-05-25T09:46:14', 'timezoneOffset': 10800000, 'durationInMilliseconds': 5520000, 'bodyBatteryImpact': -11, 'feedbackType': 'EXERCISE_TRAINING_EFFECT_3', 'shortFeedback': 'IMPROVING_AEROBIC_BASE', 'deviceId': 3423864303, 'activityName': 'Vantaa Cross Country Classic Skiing', 'activityType': 'cross_country_skiing_ws', 'activityId': 19229491794, 'eventUpdateTimeGmt': '2025-05-25T11:21:00'}]",18.0,41.0,6.0,13.0,2025-05-25T21:00:00.0,200,2025-05-25
5652846,2484.0,446.0,2038.0,2484.0,,,2946.0,9427,2500,8035,8035,446.0,2946.0,5652846,2025-05-26,"{'typeId': 4, 'typeKey': 'groups'}",4d36a1819bec4219a2c45e8793075d93,1500,2025-05-25T21:00:00.0,2025-05-26T00:00:00.0,2025-05-26T21:00:00.0,2025-05-27T00:00:00.0,86400000,,5672,1860,55048,23820,True,True,False,False,10,0,38.958,39.007,12.7815,12.79757,150,10,45,122,59,59,GARMIN,26,98,26640,45300,10800,2760,85500,20580,4620,1440.0,31.16,52.98,12.63,3.23,24.07,5.4,1.68,BALANCED,60480,22260,,53,122,57,42,60,5,20,55.0,60.0,3.0,,95.0,86.0,97.0,2025-05-26T21:00:00.0,2025-05-27T00:00:00.0,9.0,37.0,"{'eventTimestampGmt': '2025-05-26T17:50:00', 'bodyBatteryLevel': 'MODERATE', 'feedbackShortType': 'SLEEP_PREPARATION_RECOVERING_AND_EXERCISE', 'feedbackLongType': 'SLEEP_PREPARATION_RECOVERING_AND_EXERCISE'}","{'eventTimestampGmt': '2025-05-26T00:42:15', 'bodyBatteryLevel': 'HIGH', 'feedbackShortType': 'SLEEP_TIME_PASSED_STRESSFUL_AND_INACTIVE', 'feedbackLongType': 'SLEEP_TIME_PASSED_STRESSFUL_AND_INACTIVE'}","[{'eventType': 'SLEEP', 'eventStartTimeGmt': '2025-05-25T21:35:00', 'timezoneOffset': 10800000, 'durationInMilliseconds': 23820000, 'bodyBatteryImpact': 51, 'feedbackType': 'NONE', 'shortFeedback': 'NONE', 'deviceId': 3423864303, 'activityName': None, 'activityType': None, 'activityId': None, 'eventUpdateTimeGmt': '2025-05-26T04:14:52'}, {'eventType': 'RECOVERY', 'eventStartTimeGmt': '2025-05-26T07:11:32', 'timezoneOffset': 10800000, 'durationInMilliseconds': 1800000, 'bodyBatteryImpact': 0, 'feedbackType': 'RECOVERY_BODY_BATTERY_NOT_INCREASE', 'shortFeedback': 'RESTFUL_PERIOD', 'deviceId': 3423864303, 'activityName': None, 'activityType': None, 'activityId': None, 'eventUpdateTimeGmt': '2025-05-26T07:45:20'}, {'eventType': 'RECOVERY', 'eventStartTimeGmt': '2025-05-26T07:50:37', 'timezoneOffset': 10800000, 'durationInMilliseconds': 2280000, 'bodyBatteryImpact': 2, 'feedbackType': 'RECOVERY_BODY_BATTERY_INCREASE', 'shortFeedback': 'BODY_BATTERY_RECHARGE', 'deviceId': 3423864303, 'activityName': None, 'activityType': None, 'activityId': None, 'eventUpdateTimeGmt': '2025-05-26T08:32:04'}, {'eventType': 'ACTIVITY', 'eventStartTimeGmt': '2025-05-26T12:21:13', 'timezoneOffset': 10800000, 'durationInMilliseconds': 1500000, 'bodyBatteryImpact': -3, 'feedbackType': 'EXERCISE_TRAINING_EFFECT_BELOW_2', 'shortFeedback': 'EASY_RECOVERY', 'deviceId': 3423864303, 'activityName': 'Helsinki Walking', 'activityType': 'walking', 'activityId': 19239268819, 'eventUpdateTimeGmt': '2025-05-26T12:47:41'}]",14.0,25.0,6.0,14.0,2025-05-26T20:48:00.0,200,2025-05-26
5652846,3462.0,1424.0,2038.0,3462.0,,,3924.0,14805,2500,25262,13801,1424.0,3924.0,5652846,2025-05-27,"{'typeId': 4, 'typeKey': 'groups'}",cbb2ab4024e34f949e05e02846e10e20,1500,2025-05-26T21:00:00.0,2025-05-27T00:00:00.0,2025-05-27T21:00:00.0,2025-05-28T00:00:00.0,86400000,,8389,3315,48900,25796,True,True,False,False,57,27,171.336,118.395,56.2126,38.8435,150,10,47,172,56,59,GARMIN,24,99,20220,45060,11340,8460,85080,14340,4260,1620.0,23.77,52.96,13.33,9.94,16.85,5.01,1.9,BALANCED,50940,25680,,54,169,75,75,95,20,20,73.0,94.0,3.0,,94.0,87.0,95.0,2025-05-27T21:00:00.0,2025-05-28T00:00:00.0,4.0,184.0,"{'eventTimestampGmt': '2025-05-27T18:57:47', 'bodyBatteryLevel': 'MODERATE', 'feedbackShortType': 'SLEEP_PREPARATION_RECOVERING_AND_INTENSIVE_EXERCISE', 'feedbackLongType': 'SLEEP_PREPARATION_RECOVERING_AND_INTENSIVE_EXERCISE'}","{'eventTimestampGmt': '2025-05-26T22:14:08', 'bodyBatteryLevel': 'HIGH', 'feedbackShortType': 'SLEEP_TIME_PASSED_RECOVERING_AND_EXERCISE', 'feedbackLongType': 'SLEEP_TIME_PASSED_RECOVERING_AND_EXERCISE'}","[{'eventType': 'SLEEP', 'eventStartTimeGmt': '2025-05-26T21:26:41', 'timezoneOffset': 10800000, 'durationInMilliseconds': 23880000, 'bodyBatteryImpact': 75, 'feedbackType': 'NONE', 'shortFeedback': 'NONE', 'deviceId': 3423864303, 'activityName': None, 'activityType': None, 'activityId': None, 'eventUpdateTimeGmt': '2025-05-27T04:07:00'}, {'eventType': 'RECOVERY', 'eventStartTimeGmt': '2025-05-27T10:58:35', 'timezoneOffset': 10800000, 'durationInMilliseconds': 2640000, 'bodyBatteryImpact': -1, 'feedbackType': 'RECOVERY_BODY_BATTERY_NOT_INCREASE', 'shortFeedback': 'RESTFUL_PERIOD', 'deviceId': 3423864303, 'activityName': None, 'activityType': None, 'activityId': None, 'eventUpdateTimeGmt': '2025-05-27T11:45:50'}, {'eventType': 'ACTIVITY', 'eventStartTimeGmt': '2025-05-27T12:58:47', 'timezoneOffset': 10800000, 'durationInMilliseconds': 4500000, 'bodyBatteryImpact': -15, 'feedbackType': 'EXERCISE_TRAINING_EFFECT_3', 'shortFeedback': 'IMPROVING_AEROBIC_ENDURANCE', 'deviceId': 3423864303, 'activityName': 'Vantaa Cross Country Classic Skiing', 'activityType': 'cross_country_skiing_ws', 'activityId': 19250106972, 'eventUpdateTimeGmt': '2025-05-27T14:15:10'}, {'eventType': 'ACTIVITY', 'eventStartTimeGmt': '2025-05-27T15:28:53', 'timezoneOffset': 10800000, 'durationInMilliseconds': 1500000, 'bodyBatteryImpact': -15, 'feedbackType': 'EXERCISE_TRAINING_EFFECT_3', 'shortFeedback': 'IMPROVING_AEROBIC_ENDURANCE', 'deviceId': 3423864303, 'activityName': 'Yoga', 'activityType': 'yoga', 'activityId': 19250926179, 'eventUpdateTimeGmt': '2025-05-27T15:14:24'}, {'eventType': 'ACTIVITY', 'eventStartTimeGmt': '2025-05-27T17:40:41', 'timezoneOffset': 10800000, 'durationInMilliseconds': 1860000, 'bodyBatteryImpact': -15, 'feedbackType': 'EXERCISE_TRAINING_EFFECT_3', 'shortFeedback': 'IMPROVING_AEROBIC_ENDURANCE', 'deviceId': 3423864303, 'activityName': None, 'activityType': None, 'activityId': None, 'eventUpdateTimeGmt': '2025-05-27T15:55:26'}]",17.0,41.0,7.0,17.0,2025-05-27T21:00:00.0,200,2025-05-27
5652846,2299.0,261.0,2038.0,2299.0,,,2761.0,5672,2500,4671,4671,261.0,2761.0,5652846,2025-05-28,"{'typeId': 4, 'typeKey': 'groups'}",c173f77a1dbb4830a32c70a755c9a950,1500,2025-05-27T21:00:00.0,2025-05-28T00:00:00.0,2025-05-28T21:00:00.0,2025-05-29T00:00:00.0,86400000,,2483,3434,53787,26696,True,False,False,False,13,0,24.384,24.193,8.0,7.93734,150,10,54,126,59,59,GARMIN,35,88,38520,29700,11280,6480,85980,24000,11100,3420.0,44.8,34.54,13.12,7.54,27.91,12.91,3.98,STRESSFUL,54060,25440,,57,126,49,54,66,12,15,45.0,65.0,3.0,,92.0,77.0,98.0,2025-05-28T03:35:00.0,2025-05-28T06:35:00.0,59.0,,"{'eventTimestampGmt': '2025-05-28T17:50:00', 'bodyBatteryLevel': 'LOW', 'feedbackShortType': 'SLEEP_PREPARATION_BALANCED_AND_INACTIVE', 'feedbackLongType': 'SLEEP_PREPARATION_BALANCED_AND_INACTIVE_AND_BB_LOW'}","{'eventTimestampGmt': '2025-05-28T20:59:24', 'bodyBatteryLevel': 'MODERATE', 'feedbackShortType': 'SLEEP_TIME_PASSED_BALANCED_AND_INACTIVE', 'feedbackLongType': 'SLEEP_TIME_PASSED_BALANCED_AND_INACTIVE'}","[{'eventType': 'SLEEP', 'eventStartTimeGmt': '2025-05-27T20:28:04', 'timezoneOffset': 10800000, 'durationInMilliseconds': 25620000, 'bodyBatteryImpact': 45, 'feedbackType': 'NONE', 'shortFeedback': 'NONE', 'deviceId': 3423864303, 'activityName': None, 'activityType': None, 'activityId': None, 'eventUpdateTimeGmt': '2025-05-28T03:35:08'}, {'eventType': 'STRESS', 'eventStartTimeGmt': '2025-05-28T09:01:03', 'timezoneOffset': 10800000, 'durationInMilliseconds': 2940000, 'bodyBatteryImpact': -7, 'feedbackType': 'STRESS', 'shortFeedback': 'STRESSFUL_PERIOD', 'deviceId': 3423864303, 'activityName': None, 'activityType': None, 'activityId': None, 'eventUpdateTimeGmt': '2025-05-28T09:54:10'}]",14.0,23.0,7.0,17.0,2025-05-28T21:00:00.0,200,2025-05-28
5652846,2306.0,268.0,2038.0,2306.0,,,2768.0,2793,2500,2300,2300,268.0,2768.0,5652846,2025-05-29,"{'typeId': 4, 'typeKey': 'groups'}",ee025c34deb04fca81117f53b93c3f26,1500,2025-05-28T21:00:00.0,2025-05-29T00:00:00.0,2025-05-29T21:00:00.0,2025-05-30T00:00:00.0,86400000,,865,2870,55245,27420,True,False,False,False,8,0,10.638,4.788,3.49016,1.57087,150,10,55,144,63,60,GARMIN,42,99,60240,16380,5700,3660,85980,35580,18660,6000.0,70.06,19.05,6.63,4.26,41.38,21.7,6.98,VERY_STRESSFUL,58620,23700,,56,133,34,42,49,7,7,37.0,49.0,3.0,4.0,,,,,,83.0,,"{'eventTimestampGmt': '2025-05-29T17:50:00', 'bodyBatteryLevel': 'LOW', 'feedbackShortType': 'SLEEP_PREPARATION_STRESSFUL_AND_INACTIVE', 'feedbackLongType': 'SLEEP_PREPARATION_STRESSFUL_AND_INACTIVE_AND_BB_LOW'}","{'eventTimestampGmt': '2025-05-28T22:41:27', 'bodyBatteryLevel': 'HIGH', 'feedbackShortType': 'SLEEP_TIME_PASSED_BALANCED_AND_INACTIVE', 'feedbackLongType': 'SLEEP_TIME_PASSED_BALANCED_AND_INACTIVE'}","[{'eventType': 'SLEEP', 'eventStartTimeGmt': '2025-05-28T20:10:08', 'timezoneOffset': 10800000, 'durationInMilliseconds': 28800000, 'bodyBatteryImpact': 37, 'feedbackType': 'NONE', 'shortFeedback': 'NONE', 'deviceId': 3423864303, 'activityName': None, 'activityType': None, 'activityId': None, 'eventUpdateTimeGmt': '2025-05-29T04:10:24'}]",15.0,25.0,8.0,20.0,2025-05-29T21:00:00.0,200,2025-05-29
5652846,2388.0,350.0,2038.0,2388.0,,,2850.0,3111,2500,2581,2581,350.0,2850.0,5652846,2025-05-30,"{'typeId': 4, 'typeKey': 'groups'}",c03463a22ba34a7689e8b55e3cdc761b,1500,2025-05-29T21:00:00.0,2025-05-30T00:00:00.0,2025-05-30T21:00:00.0,2025-05-31T00:00:00.0,86400000,,675,3404,46044,36277,True,False,False,False,5,0,4.6080000000000005,5.02,1.51181,1.64698,150,10,57,122,70,60,GARMIN,50,97,71280,2280,6360,4800,84720,40560,23100,7620.0,84.14,2.69,7.51,5.67,47.88,27.27,8.99,VERY_STRESSFUL,51360,28560,,60,122,26,28,33,5,5,26.0,33.0,3.0,2.0,,,,,,82.0,,"{'eventTimestampGmt': '2025-05-30T17:50:00', 'bodyBatteryLevel': 'VERY_LOW', 'feedbackShortType': 'SLEEP_PREPARATION_STRESSFUL_AND_INACTIVE', 'feedbackLongType': 'SLEEP_PREPARATION_STRESSFUL_AND_INACTIVE_AND_BB_LOW'}","{'eventTimestampGmt': '2025-05-30T01:07:43', 'bodyBatteryLevel': 'HIGH', 'feedbackShortType': 'SLEEP_TIME_PASSED_STRESSFUL_AND_INACTIVE', 'feedbackLongType': 'SLEEP_TIME_PASSED_STRESSFUL_AND_INACTIVE'}","[{'eventType': 'SLEEP', 'eventStartTimeGmt': '2025-05-29T20:33:24', 'timezoneOffset': 10800000, 'durationInMilliseconds': 30600000, 'bodyBatteryImpact': 26, 'feedbackType': 'NONE', 'shortFeedback': 'NONE', 'deviceId': 3423864303, 'activityName': None, 'activityType': None, 'activityId': None, 'eventUpdateTimeGmt': '2025-05-30T05:41:47'}]",16.0,26.0,7.0,18.0,2025-05-30T21:00:00.0,200,2025-05-30
5652846,2557.0,519.0,2038.0,2557.0,,,3019.0,7408,2500,6199,6199,519.0,3019.0,5652846,2025-05-31,"{'typeId': 4, 'typeKey': 'groups'}",849c3a72f0464004b7a1e316803a9a06,1500,2025-05-30T21:00:00.0,2025-05-31T00:00:00.0,2025-05-31T21:00:00.0,2025-06-01T00:00:00.0,86400000,,3049,3362,53302,26687,True,True,False,False,33,0,138.047,139.588,45.29101,45.79659,150,10,61,135,64,61,GARMIN,47,94,60120,13860,10380,1620,85980,28380,23160,8580.0,69.92,16.12,12.07,1.88,33.01,26.94,9.98,VERY_STRESSFUL,57720,26640,,63,135,31,30,36,5,6,30.0,35.0,3.0,,,,,,,63.0,57.0,"{'eventTimestampGmt': '2025-05-31T18:51:38', 'bodyBatteryLevel': 'VERY_LOW', 'feedbackShortType': 'SLEEP_PREPARATION_STRESSFUL_AND_EXERCISE', 'feedbackLongType': 'SLEEP_PREPARATION_STRESSFUL_AND_EXERCISE_AND_BB_LOW'}","{'eventTimestampGmt': '2025-05-30T23:18:03', 'bodyBatteryLevel': 'MODERATE', 'feedbackShortType': 'SLEEP_TIME_PASSED_STRESSFUL_AND_INACTIVE', 'feedbackLongType': 'SLEEP_TIME_PASSED_STRESSFUL_AND_INACTIVE'}","[{'eventType': 'SLEEP', 'eventStartTimeGmt': '2025-05-30T18:58:47', 'timezoneOffset': 10800000, 'durationInMilliseconds': 33960000, 'bodyBatteryImpact': 30, 'feedbackType': 'NONE', 'shortFeedback': 'NONE', 'deviceId': 3423864303, 'activityName': None, 'activityType': None, 'activityId': None, 'eventUpdateTimeGmt': '2025-05-31T05:15:24'}, {'eventType': 'STRESS', 'eventStartTimeGmt': '2025-05-31T10:39:44', 'timezoneOffset': 10800000, 'durationInMilliseconds': 7320000, 'bodyBatteryImpact': -7, 'feedbackType': 'STRESS_LONG', 'shortFeedback': 'NEED_A_LITTLE_BREAK', 'deviceId': 3423864303, 'activityName': None, 'activityType': None, 'activityId': None, 'eventUpdateTimeGmt': '2025-05-31T12:45:31'}, {'eventType': 'ACTIVITY', 'eventStartTimeGmt': '2025-05-31T15:19:58', 'timezoneOffset': 10800000, 'durationInMilliseconds': 2400000, 'bodyBatteryImpact': -1, 'feedbackType': 'EXERCISE_TRAINING_EFFECT_BELOW_2', 'shortFeedback': 'EASY_RECOVERY', 'deviceId': 3423864303, 'activityName': 'Helsinki Walking', 'activityType': 'walking', 'activityId': 19291604221, 'eventUpdateTimeGmt': '2025-05-31T16:04:59'}]",15.0,24.0,8.0,9.0,2025-05-31T20:59:00.0,200,2025-05-31
5652846,3945.0,1907.0,2038.0,3945.0,,,4407.0,18387,2500,24941,16132,1907.0,4407.0,5652846,2025-06-01,"{'typeId': 4, 'typeKey': 'groups'}",aef6ed46a9b24f1a9e3d3d12cd636723,1500,2025-05-31T21:00:00.0,2025-06-01T00:00:00.0,2025-06-01T21:00:00.0,2025-06-02T00:00:00.0,86400000,,8656,7431,53547,16766,True,True,False,False,90,52,233.014,215.277,76.44816,70.62894,150,10,55,179,64,62,GARMIN,46,96,53220,11940,13080,6900,85140,26940,20760,5520.0,62.51,14.02,15.36,8.1,31.64,24.38,6.48,VERY_STRESSFUL,61500,16740,,59,178,17,18,23,5,5,17.0,23.0,3.0,2.0,,,,,,43.0,194.0,"{'eventTimestampGmt': '2025-06-01T17:50:00', 'bodyBatteryLevel': 'VERY_LOW', 'feedbackShortType': 'SLEEP_PREPARATION_STRESSFUL_AND_INTENSIVE_EXERCISE', 'feedbackLongType': 'SLEEP_PREPARATION_STRESSFUL_AND_INTENSIVE_EXERCISE_AND_BB_LOW'}","{'eventTimestampGmt': '2025-06-01T01:29:15', 'bodyBatteryLevel': 'LOW', 'feedbackShortType': 'SLEEP_TIME_PASSED_STRESSFUL_AND_INACTIVE', 'feedbackLongType': 'SLEEP_TIME_PASSED_STRESSFUL_AND_INACTIVE_AND_BB_LOW'}","[{'eventType': 'SLEEP', 'eventStartTimeGmt': '2025-06-01T00:15:59', 'timezoneOffset': 10800000, 'durationInMilliseconds': 16740000, 'bodyBatteryImpact': 17, 'feedbackType': 'NONE', 'shortFeedback': 'NONE', 'deviceId': 3423864303, 'activityName': None, 'activityType': None, 'activityId': None, 'eventUpdateTimeGmt': '2025-06-01T04:55:25'}, {'eventType': 'ACTIVITY', 'eventStartTimeGmt': '2025-06-01T09:43:53', 'timezoneOffset': 10800000, 'durationInMilliseconds': 2940000, 'bodyBatteryImpact': -6, 'feedbackType': 'EXERCISE_TRAINING_EFFECT_4_GOOD_TIMING', 'shortFeedback': 'HIGHLY_IMPROVING_TEMPO', 'deviceId': 3423864303, 'activityName': 'Espoo Cross Country Classic Skiing', 'activityType': 'cross_country_skiing_ws', 'activityId': 19298536814, 'eventUpdateTimeGmt': '2025-06-01T10:35:39'}, {'eventType': 'ACTIVITY', 'eventStartTimeGmt': '2025-06-01T12:31:15', 'timezoneOffset': 10800000, 'durationInMilliseconds': 4200000, 'bodyBatteryImpact': -6, 'feedbackType': 'EXERCISE_TRAINING_EFFECT_4_GOOD_TIMING', 'shortFeedback': 'HIGHLY_IMPROVING_TEMPO', 'deviceId': 3423864303, 'activityName': 'Helsinki Walking', 'activityType': 'walking', 'activityId': 19300419472, 'eventUpdateTimeGmt': '2025-06-01T11:23:01'}, {'eventType': 'ACTIVITY', 'eventStartTimeGmt': '2025-06-01T14:23:52', 'timezoneOffset': 10800000, 'durationInMilliseconds': 1260000, 'bodyBatteryImpact': -6, 'feedbackType': 'EXERCISE_TRAINING_EFFECT_4_GOOD_TIMING', 'shortFeedback': 'HIGHLY_IMPROVING_TEMPO', 'deviceId': 3423864303, 'activityName': 'Yoga', 'activityType': 'yoga', 'activityId': 19302837347, 'eventUpdateTimeGmt': '2025-06-01T13:50:10'}]",17.0,41.0,8.0,15.0,2025-06-01T21:00:00.0,200,2025-06-01
5652846,2648.0,610.0,2038.0,2648.0,,,3110.0,8225,2500,7246,7246,610.0,3110.0,5652846,2025-06-02,"{'typeId': 4, 'typeKey': 'groups'}",ebd12572d5084b1a8f70d99cd2526440,1500,2025-06-01T21:00:00.0,2025-06-02T00:00:00.0,2025-06-02T21:00:00.0,2025-06-03T00:00:00.0,86400000,,3899,2357,55724,24420,True,True,False,False,41,0,47.972,54.703,15.73885,17.94718,150,10,58,127,65,63,GARMIN,40,98,56040,15780,8580,4500,84900,36900,16980,2160.0,66.01,18.59,10.11,5.3,43.46,20.0,2.54,VERY_STRESSFUL,62580,17820,,61,126,28,28,28,5,5,22.0,27.0,3.0,,,,,,,58.0,43.0,"{'eventTimestampGmt': '2025-06-02T17:50:02', 'bodyBatteryLevel': 'VERY_LOW', 'feedbackShortType': 'SLEEP_PREPARATION_STRESSFUL_AND_EXERCISE', 'feedbackLongType': 'SLEEP_PREPARATION_STRESSFUL_AND_EXERCISE_AND_BB_LOW'}","{'eventTimestampGmt': '2025-06-02T01:53:38', 'bodyBatteryLevel': 'LOW', 'feedbackShortType': 'SLEEP_TIME_PASSED_STRESSFUL_AND_INACTIVE', 'feedbackLongType': 'SLEEP_TIME_PASSED_STRESSFUL_AND_INACTIVE_AND_BB_LOW'}","[{'eventType': 'SLEEP', 'eventStartTimeGmt': '2025-06-01T22:20:00', 'timezoneOffset': 10800000, 'durationInMilliseconds': 20940000, 'bodyBatteryImpact': 22, 'feedbackType': 'NONE', 'shortFeedback': 'NONE', 'deviceId': 3423864303, 'activityName': None, 'activityType': None, 'activityId': None, 'eventUpdateTimeGmt': '2025-06-02T04:10:08'}, {'eventType': 'NAP', 'eventStartTimeGmt': '2025-06-02T13:01:08', 'timezoneOffset': 10800000, 'durationInMilliseconds': 3480000, 'bodyBatteryImpact': 2, 'feedbackType': 'NAP_RECOVERING_BODY_BATTERY_INCREASE', 'shortFeedback': 'RESTFUL_NAP', 'deviceId': 3423864303, 'activityName': None, 'activityType': None, 'activityId': None, 'eventUpdateTimeGmt': '2025-06-02T14:23:30'}, {'eventType': 'ACTIVITY', 'eventStartTimeGmt': '2025-06-02T14:27:35', 'timezoneOffset': 10800000, 'durationInMilliseconds': 1800000, 'bodyBatteryImpact': -5, 'feedbackType': 'EXERCISE_TRAINING_EFFECT_BELOW_2', 'shortFeedback': 'EASY_RECOVERY', 'deviceId': 3423864303, 'activityName': 'Helsinki Walking', 'activityType': 'walking', 'activityId': 19310770218, 'eventUpdateTimeGmt': '2025-06-02T14:58:39'}]",16.0,25.0,7.0,20.0,2025-06-02T21:00:00.0,200,2025-06-02
5652846,2828.0,790.0,2038.0,2828.0,,,3290.0,10340,2500,22070,8617,790.0,3290.0,5652846,2025-06-03,"{'typeId': 4, 'typeKey': 'groups'}",d3d60761d29a48c4a406c73f4c96f713,1500,2025-06-02T21:00:00.0,2025-06-03T00:00:00.0,2025-06-03T21:00:00.0,2025-06-04T00:00:00.0,86400000,,5073,3049,53378,24900,True,True,False,False,12,0,48.768,32.93,16.0,10.80381,150,10,54,129,64,64,GARMIN,35,92,40020,25740,14160,2460,82380,26160,12180,1680.0,48.58,31.25,17.19,2.99,31.76,14.79,2.04,STRESSFUL,58800,21120,,56,126,39,39,35,5,5,30.0,35.0,3.0,2.0,,,,,,49.0,151.0,"{'eventTimestampGmt': '2025-06-03T19:31:39', 'bodyBatteryLevel': 'VERY_LOW', 'feedbackShortType': 'SLEEP_PREPARATION_BALANCED_AND_EXERCISE', 'feedbackLongType': 'SLEEP_PREPARATION_BALANCED_AND_EXERCISE_AND_BB_LOW_MORNING_AND_NOW'}","{'eventTimestampGmt': '2025-06-03T20:49:49', 'bodyBatteryLevel': 'VERY_LOW', 'feedbackShortType': 'SLEEP_TIME_PASSED_BALANCED_AND_EXERCISE', 'feedbackLongType': 'SLEEP_TIME_PASSED_BALANCED_AND_EXERCISE_AND_BB_LOW_MORNING_AND_NOW'}","[{'eventType': 'SLEEP', 'eventStartTimeGmt': '2025-06-02T21:48:39', 'timezoneOffset': 10800000, 'durationInMilliseconds': 21660000, 'bodyBatteryImpact': 30, 'feedbackType': 'NONE', 'shortFeedback': 'NONE', 'deviceId': 3423864303, 'activityName': None, 'activityType': None, 'activityId': None, 'eventUpdateTimeGmt': '2025-06-03T03:51:27'}, {'eventType': 'ACTIVITY', 'eventStartTimeGmt': '2025-06-03T12:09:51', 'timezoneOffset': 10800000, 'durationInMilliseconds': 4020000, 'bodyBatteryImpact': -3, 'feedbackType': 'EXERCISE_TRAINING_EFFECT_BELOW_2', 'shortFeedback': 'EASY_RECOVERY', 'deviceId': 3423864303, 'activityName': 'Helsinki Cycling', 'activityType': 'cycling', 'activityId': 19320680662, 'eventUpdateTimeGmt': '2025-06-03T13:17:11'}, {'eventType': 'NAP', 'eventStartTimeGmt': '2025-06-03T14:18:11', 'timezoneOffset': 10800000, 'durationInMilliseconds': 3240000, 'bodyBatteryImpact': 5, 'feedbackType': 'NAP_RECOVERING_BODY_BATTERY_INCREASE', 'shortFeedback': 'RESTFUL_NAP', 'deviceId': 3423864303, 'activityName': None, 'activityType': None, 'activityId': None, 'eventUpdateTimeGmt': '2025-06-03T15:36:25'}, {'eventType': 'ACTIVITY', 'eventStartTimeGmt': '2025-06-03T15:48:29', 'timezoneOffset': 10800000, 'durationInMilliseconds': 2880000, 'bodyBatteryImpact': -5, 'feedbackType': 'EXERCISE_TRAINING_EFFECT_BELOW_2', 'shortFeedback': 'EASY_RECOVERY', 'deviceId': 3423864303, 'activityName': 'Helsinki Walking', 'activityType': 'walking', 'activityId': 19321471023, 'eventUpdateTimeGmt': '2025-06-03T16:37:26'}, {'eventType': 'ACTIVITY', 'eventStartTimeGmt': '2025-06-03T16:42:27', 'timezoneOffset': 10800000, 'durationInMilliseconds': 1200000, 'bodyBatteryImpact': -1, 'feedbackType': 'NONE', 'shortFeedback': 'NONE', 'deviceId': 3423864303, 'activityName': 'Yoga', 'activityType': 'yoga', 'activityId': 19321806649, 'eventUpdateTimeGmt': '2025-06-03T17:03:01'}]",16.0,24.0,8.0,19.0,2025-06-03T21:00:00.0,200,2025-06-03
5652846,3758.0,1720.0,2038.0,3758.0,,,4220.0,17222,2500,15256,15256,1720.0,4220.0,5652846,2025-06-04,"{'typeId': 4, 'typeKey': 'groups'}",1c8e7010afa8499db131f4b54d32ebea,1500,2025-06-03T21:00:00.0,2025-06-04T00:00:00.0,2025-06-04T21:00:00.0,2025-06-05T00:00:00.0,86400000,,7115,4078,49560,25647,True,True,False,False,94,46,434.739,441.602,142.63091,144.88255,150,10,58,183,63,65,GARMIN,47,100,50220,16740,7800,11040,85800,22320,16680,11220.0,58.53,19.51,9.09,12.87,26.01,19.44,13.08,STRESSFUL,50160,24600,,59,178,44,44,49,5,5,44.0,49.0,3.0,7.0,,,,,,54.0,178.0,"{'eventTimestampGmt': '2025-06-04T17:50:01', 'bodyBatteryLevel': 'VERY_LOW', 'feedbackShortType': 'SLEEP_PREPARATION_STRESSFUL_AND_INTENSIVE_EXERCISE', 'feedbackLongType': 'SLEEP_PREPARATION_STRESSFUL_AND_INTENSIVE_EXERCISE_AND_BB_LOW'}","{'eventTimestampGmt': '2025-06-04T00:27:15', 'bodyBatteryLevel': 'HIGH', 'feedbackShortType': 'SLEEP_TIME_PASSED_BALANCED_AND_INACTIVE', 'feedbackLongType': 'SLEEP_TIME_PASSED_BALANCED_AND_INACTIVE'}","[{'eventType': 'SLEEP', 'eventStartTimeGmt': '2025-06-03T21:02:01', 'timezoneOffset': 10800000, 'durationInMilliseconds': 25140000, 'bodyBatteryImpact': 43, 'feedbackType': 'NONE', 'shortFeedback': 'NONE', 'deviceId': 3423864303, 'activityName': None, 'activityType': None, 'activityId': None, 'eventUpdateTimeGmt': '2025-06-04T04:01:15'}, {'eventType': 'ACTIVITY', 'eventStartTimeGmt': '2025-06-04T12:13:00', 'timezoneOffset': 10800000, 'durationInMilliseconds': 5700000, 'bodyBatteryImpact': -10, 'feedbackType': 'EXERCISE_TRAINING_EFFECT_3', 'shortFeedback': 'IMPROVING_AEROBIC_ENDURANCE', 'deviceId': 3423864303, 'activityName': 'Helsinki Trail Running', 'activityType': 'trail_running', 'activityId': 19330538416, 'eventUpdateTimeGmt': '2025-06-04T13:49:21'}, {'eventType': 'ACTIVITY', 'eventStartTimeGmt': '2025-06-04T14:09:07', 'timezoneOffset': 10800000, 'durationInMilliseconds': 1800000, 'bodyBatteryImpact': -10, 'feedbackType': 'EXERCISE_TRAINING_EFFECT_3', 'shortFeedback': 'IMPROVING_AEROBIC_ENDURANCE', 'deviceId': 3423864303, 'activityName': 'Yoga', 'activityType': 'yoga', 'activityId': 19330927280, 'eventUpdateTimeGmt': '2025-06-04T13:56:28'}]",17.0,42.0,5.0,17.0,2025-06-04T21:00:00.0,200,2025-06-04
5652846,2807.0,769.0,2038.0,2807.0,,,3269.0,12854,2500,10831,10831,769.0,3269.0,5652846,2025-06-05,"{'typeId': 4, 'typeKey': 'groups'}",19fb26e9576f4b92a546a7e6af8b5afd,1500,2025-06-04T21:00:00.0,2025-06-05T00:00:00.0,2025-06-05T21:00:00.0,2025-06-06T00:00:00.0,86400000,,5307,4353,52159,24581,True,True,False,False,27,0,42.034,43.763,13.79068,14.35794,150,10,60,138,68,65,GARMIN,46,98,65460,2100,12300,6000,85860,42660,19860,2940.0,76.24,2.45,14.33,6.99,49.69,23.13,3.42,VERY_STRESSFUL,56520,23340,,67,137,20,20,25,5,5,20.0,25.0,3.0,,,,,,,61.0,40.0,"{'eventTimestampGmt': '2025-06-05T17:50:00', 'bodyBatteryLevel': 'VERY_LOW', 'feedbackShortType': 'SLEEP_PREPARATION_STRESSFUL_AND_EXERCISE', 'feedbackLongType': 'SLEEP_PREPARATION_STRESSFUL_AND_EXERCISE_AND_BB_LOW'}","{'eventTimestampGmt': '2025-06-05T20:30:17', 'bodyBatteryLevel': 'VERY_LOW', 'feedbackShortType': 'SLEEP_TIME_PASSED_STRESSFUL_AND_EXERCISE', 'feedbackLongType': 'SLEEP_TIME_PASSED_STRESSFUL_AND_EXERCISE_AND_BB_LOW'}","[{'eventType': 'SLEEP', 'eventStartTimeGmt': '2025-06-04T20:51:47', 'timezoneOffset': 10800000, 'durationInMilliseconds': 23880000, 'bodyBatteryImpact': 20, 'feedbackType': 'NONE', 'shortFeedback': 'NONE', 'deviceId': 3423864303, 'activityName': None, 'activityType': None, 'activityId': None, 'eventUpdateTimeGmt': '2025-06-05T03:30:06'}, {'eventType': 'ACTIVITY', 'eventStartTimeGmt': '2025-06-05T15:28:20', 'timezoneOffset': 10800000, 'durationInMilliseconds': 1680000, 'bodyBatteryImpact': 0, 'feedbackType': 'EXERCISE_TRAINING_EFFECT_BELOW_2', 'shortFeedback': 'EASY_RECOVERY', 'deviceId': 3423864303, 'activityName': 'Helsinki Walking', 'activityType': 'walking', 'activityId': 19341771172, 'eventUpdateTimeGmt': '2025-06-05T15:57:25'}]",15.0,24.0,8.0,18.0,2025-06-05T21:00:00.0,200,2025-06-05
5652846,2567.0,529.0,2038.0,2567.0,,,3029.0,8191,2500,6790,6790,529.0,3029.0,5652846,2025-06-06,"{'typeId': 4, 'typeKey': 'groups'}",71447708c4fb4f77a52f1b4671d462d2,1500,2025-06-05T21:00:00.0,2025-06-06T00:00:00.0,2025-06-06T21:00:00.0,2025-06-07T00:00:00.0,86400000,,2180,5528,53827,24865,True,False,False,False,0,0,51.816,51.944,17.0,17.04199,150,10,57,124,62,64,GARMIN,40,96,52260,19560,10860,1380,84060,31860,16260,4140.0,62.17,23.27,12.92,1.64,37.9,19.34,4.93,STRESSFUL,58200,24480,,60,123,46,46,50,5,5,45.0,50.0,3.0,,,,,,,99.0,,"{'eventTimestampGmt': '2025-06-06T18:58:55', 'bodyBatteryLevel': 'VERY_LOW', 'feedbackShortType': 'SLEEP_PREPARATION_STRESSFUL_AND_INACTIVE', 'feedbackLongType': 'SLEEP_PREPARATION_STRESSFUL_AND_INACTIVE_AND_BB_LOW'}","{'eventTimestampGmt': '2025-06-06T20:54:34', 'bodyBatteryLevel': 'VERY_LOW', 'feedbackShortType': 'SLEEP_TIME_PASSED_STRESSFUL_AND_INACTIVE', 'feedbackLongType': 'SLEEP_TIME_PASSED_STRESSFUL_AND_INACTIVE_AND_BB_LOW'}","[{'eventType': 'SLEEP', 'eventStartTimeGmt': '2025-06-05T20:40:25', 'timezoneOffset': 10800000, 'durationInMilliseconds': 26040000, 'bodyBatteryImpact': 45, 'feedbackType': 'NONE', 'shortFeedback': 'NONE', 'deviceId': 3423864303, 'activityName': None, 'activityType': None, 'activityId': None, 'eventUpdateTimeGmt': '2025-06-06T03:55:40'}]",15.0,23.0,8.0,14.0,2025-06-06T21:00:00.0,200,2025-06-06
5652846,3689.0,1651.0,2038.0,3689.0,,,4151.0,5151,2500,46783,4251,1651.0,4151.0,5652846,2025-06-07,"{'typeId': 4, 'typeKey': 'groups'}",b2fda683aa9f45afb08cf71b062f7f60,1500,2025-06-06T21:00:00.0,2025-06-07T00:00:00.0,2025-06-07T21:00:00.0,2025-06-08T00:00:00.0,86400000,,1471,4748,48557,31624,True,True,False,False,179,0,15.24,21.968,5.0,7.20735,150,10,60,150,65,64,GARMIN,41,97,38280,21120,23700,2340,85440,19320,12000,6960.0,44.8,24.72,27.74,2.74,22.61,14.04,8.15,STRESSFUL,55500,27600,,62,146,41,41,46,5,5,39.0,44.0,3.0,1.0,,,,,,122.0,365.0,"{'eventTimestampGmt': '2025-06-07T19:40:08', 'bodyBatteryLevel': 'VERY_LOW', 'feedbackShortType': 'SLEEP_PREPARATION_STRESSFUL_AND_INTENSIVE_EXERCISE', 'feedbackLongType': 'SLEEP_PREPARATION_STRESSFUL_AND_INTENSIVE_EXERCISE_AND_BB_LOW'}","{'eventTimestampGmt': '2025-06-07T00:53:44', 'bodyBatteryLevel': 'HIGH', 'feedbackShortType': 'SLEEP_TIME_PASSED_STRESSFUL_AND_INACTIVE', 'feedbackLongType': 'SLEEP_TIME_PASSED_STRESSFUL_AND_INACTIVE'}","[{'eventType': 'SLEEP', 'eventStartTimeGmt': '2025-06-06T21:05:40', 'timezoneOffset': 10800000, 'durationInMilliseconds': 28140000, 'bodyBatteryImpact': 39, 'feedbackType': 'NONE', 'shortFeedback': 'NONE', 'deviceId': 3423864303, 'activityName': None, 'activityType': None, 'activityId': None, 'eventUpdateTimeGmt': '2025-06-07T04:54:42'}, {'eventType': 'ACTIVITY', 'eventStartTimeGmt': '2025-06-07T09:06:46', 'timezoneOffset': 10800000, 'durationInMilliseconds': 15480000, 'bodyBatteryImpact': -13, 'feedbackType': 'EXERCISE_TRAINING_EFFECT_2', 'shortFeedback': 'MAINTAINING_AEROBIC_BASE', 'deviceId': 3423864303, 'activityName': 'Lappeenranta - Base', 'activityType': 'cycling', 'activityId': 19360240327, 'eventUpdateTimeGmt': '2025-06-07T13:26:56'}]",17.0,30.0,7.0,18.0,2025-06-07T21:00:00.0,200,2025-06-07
5652846,3312.0,1274.0,2038.0,3312.0,,,3774.0,10477,2500,24745,9938,1274.0,3774.0,5652846,2025-06-08,"{'typeId': 4, 'typeKey': 'groups'}",a02ac8664f074022bf4cd7fd5b59c52d,1500,2025-06-07T21:00:00.0,2025-06-08T00:00:00.0,2025-06-08T21:00:00.0,2025-06-09T00:00:00.0,86400000,,4654,5512,45397,30837,True,True,False,False,79,23,26.068,49.178,8.55249,16.13451,150,10,58,201,62,64,GARMIN,42,96,41580,24060,9300,8880,83820,18240,14940,8400.0,49.61,28.7,11.1,10.59,21.76,17.82,10.02,STRESSFUL,44340,30600,,60,201,44,44,49,5,5,44.0,49.0,3.0,1.0,,,,,,65.0,119.0,"{'eventTimestampGmt': '2025-06-08T19:22:19', 'bodyBatteryLevel': 'VERY_LOW', 'feedbackShortType': 'SLEEP_PREPARATION_STRESSFUL_AND_INTENSIVE_EXERCISE', 'feedbackLongType': 'SLEEP_PREPARATION_STRESSFUL_AND_INTENSIVE_EXERCISE_AND_BB_LOW'}","{'eventTimestampGmt': '2025-06-08T00:21:15', 'bodyBatteryLevel': 'HIGH', 'feedbackShortType': 'SLEEP_TIME_PASSED_STRESSFUL_AND_INACTIVE', 'feedbackLongType': 'SLEEP_TIME_PASSED_STRESSFUL_AND_INACTIVE'}","[{'eventType': 'SLEEP', 'eventStartTimeGmt': '2025-06-07T20:01:56', 'timezoneOffset': 10800000, 'durationInMilliseconds': 32100000, 'bodyBatteryImpact': 44, 'feedbackType': 'NONE', 'shortFeedback': 'NONE', 'deviceId': 3423864303, 'activityName': None, 'activityType': None, 'activityId': None, 'eventUpdateTimeGmt': '2025-06-08T04:57:04'}, {'eventType': 'ACTIVITY', 'eventStartTimeGmt': '2025-06-08T08:43:35', 'timezoneOffset': 10800000, 'durationInMilliseconds': 5880000, 'bodyBatteryImpact': -13, 'feedbackType': 'EXERCISE_TRAINING_EFFECT_3', 'shortFeedback': 'IMPROVING_AEROBIC_ENDURANCE', 'deviceId': 3423864303, 'activityName': 'Lappeenranta Cross Country Classic Skiing', 'activityType': 'cross_country_skiing_ws', 'activityId': 19368464406, 'eventUpdateTimeGmt': '2025-06-08T10:22:59'}]",18.0,40.0,7.0,18.0,2025-06-08T21:00:00.0,200,2025-06-08
5652846,2247.0,209.0,2038.0,2247.0,,,2709.0,5918,2500,4985,4985,209.0,2709.0,5652846,2025-06-09,"{'typeId': 4, 'typeKey': 'groups'}",fa9022c5c8e44c8db03f2724bc9f7310,1500,2025-06-08T21:00:00.0,2025-06-09T00:00:00.0,2025-06-09T21:00:00.0,2025-06-10T00:00:00.0,86400000,,3568,1264,51688,29880,True,False,False,False,0,0,14.513,29.383,4.76148,9.64009,150,10,55,118,61,64,GARMIN,25,80,27840,47400,8820,1080,85140,25560,2220,60.0,32.7,55.67,10.36,1.27,30.02,2.61,0.07,BALANCED,56700,27360,,56,109,51,19,43,5,37,38.0,43.0,3.0,,,,,,,-8.0,,"{'eventTimestampGmt': '2025-06-09T17:50:00', 'bodyBatteryLevel': 'HIGH', 'feedbackShortType': 'SLEEP_PREPARATION_RECOVERING_AND_INACTIVE', 'feedbackLongType': 'SLEEP_PREPARATION_RECOVERING_AND_INACTIVE'}","{'eventTimestampGmt': '2025-06-09T01:21:45', 'bodyBatteryLevel': 'HIGH', 'feedbackShortType': 'SLEEP_TIME_PASSED_STRESSFUL_AND_INACTIVE', 'feedbackLongType': 'SLEEP_TIME_PASSED_STRESSFUL_AND_INACTIVE'}","[{'eventType': 'SLEEP', 'eventStartTimeGmt': '2025-06-08T20:22:59', 'timezoneOffset': 10800000, 'durationInMilliseconds': 28080000, 'bodyBatteryImpact': 38, 'feedbackType': 'NONE', 'shortFeedback': 'NONE', 'deviceId': 3423864303, 'activityName': None, 'activityType': None, 'activityId': None, 'eventUpdateTimeGmt': '2025-06-09T04:11:34'}, {'eventType': 'NAP', 'eventStartTimeGmt': '2025-06-09T14:06:34', 'timezoneOffset': 10800000, 'durationInMilliseconds': 2400000, 'bodyBatteryImpact': 3, 'feedbackType': 'NAP_RECOVERING_BODY_BATTERY_INCREASE', 'shortFeedback': 'RESTFUL_NAP', 'deviceId': 3423864303, 'activityName': None, 'activityType': None, 'activityId': None, 'eventUpdateTimeGmt': '2025-06-09T15:09:45'}]",15.0,24.0,7.0,17.0,2025-06-09T21:00:00.0,200,2025-06-09
5652846,3377.0,1339.0,2038.0,3377.0,,,3839.0,12829,2500,23891,11550,1339.0,3839.0,5652846,2025-06-10,"{'typeId': 4, 'typeKey': 'groups'}",8570b362590b4ce9858af8490b99dc95,1500,2025-06-09T21:00:00.0,2025-06-10T00:00:00.0,2025-06-10T21:00:00.0,2025-06-11T00:00:00.0,86400000,,9370,1925,50966,24139,True,True,False,False,17,58,76.2,61.084,25.0,20.04068,150,10,55,189,59,63,GARMIN,29,98,24240,42960,9660,7440,84300,13140,7380,3720.0,28.75,50.96,11.46,8.83,15.59,8.75,4.41,BALANCED,52860,24000,,56,175,53,74,87,16,16,53.0,87.0,3.0,,,,,,,-4.0,173.0,"{'eventTimestampGmt': '2025-06-10T17:50:01', 'bodyBatteryLevel': 'MODERATE', 'feedbackShortType': 'SLEEP_PREPARATION_RECOVERING_AND_INTENSIVE_EXERCISE', 'feedbackLongType': 'SLEEP_PREPARATION_RECOVERING_AND_INTENSIVE_EXERCISE'}","{'eventTimestampGmt': '2025-06-10T20:35:43', 'bodyBatteryLevel': 'MODERATE', 'feedbackShortType': 'SLEEP_TIME_PASSED_RECOVERING_AND_INTENSIVE_EXERCISE', 'feedbackLongType': 'SLEEP_TIME_PASSED_RECOVERING_AND_INTENSIVE_EXERCISE'}","[{'eventType': 'SLEEP', 'eventStartTimeGmt': '2025-06-09T20:33:34', 'timezoneOffset': 10800000, 'durationInMilliseconds': 25320000, 'bodyBatteryImpact': 53, 'feedbackType': 'NONE', 'shortFeedback': 'NONE', 'deviceId': 3423864303, 'activityName': None, 'activityType': None, 'activityId': None, 'eventUpdateTimeGmt': '2025-06-10T03:35:37'}, {'eventType': 'RECOVERY', 'eventStartTimeGmt': '2025-06-10T06:03:42', 'timezoneOffset': 10800000, 'durationInMilliseconds': 2880000, 'bodyBatteryImpact': -2, 'feedbackType': 'RECOVERY_BODY_BATTERY_NOT_INCREASE', 'shortFeedback': 'RESTFUL_PERIOD', 'deviceId': 3423864303, 'activityName': None, 'activityType': None, 'activityId': None, 'eventUpdateTimeGmt': '2025-06-10T06:56:25'}, {'eventType': 'RECOVERY', 'eventStartTimeGmt': '2025-06-10T08:10:02', 'timezoneOffset': 10800000, 'durationInMilliseconds': 2100000, 'bodyBatteryImpact': 3, 'feedbackType': 'RECOVERY_BODY_BATTERY_INCREASE', 'shortFeedback': 'BODY_BATTERY_RECHARGE', 'deviceId': 3423864303, 'activityName': None, 'activityType': None, 'activityId': None, 'eventUpdateTimeGmt': '2025-06-10T08:46:38'}, {'eventType': 'ACTIVITY', 'eventStartTimeGmt': '2025-06-10T13:10:46', 'timezoneOffset': 10800000, 'durationInMilliseconds': 1920000, 'bodyBatteryImpact': -3, 'feedbackType': 'EXERCISE_TRAINING_EFFECT_BELOW_2', 'shortFeedback': 'EASY_RECOVERY', 'deviceId': 3423864303, 'activityName': 'Helsinki Walking', 'activityType': 'walking', 'activityId': 19390554234, 'eventUpdateTimeGmt': '2025-06-10T13:44:10'}, {'eventType': 'ACTIVITY', 'eventStartTimeGmt': '2025-06-10T14:18:31', 'timezoneOffset': 10800000, 'durationInMilliseconds': 3660000, 'bodyBatteryImpact': -12, 'feedbackType': 'EXERCISE_TRAINING_EFFECT_4', 'shortFeedback': 'HIGHLY_IMPROVING_TEMPO', 'deviceId': 3423864303, 'activityName': 'Rullahiihto pertsa', 'activityType': 'cross_country_skiing_ws', 'activityId': 19390555614, 'eventUpdateTimeGmt': '2025-06-10T15:20:23'}, {'eventType': 'ACTIVITY', 'eventStartTimeGmt': '2025-06-10T16:26:45', 'timezoneOffset': 10800000, 'durationInMilliseconds': 1680000, 'bodyBatteryImpact': -3, 'feedbackType': 'EXERCISE_TRAINING_EFFECT_BELOW_2', 'shortFeedback': 'EASY_RECOVERY', 'deviceId': 3423864303, 'activityName': 'Yoga', 'activityType': 'yoga', 'activityId': 19394933808, 'eventUpdateTimeGmt': '2025-06-10T16:24:20'}]",16.0,40.0,8.0,15.0,2025-06-10T21:00:00.0,200,2025-06-10
5652846,2502.0,464.0,2038.0,2502.0,,,2964.0,9316,2500,8936,8936,464.0,2964.0,5652846,2025-06-11,"{'typeId': 4, 'typeKey': 'groups'}",7c159b8f577e4890b70035499b63836c,1500,2025-06-10T21:00:00.0,2025-06-11T00:00:00.0,2025-06-11T21:00:00.0,2025-06-12T00:00:00.0,86400000,,4892,2502,55077,23929,True,True,False,False,0,0,49.246,53.567,16.15682,17.57448,150,10,44,119,61,63,GARMIN,26,96,27720,40800,9300,4920,82740,24780,2580,360.0,33.5,49.31,11.24,5.95,29.95,3.12,0.44,BALANCED,60240,17580,,48,118,41,30,44,16,27,28.0,44.0,3.0,,,,,,,5.0,52.0,"{'eventTimestampGmt': '2025-06-11T17:50:01', 'bodyBatteryLevel': 'HIGH', 'feedbackShortType': 'SLEEP_PREPARATION_RECOVERING_AND_EXERCISE', 'feedbackLongType': 'SLEEP_PREPARATION_RECOVERING_AND_EXERCISE'}","{'eventTimestampGmt': '2025-06-11T20:05:31', 'bodyBatteryLevel': 'HIGH', 'feedbackShortType': 'SLEEP_TIME_PASSED_RECOVERING_AND_EXERCISE', 'feedbackLongType': 'SLEEP_TIME_PASSED_RECOVERING_AND_EXERCISE'}","[{'eventType': 'SLEEP', 'eventStartTimeGmt': '2025-06-10T20:53:15', 'timezoneOffset': 10800000, 'durationInMilliseconds': 22320000, 'bodyBatteryImpact': 28, 'feedbackType': 'NONE', 'shortFeedback': 'NONE', 'deviceId': 3423864303, 'activityName': None, 'activityType': None, 'activityId': None, 'eventUpdateTimeGmt': '2025-06-11T03:06:17'}, {'eventType': 'RECOVERY', 'eventStartTimeGmt': '2025-06-11T07:25:17', 'timezoneOffset': 10800000, 'durationInMilliseconds': 4920000, 'bodyBatteryImpact': 3, 'feedbackType': 'RECOVERY_LONG_BODY_BATTERY_INCREASE', 'shortFeedback': 'LONG_RESTFUL_PERIOD', 'deviceId': 3423864303, 'activityName': None, 'activityType': None, 'activityId': None, 'eventUpdateTimeGmt': '2025-06-11T08:51:22'}, {'eventType': 'ACTIVITY', 'eventStartTimeGmt': '2025-06-11T12:16:27', 'timezoneOffset': 10800000, 'durationInMilliseconds': 2160000, 'bodyBatteryImpact': -3, 'feedbackType': 'EXERCISE_TRAINING_EFFECT_BELOW_2', 'shortFeedback': 'EASY_RECOVERY', 'deviceId': 3423864303, 'activityName': 'Helsinki Walking', 'activityType': 'walking', 'activityId': 19400243904, 'eventUpdateTimeGmt': '2025-06-11T12:53:26'}, {'eventType': 'RECOVERY', 'eventStartTimeGmt': '2025-06-11T13:13:16', 'timezoneOffset': 10800000, 'durationInMilliseconds': 2100000, 'bodyBatteryImpact': 2, 'feedbackType': 'RECOVERY_BODY_BATTERY_INCREASE', 'shortFeedback': 'BODY_BATTERY_RECHARGE', 'deviceId': 3423864303, 'activityName': None, 'activityType': None, 'activityId': None, 'eventUpdateTimeGmt': '2025-06-11T13:50:32'}, {'eventType': 'NAP', 'eventStartTimeGmt': '2025-06-11T15:44:26', 'timezoneOffset': 10800000, 'durationInMilliseconds': 1620000, 'bodyBatteryImpact': 5, 'feedbackType': 'NAP_RECOVERING_BODY_BATTERY_INCREASE', 'shortFeedback': 'RESTFUL_NAP', 'deviceId': 3423864303, 'activityName': None, 'activityType': None, 'activityId': None, 'eventUpdateTimeGmt': '2025-06-11T16:13:35'}]",15.0,24.0,7.0,18.0,2025-06-11T21:00:00.0,200,2025-06-11
5652846,2543.0,505.0,2038.0,2543.0,,,3005.0,10547,2500,9913,9913,505.0,3005.0,5652846,2025-06-12,"{'typeId': 4, 'typeKey': 'groups'}",bc67d8882cf140938666afa0ce29cf8a,1500,2025-06-11T21:00:00.0,2025-06-12T00:00:00.0,2025-06-12T21:00:00.0,2025-06-13T00:00:00.0,86400000,,5170,1350,54933,24947,True,True,False,False,13,0,128.171,135.553,42.05085,44.47277,150,10,52,128,57,61,GARMIN,24,90,17940,47400,12120,3660,81120,12540,4380,1020.0,22.12,58.43,14.94,4.51,15.46,5.4,1.26,BALANCED,55260,22200,,53,122,61,62,82,24,26,55.0,82.0,3.0,,,,,,,3.0,116.0,"{'eventTimestampGmt': '2025-06-12T19:48:47', 'bodyBatteryLevel': 'HIGH', 'feedbackShortType': 'SLEEP_PREPARATION_RECOVERING_AND_EXERCISE', 'feedbackLongType': 'SLEEP_PREPARATION_RECOVERING_AND_EXERCISE'}","{'eventTimestampGmt': '2025-06-12T20:12:38', 'bodyBatteryLevel': 'HIGH', 'feedbackShortType': 'SLEEP_TIME_PASSED_RECOVERING_AND_EXERCISE', 'feedbackLongType': 'SLEEP_TIME_PASSED_RECOVERING_AND_EXERCISE'}","[{'eventType': 'SLEEP', 'eventStartTimeGmt': '2025-06-11T20:53:26', 'timezoneOffset': 10800000, 'durationInMilliseconds': 22740000, 'bodyBatteryImpact': 55, 'feedbackType': 'NONE', 'shortFeedback': 'NONE', 'deviceId': 3423864303, 'activityName': None, 'activityType': None, 'activityId': None, 'eventUpdateTimeGmt': '2025-06-12T03:21:26'}, {'eventType': 'RECOVERY', 'eventStartTimeGmt': '2025-06-12T06:55:56', 'timezoneOffset': 10800000, 'durationInMilliseconds': 5820000, 'bodyBatteryImpact': 2, 'feedbackType': 'RECOVERY_LONG_BODY_BATTERY_INCREASE', 'shortFeedback': 'LONG_RESTFUL_PERIOD', 'deviceId': 3423864303, 'activityName': None, 'activityType': None, 'activityId': None, 'eventUpdateTimeGmt': '2025-06-12T08:36:45'}, {'eventType': 'ACTIVITY', 'eventStartTimeGmt': '2025-06-12T12:14:55', 'timezoneOffset': 10800000, 'durationInMilliseconds': 3420000, 'bodyBatteryImpact': -6, 'feedbackType': 'EXERCISE_TRAINING_EFFECT_BELOW_2', 'shortFeedback': 'EASY_RECOVERY', 'deviceId': 3423864303, 'activityName': 'Helsinki Walking', 'activityType': 'walking', 'activityId': 19410800869, 'eventUpdateTimeGmt': '2025-06-12T13:12:40'}, {'eventType': 'RECOVERY', 'eventStartTimeGmt': '2025-06-12T13:38:20', 'timezoneOffset': 10800000, 'durationInMilliseconds': 4020000, 'bodyBatteryImpact': 2, 'feedbackType': 'RECOVERY_LONG_BODY_BATTERY_INCREASE', 'shortFeedback': 'LONG_RESTFUL_PERIOD', 'deviceId': 3423864303, 'activityName': None, 'activityType': None, 'activityId': None, 'eventUpdateTimeGmt': '2025-06-12T14:47:32'}, {'eventType': 'ACTIVITY', 'eventStartTimeGmt': '2025-06-12T15:41:01', 'timezoneOffset': 10800000, 'durationInMilliseconds': 1440000, 'bodyBatteryImpact': -3, 'feedbackType': 'NONE', 'shortFeedback': 'NONE', 'deviceId': 3423864303, 'activityName': 'Yoga', 'activityType': 'yoga', 'activityId': 19412041982, 'eventUpdateTimeGmt': '2025-06-12T16:05:39'}]",15.0,24.0,7.0,17.0,2025-06-12T20:59:00.0,200,2025-06-12
5652846,3277.0,1239.0,2038.0,3277.0,,,3739.0,11580,2500,22970,10350,1239.0,3739.0,5652846,2025-06-13,"{'typeId': 4, 'typeKey': 'groups'}",b895e1a22d5e43bcb7cd890347a5f3f7,1500,2025-06-12T21:00:00.0,2025-06-13T00:00:00.0,2025-06-13T21:00:00.0,2025-06-14T00:00:00.0,86400000,,6090,6017,48177,26116,True,True,False,False,35,35,74.911,50.181,24.5771,16.46358,150,10,53,168,58,60,GARMIN,29,99,26220,37440,15780,6360,85800,15420,8460,2340.0,30.56,43.64,18.39,7.41,17.97,9.86,2.73,BALANCED,53520,25920,,55,164,63,77,89,12,12,63.0,89.0,3.0,,,,,,,2.0,127.0,"{'eventTimestampGmt': '2025-06-13T19:44:57', 'bodyBatteryLevel': 'LOW', 'feedbackShortType': 'SLEEP_PREPARATION_BALANCED_AND_INTENSIVE_EXERCISE', 'feedbackLongType': 'SLEEP_PREPARATION_BALANCED_AND_INTENSIVE_EXERCISE_AND_BB_LOW'}",,"[{'eventType': 'SLEEP', 'eventStartTimeGmt': '2025-06-12T20:16:39', 'timezoneOffset': 10800000, 'durationInMilliseconds': 27900000, 'bodyBatteryImpact': 63, 'feedbackType': 'NONE', 'shortFeedback': 'NONE', 'deviceId': 3423864303, 'activityName': None, 'activityType': None, 'activityId': None, 'eventUpdateTimeGmt': '2025-06-13T04:05:09'}, {'eventType': 'RECOVERY', 'eventStartTimeGmt': '2025-06-13T07:04:34', 'timezoneOffset': 10800000, 'durationInMilliseconds': 2280000, 'bodyBatteryImpact': -1, 'feedbackType': 'RECOVERY_BODY_BATTERY_NOT_INCREASE', 'shortFeedback': 'RESTFUL_PERIOD', 'deviceId': 3423864303, 'activityName': None, 'activityType': None, 'activityId': None, 'eventUpdateTimeGmt': '2025-06-13T07:47:10'}, {'eventType': 'ACTIVITY', 'eventStartTimeGmt': '2025-06-13T12:25:20', 'timezoneOffset': 10800000, 'durationInMilliseconds': 3960000, 'bodyBatteryImpact': -12, 'feedbackType': 'EXERCISE_TRAINING_EFFECT_3', 'shortFeedback': 'IMPROVING_AEROBIC_ENDURANCE', 'deviceId': 3423864303, 'activityName': None, 'activityType': None, 'activityId': None, 'eventUpdateTimeGmt': '2025-06-13T13:33:04'}, {'eventType': 'ACTIVITY', 'eventStartTimeGmt': '2025-06-13T15:30:47', 'timezoneOffset': 10800000, 'durationInMilliseconds': 1440000, 'bodyBatteryImpact': -12, 'feedbackType': 'EXERCISE_TRAINING_EFFECT_3', 'shortFeedback': 'IMPROVING_AEROBIC_ENDURANCE', 'deviceId': 3423864303, 'activityName': 'Helsinki Walking', 'activityType': 'walking', 'activityId': 19421780879, 'eventUpdateTimeGmt': '2025-06-13T14:50:02'}]",17.0,40.0,7.0,13.0,2025-06-13T21:00:00.0,200,2025-06-13
5652846,2732.0,694.0,2038.0,2732.0,,,3194.0,15889,2500,13339,13339,694.0,3194.0,5652846,2025-06-14,"{'typeId': 4, 'typeKey': 'groups'}",c03bddfc7f2b4d418ea89d68c4f7c458,1500,2025-06-13T21:00:00.0,2025-06-14T00:00:00.0,2025-06-14T21:00:00.0,2025-06-15T00:00:00.0,86400000,,5222,5588,47727,27863,True,True,False,False,18,0,131.883,139.807,43.2687,45.86844,150,10,57,139,61,60,GARMIN,35,95,40140,20280,16080,7140,83640,30180,9120,840.0,47.99,24.25,19.23,8.54,36.08,10.9,1.0,STRESSFUL,52680,23820,,59,136,36,38,47,10,10,34.0,46.0,3.0,,,,,,,11.0,138.0,"{'eventTimestampGmt': '2025-06-14T17:50:00', 'bodyBatteryLevel': 'LOW', 'feedbackShortType': 'SLEEP_PREPARATION_BALANCED_AND_EXERCISE', 'feedbackLongType': 'SLEEP_PREPARATION_BALANCED_AND_EXERCISE_AND_BB_LOW_MORNING_AND_NOW'}","{'eventTimestampGmt': '2025-06-14T00:52:41', 'bodyBatteryLevel': 'HIGH', 'feedbackShortType': 'SLEEP_TIME_PASSED_BALANCED_AND_INACTIVE', 'feedbackLongType': 'SLEEP_TIME_PASSED_BALANCED_AND_INACTIVE'}","[{'eventType': 'SLEEP', 'eventStartTimeGmt': '2025-06-13T20:46:23', 'timezoneOffset': 10800000, 'durationInMilliseconds': 28680000, 'bodyBatteryImpact': 34, 'feedbackType': 'NONE', 'shortFeedback': 'NONE', 'deviceId': 3423864303, 'activityName': None, 'activityType': None, 'activityId': None, 'eventUpdateTimeGmt': '2025-06-14T04:57:34'}, {'eventType': 'ACTIVITY', 'eventStartTimeGmt': '2025-06-14T06:57:22', 'timezoneOffset': 10800000, 'durationInMilliseconds': 2280000, 'bodyBatteryImpact': -2, 'feedbackType': 'EXERCISE_TRAINING_EFFECT_BELOW_2', 'shortFeedback': 'EASY_RECOVERY', 'deviceId': 3423864303, 'activityName': 'Helsinki Trail Running', 'activityType': 'trail_running', 'activityId': 19426853827, 'eventUpdateTimeGmt': '2025-06-14T07:36:54'}, {'eventType': 'ACTIVITY', 'eventStartTimeGmt': '2025-06-14T14:42:32', 'timezoneOffset': 10800000, 'durationInMilliseconds': 4620000, 'bodyBatteryImpact': -3, 'feedbackType': 'EXERCISE_TRAINING_EFFECT_BELOW_2', 'shortFeedback': 'EASY_RECOVERY', 'deviceId': 3423864303, 'activityName': 'Helsinki Walking', 'activityType': 'walking', 'activityId': 19432383330, 'eventUpdateTimeGmt': '2025-06-14T16:00:36'}, {'eventType': 'RECOVERY', 'eventStartTimeGmt': '2025-06-14T16:13:21', 'timezoneOffset': 10800000, 'durationInMilliseconds': 2160000, 'bodyBatteryImpact': 0, 'feedbackType': 'RECOVERY_BODY_BATTERY_NOT_INCREASE', 'shortFeedback': 'RESTFUL_PERIOD', 'deviceId': 3423864303, 'activityName': None, 'activityType': None, 'activityId': None, 'eventUpdateTimeGmt': '2025-06-14T16:53:27'}]",15.0,27.0,8.0,17.0,2025-06-14T20:59:00.0,200,2025-06-14
5652846,3789.0,1751.0,2038.0,3789.0,,,4251.0,24331,2500,20314,20314,1751.0,4251.0,5652846,2025-06-15,"{'typeId': 4, 'typeKey': 'groups'}",f7d337ea5076435fbd0cefea3e15b549,1500,2025-06-14T21:00:00.0,2025-06-15T00:00:00.0,2025-06-15T21:00:00.0,2025-06-16T00:00:00.0,86400000,,8082,10855,38155,29308,True,True,False,False,122,55,356.616,363.109,117.0,119.13025,150,10,56,228,61,60,GARMIN,33,97,32220,26880,11700,14340,85140,20820,8160,3240.0,37.84,31.57,13.74,16.84,24.45,9.58,3.81,BALANCED,45480,25320,,58,226,54,55,62,8,9,53.0,62.0,3.0,,,,,,,31.0,222.0,"{'eventTimestampGmt': '2025-06-15T17:50:00', 'bodyBatteryLevel': 'LOW', 'feedbackShortType': 'SLEEP_PREPARATION_STRESSFUL_AND_INTENSIVE_EXERCISE', 'feedbackLongType': 'SLEEP_PREPARATION_STRESSFUL_AND_INTENSIVE_EXERCISE_AND_BB_LOW'}","{'eventTimestampGmt': '2025-06-15T00:48:52', 'bodyBatteryLevel': 'HIGH', 'feedbackShortType': 'SLEEP_TIME_PASSED_BALANCED_AND_INACTIVE', 'feedbackLongType': 'SLEEP_TIME_PASSED_BALANCED_AND_INACTIVE'}","[{'eventType': 'SLEEP', 'eventStartTimeGmt': '2025-06-14T22:15:36', 'timezoneOffset': 10800000, 'durationInMilliseconds': 23880000, 'bodyBatteryImpact': 53, 'feedbackType': 'NONE', 'shortFeedback': 'NONE', 'deviceId': 3423864303, 'activityName': None, 'activityType': None, 'activityId': None, 'eventUpdateTimeGmt': '2025-06-15T04:54:16'}, {'eventType': 'ACTIVITY', 'eventStartTimeGmt': '2025-06-15T06:56:30', 'timezoneOffset': 10800000, 'durationInMilliseconds': 9720000, 'bodyBatteryImpact': -16, 'feedbackType': 'EXERCISE_TRAINING_EFFECT_3', 'shortFeedback': 'IMPROVING_AEROBIC_ENDURANCE', 'deviceId': 3423864303, 'activityName': 'Espoo Trail Running', 'activityType': 'trail_running', 'activityId': 19438069950, 'eventUpdateTimeGmt': '2025-06-15T09:39:12'}, {'eventType': 'NAP', 'eventStartTimeGmt': '2025-06-15T15:07:12', 'timezoneOffset': 10800000, 'durationInMilliseconds': 2460000, 'bodyBatteryImpact': 0, 'feedbackType': 'NAP_NOT_RECOVERING_BODY_BATTERY_MAINTAIN', 'shortFeedback': 'NAP', 'deviceId': 3423864303, 'activityName': None, 'activityType': None, 'activityId': None, 'eventUpdateTimeGmt': '2025-06-15T15:48:30'}]",19.0,40.0,7.0,19.0,2025-06-15T21:00:00.0,200,2025-06-15
5652846,3145.0,1107.0,2038.0,3145.0,,,3607.0,11765,2500,23374,11076,1107.0,3607.0,5652846,2025-06-16,"{'typeId': 4, 'typeKey': 'groups'}",29e910f9d43049b9a5ea105f43c6f53f,1500,2025-06-15T21:00:00.0,2025-06-16T00:00:00.0,2025-06-16T21:00:00.0,2025-06-17T00:00:00.0,86400000,,7023,3122,51426,24829,True,True,False,False,57,14,94.752,50.32,31.08661,16.50919,150,10,55,166,58,59,GARMIN,21,96,16500,51960,9960,6840,85260,13140,1860,1500.0,19.35,60.94,11.68,8.02,15.41,2.18,1.76,CALM,56040,22380,,56,166,73,54,74,9,28,64.0,73.0,3.0,,,,,,,10.0,143.0,"{'eventTimestampGmt': '2025-06-16T17:50:01', 'bodyBatteryLevel': 'HIGH', 'feedbackShortType': 'SLEEP_PREPARATION_RECOVERING_AND_INTENSIVE_EXERCISE', 'feedbackLongType': 'SLEEP_PREPARATION_RECOVERING_AND_INTENSIVE_EXERCISE'}","{'eventTimestampGmt': '2025-06-16T20:28:08', 'bodyBatteryLevel': 'HIGH', 'feedbackShortType': 'SLEEP_TIME_PASSED_RECOVERING_AND_INTENSIVE_EXERCISE', 'feedbackLongType': 'SLEEP_TIME_PASSED_RECOVERING_AND_INTENSIVE_EXERCISE'}","[{'eventType': 'SLEEP', 'eventStartTimeGmt': '2025-06-15T20:11:12', 'timezoneOffset': 10800000, 'durationInMilliseconds': 26160000, 'bodyBatteryImpact': 64, 'feedbackType': 'NONE', 'shortFeedback': 'NONE', 'deviceId': 3423864303, 'activityName': None, 'activityType': None, 'activityId': None, 'eventUpdateTimeGmt': '2025-06-16T03:27:58'}, {'eventType': 'RECOVERY', 'eventStartTimeGmt': '2025-06-16T07:00:03', 'timezoneOffset': 10800000, 'durationInMilliseconds': 4920000, 'bodyBatteryImpact': 2, 'feedbackType': 'RECOVERY_LONG_BODY_BATTERY_INCREASE', 'shortFeedback': 'LONG_RESTFUL_PERIOD', 'deviceId': 3423864303, 'activityName': None, 'activityType': None, 'activityId': None, 'eventUpdateTimeGmt': '2025-06-16T08:26:05'}, {'eventType': 'RECOVERY', 'eventStartTimeGmt': '2025-06-16T12:06:18', 'timezoneOffset': 10800000, 'durationInMilliseconds': 3540000, 'bodyBatteryImpact': 3, 'feedbackType': 'RECOVERY_BODY_BATTERY_INCREASE', 'shortFeedback': 'BODY_BATTERY_RECHARGE', 'deviceId': 3423864303, 'activityName': None, 'activityType': None, 'activityId': None, 'eventUpdateTimeGmt': '2025-06-16T13:08:55'}, {'eventType': 'ACTIVITY', 'eventStartTimeGmt': '2025-06-16T13:34:35', 'timezoneOffset': 10800000, 'durationInMilliseconds': 4260000, 'bodyBatteryImpact': -15, 'feedbackType': 'EXERCISE_TRAINING_EFFECT_3', 'shortFeedback': 'IMPROVING_AEROBIC_BASE', 'deviceId': 3423864303, 'activityName': 'Vantaa Cross Country Classic Skiing', 'activityType': 'cross_country_skiing_ws', 'activityId': 19450227655, 'eventUpdateTimeGmt': '2025-06-16T14:46:23'}, {'eventType': 'ACTIVITY', 'eventStartTimeGmt': '2025-06-16T15:16:41', 'timezoneOffset': 10800000, 'durationInMilliseconds': 1740000, 'bodyBatteryImpact': -15, 'feedbackType': 'EXERCISE_TRAINING_EFFECT_3', 'shortFeedback': 'IMPROVING_AEROBIC_BASE', 'deviceId': 3423864303, 'activityName': 'Yoga', 'activityType': 'yoga', 'activityId': 19450774344, 'eventUpdateTimeGmt': '2025-06-16T15:09:29'}]",16.0,40.0,7.0,13.0,2025-06-16T21:00:00.0,200,2025-06-16
5652846,2774.0,736.0,2038.0,2774.0,,,3236.0,14304,2500,12686,12686,736.0,3236.0,5652846,2025-06-17,"{'typeId': 4, 'typeKey': 'groups'}",14487a20d62b4152a8d9b7789806c850,1500,2025-06-16T21:00:00.0,2025-06-17T00:00:00.0,2025-06-17T21:00:00.0,2025-06-18T00:00:00.0,86400000,,5749,3984,51158,25509,True,True,False,False,20,0,107.386,131.521,35.23163,43.14993,150,10,51,140,60,59,GARMIN,21,96,15660,54420,12480,3660,86220,13320,1680,660.0,18.16,63.12,14.47,4.24,15.45,1.95,0.77,CALM,57360,25200,,52,129,62,57,85,28,33,57.0,85.0,3.0,,,,,,,6.0,151.0,"{'eventTimestampGmt': '2025-06-17T18:32:54', 'bodyBatteryLevel': 'HIGH', 'feedbackShortType': 'SLEEP_PREPARATION_RECOVERING_AND_EXERCISE', 'feedbackLongType': 'SLEEP_PREPARATION_RECOVERING_AND_EXERCISE'}","{'eventTimestampGmt': '2025-06-17T01:22:24', 'bodyBatteryLevel': 'HIGH', 'feedbackShortType': 'SLEEP_TIME_PASSED_RECOVERING_AND_INACTIVE', 'feedbackLongType': 'SLEEP_TIME_PASSED_RECOVERING_AND_INACTIVE'}","[{'eventType': 'SLEEP', 'eventStartTimeGmt': '2025-06-16T20:34:09', 'timezoneOffset': 10800000, 'durationInMilliseconds': 27060000, 'bodyBatteryImpact': 56, 'feedbackType': 'NONE', 'shortFeedback': 'NONE', 'deviceId': 3423864303, 'activityName': None, 'activityType': None, 'activityId': None, 'eventUpdateTimeGmt': '2025-06-17T04:05:14'}, {'eventType': 'RECOVERY', 'eventStartTimeGmt': '2025-06-17T06:56:54', 'timezoneOffset': 10800000, 'durationInMilliseconds': 5940000, 'bodyBatteryImpact': 0, 'feedbackType': 'RECOVERY_LONG_BODY_BATTERY_NOT_INCREASE', 'shortFeedback': 'LONG_RESTFUL_PERIOD', 'deviceId': 3423864303, 'activityName': None, 'activityType': None, 'activityId': None, 'eventUpdateTimeGmt': '2025-06-17T08:40:15'}, {'eventType': 'ACTIVITY', 'eventStartTimeGmt': '2025-06-17T12:44:44', 'timezoneOffset': 10800000, 'durationInMilliseconds': 7080000, 'bodyBatteryImpact': -11, 'feedbackType': 'EXERCISE_TRAINING_EFFECT_BELOW_2', 'shortFeedback': 'EASY_RECOVERY', 'deviceId': 3423864303, 'activityName': 'Helsinki Walking', 'activityType': 'walking', 'activityId': 19462464618, 'eventUpdateTimeGmt': '2025-06-17T14:43:45'}, {'eventType': 'RECOVERY', 'eventStartTimeGmt': '2025-06-17T16:09:50', 'timezoneOffset': 10800000, 'durationInMilliseconds': 1920000, 'bodyBatteryImpact': 2, 'feedbackType': 'RECOVERY_BODY_BATTERY_INCREASE', 'shortFeedback': 'BODY_BATTERY_RECHARGE', 'deviceId': 3423864303, 'activityName': None, 'activityType': None, 'activityId': None, 'eventUpdateTimeGmt': '2025-06-17T16:46:10'}, {'eventType': 'ACTIVITY', 'eventStartTimeGmt': '2025-06-17T18:06:12', 'timezoneOffset': 10800000, 'durationInMilliseconds': 1560000, 'bodyBatteryImpact': -3, 'feedbackType': 'NONE', 'shortFeedback': 'NONE', 'deviceId': 3423864303, 'activityName': 'Yoga', 'activityType': 'yoga', 'activityId': 19463416476, 'eventUpdateTimeGmt': '2025-06-17T18:32:53'}]",14.0,24.0,7.0,15.0,2025-06-17T21:00:00.0,200,2025-06-17
5652846,2450.0,412.0,2038.0,2450.0,,,2912.0,9073,2500,7492,7492,412.0,2912.0,5652846,2025-06-18,"{'typeId': 4, 'typeKey': 'groups'}",fdb96347b23f4c8285f19bdb0bfb8ced,1500,2025-06-17T21:00:00.0,2025-06-18T00:00:00.0,2025-06-18T21:00:00.0,2025-06-19T00:00:00.0,86400000,,3225,3358,49992,29825,True,True,False,False,0,0,68.191,69.981,22.37238,22.95965,150,10,52,122,55,59,GARMIN,21,96,14280,50760,11520,7980,84540,10620,2940,720.0,16.89,60.04,13.63,9.44,12.56,3.48,0.85,CALM,48720,27840,,54,120,77,69,93,32,41,60.0,93.0,3.0,,,,,,,2.0,87.0,"{'eventTimestampGmt': '2025-06-18T17:50:01', 'bodyBatteryLevel': 'HIGH', 'feedbackShortType': 'SLEEP_PREPARATION_RECOVERING_AND_EXERCISE', 'feedbackLongType': 'SLEEP_PREPARATION_RECOVERING_AND_EXERCISE'}","{'eventTimestampGmt': '2025-06-18T20:32:52', 'bodyBatteryLevel': 'HIGH', 'feedbackShortType': 'SLEEP_TIME_PASSED_RECOVERING_AND_EXERCISE', 'feedbackLongType': 'SLEEP_TIME_PASSED_RECOVERING_AND_EXERCISE'}","[{'eventType': 'SLEEP', 'eventStartTimeGmt': '2025-06-17T21:02:53', 'timezoneOffset': 10800000, 'durationInMilliseconds': 23340000, 'bodyBatteryImpact': 60, 'feedbackType': 'NONE', 'shortFeedback': 'NONE', 'deviceId': 3423864303, 'activityName': None, 'activityType': None, 'activityId': None, 'eventUpdateTimeGmt': '2025-06-18T03:32:39'}, {'eventType': 'RECOVERY', 'eventStartTimeGmt': '2025-06-18T06:18:34', 'timezoneOffset': 10800000, 'durationInMilliseconds': 2340000, 'bodyBatteryImpact': -2, 'feedbackType': 'RECOVERY_BODY_BATTERY_NOT_INCREASE', 'shortFeedback': 'RESTFUL_PERIOD', 'deviceId': 3423864303, 'activityName': None, 'activityType': None, 'activityId': None, 'eventUpdateTimeGmt': '2025-06-18T07:01:15'}, {'eventType': 'NAP', 'eventStartTimeGmt': '2025-06-18T13:03:39', 'timezoneOffset': 10800000, 'durationInMilliseconds': 1380000, 'bodyBatteryImpact': 2, 'feedbackType': 'NAP_RECOVERING_BODY_BATTERY_INCREASE', 'shortFeedback': 'RESTFUL_NAP', 'deviceId': 3423864303, 'activityName': None, 'activityType': None, 'activityId': None, 'eventUpdateTimeGmt': '2025-06-18T14:04:55'}, {'eventType': 'ACTIVITY', 'eventStartTimeGmt': '2025-06-18T15:52:58', 'timezoneOffset': 10800000, 'durationInMilliseconds': 1980000, 'bodyBatteryImpact': -4, 'feedbackType': 'EXERCISE_TRAINING_EFFECT_BELOW_2', 'shortFeedback': 'EASY_RECOVERY', 'deviceId': 3423864303, 'activityName': 'Helsinki Walking', 'activityType': 'walking', 'activityId': 19472907211, 'eventUpdateTimeGmt': '2025-06-18T16:26:52'}, {'eventType': 'ACTIVITY', 'eventStartTimeGmt': '2025-06-18T16:32:16', 'timezoneOffset': 10800000, 'durationInMilliseconds': 1740000, 'bodyBatteryImpact': -4, 'feedbackType': 'NONE', 'shortFeedback': 'NONE', 'deviceId': 3423864303, 'activityName': 'Yoga', 'activityType': 'yoga', 'activityId': 19472907812, 'eventUpdateTimeGmt': '2025-06-18T17:01:41'}]",14.0,23.0,7.0,19.0,2025-06-18T21:00:00.0,200,2025-06-18
5652846,2369.0,331.0,2038.0,2369.0,,,2831.0,7006,2500,5811,5811,331.0,2831.0,5652846,2025-06-19,"{'typeId': 4, 'typeKey': 'groups'}",05fab3f135f04394b303495c478a6693,1500,2025-06-18T21:00:00.0,2025-06-19T00:00:00.0,2025-06-19T21:00:00.0,2025-06-20T00:00:00.0,86400000,,3757,2273,57554,22816,True,False,False,False,6,0,19.397,32.756,6.36385,10.74672,150,10,51,132,56,58,GARMIN,26,98,28260,42240,11400,1500,83400,20400,6300,1560.0,33.88,50.65,13.67,1.8,24.46,7.55,1.87,BALANCED,59340,22560,,53,129,58,76,97,23,23,65.0,97.0,3.0,1.0,,,,,,23.0,,"{'eventTimestampGmt': '2025-06-19T18:11:10', 'bodyBatteryLevel': 'HIGH', 'feedbackShortType': 'SLEEP_PREPARATION_RECOVERING_AND_INACTIVE', 'feedbackLongType': 'SLEEP_PREPARATION_RECOVERING_AND_INACTIVE'}","{'eventTimestampGmt': '2025-06-19T20:26:40', 'bodyBatteryLevel': 'MODERATE', 'feedbackShortType': 'SLEEP_TIME_PASSED_RECOVERING_AND_INACTIVE', 'feedbackLongType': 'SLEEP_TIME_PASSED_RECOVERING_AND_INACTIVE'}","[{'eventType': 'SLEEP', 'eventStartTimeGmt': '2025-06-18T19:35:41', 'timezoneOffset': 10800000, 'durationInMilliseconds': 27480000, 'bodyBatteryImpact': 65, 'feedbackType': 'NONE', 'shortFeedback': 'NONE', 'deviceId': 3423864303, 'activityName': None, 'activityType': None, 'activityId': None, 'eventUpdateTimeGmt': '2025-06-19T03:28:25'}, {'eventType': 'RECOVERY', 'eventStartTimeGmt': '2025-06-19T06:58:40', 'timezoneOffset': 10800000, 'durationInMilliseconds': 6360000, 'bodyBatteryImpact': 1, 'feedbackType': 'RECOVERY_LONG_BODY_BATTERY_INCREASE', 'shortFeedback': 'LONG_RESTFUL_PERIOD', 'deviceId': 3423864303, 'activityName': None, 'activityType': None, 'activityId': None, 'eventUpdateTimeGmt': '2025-06-19T08:49:25'}]",14.0,22.0,7.0,17.0,2025-06-19T21:00:00.0,200,2025-06-19
5652846,2796.0,758.0,2038.0,2796.0,,,3258.0,23489,2500,19666,19666,758.0,3258.0,5652846,2025-06-20,"{'typeId': 4, 'typeKey': 'groups'}",ce56925fbfee4e4b9e197c83b1c2e0d4,1500,2025-06-19T21:00:00.0,2025-06-20T00:00:00.0,2025-06-20T21:00:00.0,2025-06-21T00:00:00.0,86400000,,761,15622,43292,26725,True,True,False,False,4,0,245.457,245.451,80.53051,80.52854,150,10,54,131,58,58,GARMIN,24,80,20100,42000,20640,2460,85200,17340,2640,120.0,23.59,49.3,24.23,2.89,20.35,3.1,0.14,BALANCED,56220,26520,,56,126,59,54,79,23,28,54.0,77.0,3.0,,,,,,,79.0,277.0,"{'eventTimestampGmt': '2025-06-20T18:30:28', 'bodyBatteryLevel': 'HIGH', 'feedbackShortType': 'SLEEP_PREPARATION_RECOVERING_AND_EXERCISE', 'feedbackLongType': 'SLEEP_PREPARATION_RECOVERING_AND_EXERCISE'}","{'eventTimestampGmt': '2025-06-19T21:40:40', 'bodyBatteryLevel': 'HIGH', 'feedbackShortType': 'SLEEP_TIME_PASSED_RECOVERING_AND_INACTIVE', 'feedbackLongType': 'SLEEP_TIME_PASSED_RECOVERING_AND_INACTIVE'}","[{'eventType': 'SLEEP', 'eventStartTimeGmt': '2025-06-19T20:53:25', 'timezoneOffset': 10800000, 'durationInMilliseconds': 27120000, 'bodyBatteryImpact': 55, 'feedbackType': 'NONE', 'shortFeedback': 'NONE', 'deviceId': 3423864303, 'activityName': None, 'activityType': None, 'activityId': None, 'eventUpdateTimeGmt': '2025-06-20T04:35:33'}, {'eventType': 'RECOVERY', 'eventStartTimeGmt': '2025-06-20T08:17:58', 'timezoneOffset': 10800000, 'durationInMilliseconds': 2880000, 'bodyBatteryImpact': -1, 'feedbackType': 'RECOVERY_BODY_BATTERY_NOT_INCREASE', 'shortFeedback': 'RESTFUL_PERIOD', 'deviceId': 3423864303, 'activityName': None, 'activityType': None, 'activityId': None, 'eventUpdateTimeGmt': '2025-06-20T09:09:55'}, {'eventType': 'ACTIVITY', 'eventStartTimeGmt': '2025-06-20T09:13:08', 'timezoneOffset': 10800000, 'durationInMilliseconds': 12060000, 'bodyBatteryImpact': -16, 'feedbackType': 'EXERCISE_TRAINING_EFFECT_BELOW_2', 'shortFeedback': 'EASY_RECOVERY', 'deviceId': 3423864303, 'activityName': 'Puumala Hiking', 'activityType': 'hiking', 'activityId': 19490869013, 'eventUpdateTimeGmt': '2025-06-20T12:35:24'}, {'eventType': 'ACTIVITY', 'eventStartTimeGmt': '2025-06-20T17:19:03', 'timezoneOffset': 10800000, 'durationInMilliseconds': 3900000, 'bodyBatteryImpact': -4, 'feedbackType': 'EXERCISE_TRAINING_EFFECT_BELOW_2', 'shortFeedback': 'NONE', 'deviceId': 3423864303, 'activityName': 'Lappeenranta Walking', 'activityType': 'walking', 'activityId': 19493958156, 'eventUpdateTimeGmt': '2025-06-20T18:25:27'}]",15.0,23.0,7.0,19.0,2025-06-20T21:00:00.0,200,2025-06-20
5652846,2492.0,454.0,2038.0,2492.0,,,2954.0,4312,2500,7191,3551,454.0,2954.0,5652846,2025-06-21,"{'typeId': 4, 'typeKey': 'groups'}",1a2e79ad488e438aaabb5959aefadfb6,1500,2025-06-20T21:00:00.0,2025-06-21T00:00:00.0,2025-06-21T21:00:00.0,2025-06-22T00:00:00.0,86400000,,722,3325,49879,32474,True,True,False,False,33,0,11.293,13.805,3.70505,4.5292,150,10,51,132,57,58,GARMIN,24,95,27120,46560,11640,780,86100,22800,3480,840.0,31.5,54.08,13.52,0.91,26.48,4.04,0.98,BALANCED,55500,29820,,55,125,68,57,85,25,39,60.0,85.0,3.0,,,,,,,81.0,78.0,"{'eventTimestampGmt': '2025-06-21T17:50:00', 'bodyBatteryLevel': 'HIGH', 'feedbackShortType': 'SLEEP_PREPARATION_RECOVERING_AND_EXERCISE', 'feedbackLongType': 'SLEEP_PREPARATION_RECOVERING_AND_EXERCISE'}","{'eventTimestampGmt': '2025-06-20T21:15:13', 'bodyBatteryLevel': 'HIGH', 'feedbackShortType': 'SLEEP_TIME_PASSED_RECOVERING_AND_EXERCISE', 'feedbackLongType': 'SLEEP_TIME_PASSED_RECOVERING_AND_EXERCISE'}","[{'eventType': 'SLEEP', 'eventStartTimeGmt': '2025-06-20T21:58:27', 'timezoneOffset': 10800000, 'durationInMilliseconds': 30120000, 'bodyBatteryImpact': 60, 'feedbackType': 'NONE', 'shortFeedback': 'NONE', 'deviceId': 3423864303, 'activityName': None, 'activityType': None, 'activityId': None, 'eventUpdateTimeGmt': '2025-06-21T06:20:41'}, {'eventType': 'ACTIVITY', 'eventStartTimeGmt': '2025-06-21T08:55:23', 'timezoneOffset': 10800000, 'durationInMilliseconds': 3900000, 'bodyBatteryImpact': -7, 'feedbackType': 'EXERCISE_TRAINING_EFFECT_BELOW_2', 'shortFeedback': 'EASY_AEROBIC', 'deviceId': 3423864303, 'activityName': 'Lappeenranta Rowing', 'activityType': 'rowing_v2', 'activityId': 19499301642, 'eventUpdateTimeGmt': '2025-06-21T10:01:09'}, {'eventType': 'NAP', 'eventStartTimeGmt': '2025-06-21T12:40:09', 'timezoneOffset': 10800000, 'durationInMilliseconds': 2340000, 'bodyBatteryImpact': 5, 'feedbackType': 'NAP_RECOVERING_BODY_BATTERY_INCREASE', 'shortFeedback': 'RESTFUL_NAP', 'deviceId': 3423864303, 'activityName': None, 'activityType': None, 'activityId': None, 'eventUpdateTimeGmt': '2025-06-21T13:19:30'}, {'eventType': 'RECOVERY', 'eventStartTimeGmt': '2025-06-21T13:20:19', 'timezoneOffset': 10800000, 'durationInMilliseconds': 960000, 'bodyBatteryImpact': 1, 'feedbackType': 'RECOVERY_BODY_BATTERY_INCREASE', 'shortFeedback': 'BODY_BATTERY_RECHARGE', 'deviceId': 3423864303, 'activityName': None, 'activityType': None, 'activityId': None, 'eventUpdateTimeGmt': '2025-06-21T13:39:15'}]",16.0,25.0,6.0,11.0,2025-06-21T20:59:00.0,200,2025-06-21
5652846,3735.0,1697.0,2038.0,3735.0,,,4197.0,15966,2500,30617,17062,1697.0,4197.0,5652846,2025-06-22,"{'typeId': 4, 'typeKey': 'groups'}",b3fb597642cf469aa6d1d60c40ccf560,1500,2025-06-21T21:00:00.0,2025-06-22T00:00:00.0,2025-06-22T21:00:00.0,2025-06-23T00:00:00.0,86400000,,6252,5033,46555,28560,True,True,False,False,39,83,25.208,34.698,8.27034,11.38386,150,10,51,173,57,57,GARMIN,33,96,26340,35400,9720,14640,86100,10620,5880,9840.0,30.59,41.11,11.29,17.0,12.33,6.83,11.43,BALANCED,42960,28500,,54,172,63,86,100,16,16,61.0,99.0,3.0,5.0,,,,,,65.0,145.0,"{'eventTimestampGmt': '2025-06-22T18:53:18', 'bodyBatteryLevel': 'MODERATE', 'feedbackShortType': 'SLEEP_PREPARATION_STRESSFUL_AND_INTENSIVE_EXERCISE', 'feedbackLongType': 'SLEEP_PREPARATION_STRESSFUL_AND_INTENSIVE_EXERCISE'}","{'eventTimestampGmt': '2025-06-21T21:15:33', 'bodyBatteryLevel': 'HIGH', 'feedbackShortType': 'SLEEP_TIME_PASSED_RECOVERING_AND_EXERCISE', 'feedbackLongType': 'SLEEP_TIME_PASSED_RECOVERING_AND_EXERCISE'}","[{'eventType': 'SLEEP', 'eventStartTimeGmt': '2025-06-21T21:31:09', 'timezoneOffset': 10800000, 'durationInMilliseconds': 28560000, 'bodyBatteryImpact': 61, 'feedbackType': 'NONE', 'shortFeedback': 'NONE', 'deviceId': 3423864303, 'activityName': None, 'activityType': None, 'activityId': None, 'eventUpdateTimeGmt': '2025-06-22T05:27:43'}, {'eventType': 'ACTIVITY', 'eventStartTimeGmt': '2025-06-22T09:28:00', 'timezoneOffset': 10800000, 'durationInMilliseconds': 6960000, 'bodyBatteryImpact': -25, 'feedbackType': 'EXERCISE_TRAINING_EFFECT_4_GOOD_TIMING', 'shortFeedback': 'HIGHLY_IMPROVING_TEMPO', 'deviceId': 3423864303, 'activityName': 'Lappeenranta rullahiihto classic', 'activityType': 'cross_country_skiing_ws', 'activityId': 19510594037, 'eventUpdateTimeGmt': '2025-06-22T11:28:32'}]",18.0,41.0,7.0,15.0,2025-06-22T21:00:00.0,200,2025-06-22
5652846,2688.0,650.0,2038.0,2688.0,,,3150.0,12997,2500,11185,11185,650.0,3150.0,5652846,2025-06-23,"{'typeId': 4, 'typeKey': 'groups'}",539e36994cc64b888d4d41c3da7751a9,1500,2025-06-22T21:00:00.0,2025-06-23T00:00:00.0,2025-06-23T21:00:00.0,2025-06-24T00:00:00.0,86400000,,5764,3223,56536,20877,True,True,False,False,10,0,150.553,152.374,49.39403,49.99147,150,10,49,138,60,58,GARMIN,21,98,16560,55200,12600,660,85020,15120,900,540.0,19.48,64.93,14.82,0.78,17.78,1.06,0.64,CALM,66060,18300,,56,124,43,27,50,16,32,25.0,42.0,3.0,,,,,,,51.0,132.0,"{'eventTimestampGmt': '2025-06-23T17:50:01', 'bodyBatteryLevel': 'HIGH', 'feedbackShortType': 'SLEEP_PREPARATION_RECOVERING_AND_EXERCISE', 'feedbackLongType': 'SLEEP_PREPARATION_RECOVERING_AND_EXERCISE'}","{'eventTimestampGmt': '2025-06-23T20:02:41', 'bodyBatteryLevel': 'HIGH', 'feedbackShortType': 'SLEEP_TIME_PASSED_RECOVERING_AND_EXERCISE', 'feedbackLongType': 'SLEEP_TIME_PASSED_RECOVERING_AND_EXERCISE'}","[{'eventType': 'SLEEP', 'eventStartTimeGmt': '2025-06-22T21:47:32', 'timezoneOffset': 10800000, 'durationInMilliseconds': 18900000, 'bodyBatteryImpact': 25, 'feedbackType': 'NONE', 'shortFeedback': 'NONE', 'deviceId': 3423864303, 'activityName': None, 'activityType': None, 'activityId': None, 'eventUpdateTimeGmt': '2025-06-23T03:02:44'}, {'eventType': 'RECOVERY', 'eventStartTimeGmt': '2025-06-23T06:06:34', 'timezoneOffset': 10800000, 'durationInMilliseconds': 5940000, 'bodyBatteryImpact': 6, 'feedbackType': 'RECOVERY_LONG_BODY_BATTERY_INCREASE', 'shortFeedback': 'LONG_RESTFUL_PERIOD', 'deviceId': 3423864303, 'activityName': None, 'activityType': None, 'activityId': None, 'eventUpdateTimeGmt': '2025-06-23T07:48:31'}, {'eventType': 'RECOVERY', 'eventStartTimeGmt': '2025-06-23T10:40:19', 'timezoneOffset': 10800000, 'durationInMilliseconds': 5820000, 'bodyBatteryImpact': -1, 'feedbackType': 'RECOVERY_LONG_BODY_BATTERY_NOT_INCREASE', 'shortFeedback': 'LONG_RESTFUL_PERIOD', 'deviceId': 3423864303, 'activityName': None, 'activityType': None, 'activityId': None, 'eventUpdateTimeGmt': '2025-06-23T12:21:25'}, {'eventType': 'ACTIVITY', 'eventStartTimeGmt': '2025-06-23T12:36:35', 'timezoneOffset': 10800000, 'durationInMilliseconds': 4320000, 'bodyBatteryImpact': -6, 'feedbackType': 'EXERCISE_TRAINING_EFFECT_BELOW_2', 'shortFeedback': 'EASY_RECOVERY', 'deviceId': 3423864303, 'activityName': 'Helsinki Walking', 'activityType': 'walking', 'activityId': 19521472514, 'eventUpdateTimeGmt': '2025-06-23T13:50:07'}, {'eventType': 'NAP', 'eventStartTimeGmt': '2025-06-23T14:51:07', 'timezoneOffset': 10800000, 'durationInMilliseconds': 1920000, 'bodyBatteryImpact': 0, 'feedbackType': 'NAP_RECOVERING_BODY_BATTERY_MAINTAIN', 'shortFeedback': 'RESTFUL_NAP', 'deviceId': 3423864303, 'activityName': None, 'activityType': None, 'activityId': None, 'eventUpdateTimeGmt': '2025-06-23T15:23:19'}, {'eventType': 'ACTIVITY', 'eventStartTimeGmt': '2025-06-23T17:18:22', 'timezoneOffset': 10800000, 'durationInMilliseconds': 1200000, 'bodyBatteryImpact': -1, 'feedbackType': 'NONE', 'shortFeedback': 'NONE', 'deviceId': 3423864303, 'activityName': 'Yoga', 'activityType': 'yoga', 'activityId': 19523638725, 'eventUpdateTimeGmt': '2025-06-23T17:39:03'}]",14.0,24.0,7.0,22.0,2025-06-23T21:00:00.0,200,2025-06-23
5652846,2566.0,528.0,2038.0,2566.0,,,3028.0,11564,2500,10147,10147,528.0,3028.0,5652846,2025-06-24,"{'typeId': 4, 'typeKey': 'groups'}",24d4876fe885466383ae27d28e95e8c0,1500,2025-06-23T21:00:00.0,2025-06-24T00:00:00.0,2025-06-24T21:00:00.0,2025-06-25T00:00:00.0,86400000,,5640,2169,52334,26257,True,True,False,False,0,0,50.817,47.955,16.67224,15.73327,150,10,44,113,58,57,GARMIN,20,86,12540,58800,12960,1740,86040,10260,1920,360.0,14.57,68.34,15.06,2.02,11.92,2.23,0.42,CALM,58140,26160,,44,111,56,54,86,32,34,53.0,85.0,3.0,,,,,,,51.0,122.0,"{'eventTimestampGmt': '2025-06-24T17:50:01', 'bodyBatteryLevel': 'HIGH', 'feedbackShortType': 'SLEEP_PREPARATION_RECOVERING_AND_EXERCISE', 'feedbackLongType': 'SLEEP_PREPARATION_RECOVERING_AND_EXERCISE'}",,"[{'eventType': 'SLEEP', 'eventStartTimeGmt': '2025-06-23T20:59:03', 'timezoneOffset': 10800000, 'durationInMilliseconds': 25920000, 'bodyBatteryImpact': 54, 'feedbackType': 'NONE', 'shortFeedback': 'NONE', 'deviceId': 3423864303, 'activityName': None, 'activityType': None, 'activityId': None, 'eventUpdateTimeGmt': '2025-06-24T04:16:40'}, {'eventType': 'RECOVERY', 'eventStartTimeGmt': '2025-06-24T06:07:10', 'timezoneOffset': 10800000, 'durationInMilliseconds': 2460000, 'bodyBatteryImpact': -1, 'feedbackType': 'RECOVERY_BODY_BATTERY_NOT_INCREASE', 'shortFeedback': 'RESTFUL_PERIOD', 'deviceId': 3423864303, 'activityName': None, 'activityType': None, 'activityId': None, 'eventUpdateTimeGmt': '2025-06-24T06:51:15'}, {'eventType': 'RECOVERY', 'eventStartTimeGmt': '2025-06-24T07:47:25', 'timezoneOffset': 10800000, 'durationInMilliseconds': 4560000, 'bodyBatteryImpact': -1, 'feedbackType': 'RECOVERY_LONG_BODY_BATTERY_NOT_INCREASE', 'shortFeedback': 'LONG_RESTFUL_PERIOD', 'deviceId': 3423864303, 'activityName': None, 'activityType': None, 'activityId': None, 'eventUpdateTimeGmt': '2025-06-24T09:08:10'}, {'eventType': 'ACTIVITY', 'eventStartTimeGmt': '2025-06-24T12:23:22', 'timezoneOffset': 10800000, 'durationInMilliseconds': 7320000, 'bodyBatteryImpact': -11, 'feedbackType': 'EXERCISE_TRAINING_EFFECT_BELOW_2', 'shortFeedback': 'EASY_RECOVERY', 'deviceId': 3423864303, 'activityName': 'Helsinki Walking', 'activityType': 'walking', 'activityId': 19531179391, 'eventUpdateTimeGmt': '2025-06-24T14:26:13'}, {'eventType': 'ACTIVITY', 'eventStartTimeGmt': '2025-06-24T16:31:36', 'timezoneOffset': 10800000, 'durationInMilliseconds': 1560000, 'bodyBatteryImpact': -3, 'feedbackType': 'NONE', 'shortFeedback': 'NONE', 'deviceId': 3423864303, 'activityName': 'Yoga', 'activityType': 'yoga', 'activityId': 19537609603, 'eventUpdateTimeGmt': '2025-06-24T16:58:26'}]",13.0,24.0,7.0,13.0,2025-06-24T21:00:00.0,200,2025-06-24
5652846,2878.0,840.0,2038.0,2878.0,,,3340.0,18101,2500,15140,15140,840.0,3340.0,5652846,2025-06-25,"{'typeId': 4, 'typeKey': 'groups'}",a77ef95e4fe4490ab6e7961985fd6688,1500,2025-06-24T21:00:00.0,2025-06-25T00:00:00.0,2025-06-25T21:00:00.0,2025-06-26T00:00:00.0,86400000,,7739,3514,47015,28132,True,True,False,False,0,0,161.544,184.047,53.0,60.38287,150,10,36,141,55,57,GARMIN,21,88,16500,50400,16500,2640,86040,13860,2460,180.0,19.18,58.58,19.18,3.07,16.11,2.86,0.21,CALM,55500,27900,,50,134,65,64,93,33,35,61.0,93.0,3.0,,,,,,,39.0,206.0,"{'eventTimestampGmt': '2025-06-25T17:50:01', 'bodyBatteryLevel': 'HIGH', 'feedbackShortType': 'SLEEP_PREPARATION_RECOVERING_AND_EXERCISE', 'feedbackLongType': 'SLEEP_PREPARATION_RECOVERING_AND_EXERCISE'}","{'eventTimestampGmt': '2025-06-24T21:11:18', 'bodyBatteryLevel': 'HIGH', 'feedbackShortType': 'SLEEP_TIME_PASSED_RECOVERING_AND_EXERCISE', 'feedbackLongType': 'SLEEP_TIME_PASSED_RECOVERING_AND_EXERCISE'}","[{'eventType': 'SLEEP', 'eventStartTimeGmt': '2025-06-24T20:53:26', 'timezoneOffset': 10800000, 'durationInMilliseconds': 27060000, 'bodyBatteryImpact': 61, 'feedbackType': 'NONE', 'shortFeedback': 'NONE', 'deviceId': 3423864303, 'activityName': None, 'activityType': None, 'activityId': None, 'eventUpdateTimeGmt': '2025-06-25T04:27:27'}, {'eventType': 'RECOVERY', 'eventStartTimeGmt': '2025-06-25T07:29:57', 'timezoneOffset': 10800000, 'durationInMilliseconds': 1800000, 'bodyBatteryImpact': -1, 'feedbackType': 'RECOVERY_BODY_BATTERY_NOT_INCREASE', 'shortFeedback': 'RESTFUL_PERIOD', 'deviceId': 3423864303, 'activityName': None, 'activityType': None, 'activityId': None, 'eventUpdateTimeGmt': '2025-06-25T08:03:05'}, {'eventType': 'ACTIVITY', 'eventStartTimeGmt': '2025-06-25T08:19:33', 'timezoneOffset': 10800000, 'durationInMilliseconds': 3420000, 'bodyBatteryImpact': -6, 'feedbackType': 'EXERCISE_TRAINING_EFFECT_BELOW_2', 'shortFeedback': 'EASY_RECOVERY', 'deviceId': 3423864303, 'activityName': 'Helsinki Walking', 'activityType': 'walking', 'activityId': 19538769384, 'eventUpdateTimeGmt': '2025-06-25T09:17:12'}, {'eventType': 'ACTIVITY', 'eventStartTimeGmt': '2025-06-25T12:11:44', 'timezoneOffset': 10800000, 'durationInMilliseconds': 6540000, 'bodyBatteryImpact': -9, 'feedbackType': 'EXERCISE_TRAINING_EFFECT_BELOW_2', 'shortFeedback': 'EASY_RECOVERY', 'deviceId': 3423864303, 'activityName': None, 'activityType': None, 'activityId': None, 'eventUpdateTimeGmt': '2025-06-25T14:01:35'}, {'eventType': 'RECOVERY', 'eventStartTimeGmt': '2025-06-25T14:50:40', 'timezoneOffset': 10800000, 'durationInMilliseconds': 1740000, 'bodyBatteryImpact': 2, 'feedbackType': 'RECOVERY_BODY_BATTERY_INCREASE', 'shortFeedback': 'BODY_BATTERY_RECHARGE', 'deviceId': 3423864303, 'activityName': None, 'activityType': None, 'activityId': None, 'eventUpdateTimeGmt': '2025-06-25T15:23:04'}, {'eventType': 'ACTIVITY', 'eventStartTimeGmt': '2025-06-25T17:12:14', 'timezoneOffset': 10800000, 'durationInMilliseconds': 1320000, 'bodyBatteryImpact': -2, 'feedbackType': 'EXERCISE_TRAINING_EFFECT_BELOW_2', 'shortFeedback': 'NONE', 'deviceId': 3423864303, 'activityName': 'Pilates', 'activityType': 'pilates', 'activityId': 19543276030, 'eventUpdateTimeGmt': '2025-06-25T17:34:34'}]",14.0,23.0,6.0,17.0,2025-06-25T21:00:00.0,200,2025-06-25
5652846,3613.0,1575.0,2038.0,3613.0,,,4075.0,17996,2500,29402,18065,1575.0,4075.0,5652846,2025-06-26,"{'typeId': 4, 'typeKey': 'groups'}",0a11627337f04092ab1b6f17560daf22,1500,2025-06-25T21:00:00.0,2025-06-26T00:00:00.0,2025-06-26T21:00:00.0,2025-06-27T00:00:00.0,86400000,,9488,4181,48105,24626,True,True,False,False,41,62,110.108,101.047,36.12467,33.1519,150,10,47,199,56,57,GARMIN,28,96,24840,38640,13740,8880,86100,15360,7080,2400.0,28.85,44.88,15.96,10.31,17.84,8.22,2.79,BALANCED,52680,24540,,51,175,58,81,91,12,12,57.0,90.0,3.0,,,,,,,45.0,191.0,"{'eventTimestampGmt': '2025-06-26T19:53:06', 'bodyBatteryLevel': 'LOW', 'feedbackShortType': 'SLEEP_PREPARATION_BALANCED_AND_INTENSIVE_EXERCISE', 'feedbackLongType': 'SLEEP_PREPARATION_BALANCED_AND_INTENSIVE_EXERCISE_AND_BB_LOW'}","{'eventTimestampGmt': '2025-06-26T20:48:10', 'bodyBatteryLevel': 'LOW', 'feedbackShortType': 'SLEEP_TIME_PASSED_BALANCED_AND_INTENSIVE_EXERCISE', 'feedbackLongType': 'SLEEP_TIME_PASSED_BALANCED_AND_INTENSIVE_EXERCISE_AND_BB_LOW'}","[{'eventType': 'SLEEP', 'eventStartTimeGmt': '2025-06-25T20:35:34', 'timezoneOffset': 10800000, 'durationInMilliseconds': 25920000, 'bodyBatteryImpact': 57, 'feedbackType': 'NONE', 'shortFeedback': 'NONE', 'deviceId': 3423864303, 'activityName': None, 'activityType': None, 'activityId': None, 'eventUpdateTimeGmt': '2025-06-26T03:48:00'}, {'eventType': 'RECOVERY', 'eventStartTimeGmt': '2025-06-26T06:32:00', 'timezoneOffset': 10800000, 'durationInMilliseconds': 3960000, 'bodyBatteryImpact': -1, 'feedbackType': 'RECOVERY_LONG_BODY_BATTERY_NOT_INCREASE', 'shortFeedback': 'LONG_RESTFUL_PERIOD', 'deviceId': 3423864303, 'activityName': None, 'activityType': None, 'activityId': None, 'eventUpdateTimeGmt': '2025-06-26T07:41:15'}, {'eventType': 'ACTIVITY', 'eventStartTimeGmt': '2025-06-26T12:19:13', 'timezoneOffset': 10800000, 'durationInMilliseconds': 1800000, 'bodyBatteryImpact': -2, 'feedbackType': 'EXERCISE_TRAINING_EFFECT_BELOW_2', 'shortFeedback': 'EASY_RECOVERY', 'deviceId': 3423864303, 'activityName': 'Helsinki Walking', 'activityType': 'walking', 'activityId': 19550636134, 'eventUpdateTimeGmt': '2025-06-26T12:50:20'}, {'eventType': 'ACTIVITY', 'eventStartTimeGmt': '2025-06-26T13:28:53', 'timezoneOffset': 10800000, 'durationInMilliseconds': 5160000, 'bodyBatteryImpact': -16, 'feedbackType': 'EXERCISE_TRAINING_EFFECT_4', 'shortFeedback': 'HIGHLY_IMPROVING_AEROBIC_ENDURANCE', 'deviceId': 3423864303, 'activityName': 'Rullahiihto Classic', 'activityType': 'cross_country_skiing_ws', 'activityId': 19551669396, 'eventUpdateTimeGmt': '2025-06-26T14:55:55'}, {'eventType': 'ACTIVITY', 'eventStartTimeGmt': '2025-06-26T16:43:43', 'timezoneOffset': 10800000, 'durationInMilliseconds': 1200000, 'bodyBatteryImpact': -2, 'feedbackType': 'EXERCISE_TRAINING_EFFECT_BELOW_2', 'shortFeedback': 'EASY_RECOVERY', 'deviceId': 3423864303, 'activityName': 'Pilates', 'activityType': 'pilates', 'activityId': 19552831616, 'eventUpdateTimeGmt': '2025-06-26T16:31:09'}]",16.0,43.0,5.0,18.0,2025-06-26T21:00:00.0,200,2025-06-26
5652846,2600.0,562.0,2038.0,2600.0,,,3062.0,12545,2500,12173,12173,562.0,3062.0,5652846,2025-06-27,"{'typeId': 4, 'typeKey': 'groups'}",746faabd2f5f42238600066bf180511c,1500,2025-06-26T21:00:00.0,2025-06-27T00:00:00.0,2025-06-27T21:00:00.0,2025-06-28T00:00:00.0,86400000,,5616,2820,50990,26974,True,True,False,False,4,0,52.105,58.778,17.09482,19.28412,150,10,56,123,59,57,GARMIN,26,96,25380,38820,11820,9000,85020,21660,3120,600.0,29.85,45.66,13.9,10.59,25.48,3.67,0.71,BALANCED,51960,24060,,57,122,50,36,55,12,26,43.0,55.0,3.0,,,,,,,52.0,79.0,"{'eventTimestampGmt': '2025-06-27T18:37:45', 'bodyBatteryLevel': 'HIGH', 'feedbackShortType': 'SLEEP_PREPARATION_RECOVERING_AND_EXERCISE', 'feedbackLongType': 'SLEEP_PREPARATION_RECOVERING_AND_EXERCISE'}","{'eventTimestampGmt': '2025-06-27T20:45:51', 'bodyBatteryLevel': 'HIGH', 'feedbackShortType': 'SLEEP_TIME_PASSED_RECOVERING_AND_EXERCISE', 'feedbackLongType': 'SLEEP_TIME_PASSED_RECOVERING_AND_EXERCISE'}","[{'eventType': 'SLEEP', 'eventStartTimeGmt': '2025-06-26T20:57:34', 'timezoneOffset': 10800000, 'durationInMilliseconds': 24480000, 'bodyBatteryImpact': 43, 'feedbackType': 'NONE', 'shortFeedback': 'NONE', 'deviceId': 3423864303, 'activityName': None, 'activityType': None, 'activityId': None, 'eventUpdateTimeGmt': '2025-06-27T03:51:13'}, {'eventType': 'NAP', 'eventStartTimeGmt': '2025-06-27T12:29:13', 'timezoneOffset': 10800000, 'durationInMilliseconds': 2640000, 'bodyBatteryImpact': 0, 'feedbackType': 'NAP_RECOVERING_BODY_BATTERY_MAINTAIN', 'shortFeedback': 'RESTFUL_NAP', 'deviceId': 3423864303, 'activityName': None, 'activityType': None, 'activityId': None, 'eventUpdateTimeGmt': '2025-06-27T13:53:25'}, {'eventType': 'ACTIVITY', 'eventStartTimeGmt': '2025-06-27T13:53:47', 'timezoneOffset': 10800000, 'durationInMilliseconds': 3300000, 'bodyBatteryImpact': -6, 'feedbackType': 'EXERCISE_TRAINING_EFFECT_BELOW_2', 'shortFeedback': 'EASY_RECOVERY', 'deviceId': 3423864303, 'activityName': 'Helsinki Walking', 'activityType': 'walking', 'activityId': 19561196794, 'eventUpdateTimeGmt': '2025-06-27T14:49:53'}, {'eventType': 'RECOVERY', 'eventStartTimeGmt': '2025-06-27T14:57:43', 'timezoneOffset': 10800000, 'durationInMilliseconds': 2940000, 'bodyBatteryImpact': 3, 'feedbackType': 'RECOVERY_BODY_BATTERY_INCREASE', 'shortFeedback': 'BODY_BATTERY_RECHARGE', 'deviceId': 3423864303, 'activityName': None, 'activityType': None, 'activityId': None, 'eventUpdateTimeGmt': '2025-06-27T15:50:37'}]",15.0,25.0,7.0,13.0,2025-06-27T21:00:00.0,200,2025-06-27
5652846,3888.0,1850.0,2038.0,3888.0,,,4350.0,23571,2500,31215,21711,1850.0,4350.0,5652846,2025-06-28,"{'typeId': 4, 'typeKey': 'groups'}",ef6e7148cc5940e7938e4f452afdc83b,1500,2025-06-27T21:00:00.0,2025-06-28T00:00:00.0,2025-06-28T21:00:00.0,2025-06-29T00:00:00.0,86400000,,11120,4390,52650,18240,True,True,False,False,52,59,359.664,326.495,118.0,107.11778,150,10,50,180,58,58,GARMIN,28,96,23160,36660,18780,7260,85860,15660,6060,1440.0,26.97,42.7,21.87,8.46,18.24,7.06,1.68,BALANCED,60420,18180,,56,180,48,65,74,9,9,43.0,71.0,3.0,,,,,,,40.0,269.0,"{'eventTimestampGmt': '2025-06-28T17:50:01', 'bodyBatteryLevel': 'LOW', 'feedbackShortType': 'SLEEP_PREPARATION_BALANCED_AND_INTENSIVE_EXERCISE', 'feedbackLongType': 'SLEEP_PREPARATION_BALANCED_AND_INTENSIVE_EXERCISE_AND_BB_LOW'}","{'eventTimestampGmt': '2025-06-28T20:18:00', 'bodyBatteryLevel': 'LOW', 'feedbackShortType': 'SLEEP_TIME_PASSED_BALANCED_AND_INTENSIVE_EXERCISE', 'feedbackLongType': 'SLEEP_TIME_PASSED_BALANCED_AND_INTENSIVE_EXERCISE_AND_BB_LOW'}","[{'eventType': 'SLEEP', 'eventStartTimeGmt': '2025-06-27T22:13:53', 'timezoneOffset': 10800000, 'durationInMilliseconds': 18240000, 'bodyBatteryImpact': 44, 'feedbackType': 'NONE', 'shortFeedback': 'NONE', 'deviceId': 3423864303, 'activityName': None, 'activityType': None, 'activityId': None, 'eventUpdateTimeGmt': '2025-06-28T04:31:56'}, {'eventType': 'ACTIVITY', 'eventStartTimeGmt': '2025-06-28T07:54:54', 'timezoneOffset': 10800000, 'durationInMilliseconds': 7080000, 'bodyBatteryImpact': -12, 'feedbackType': 'EXERCISE_TRAINING_EFFECT_2', 'shortFeedback': 'MAINTAINING_AEROBIC_BASE', 'deviceId': 3423864303, 'activityName': 'Helsinki Trail Running', 'activityType': 'trail_running', 'activityId': 19568109908, 'eventUpdateTimeGmt': '2025-06-28T09:53:21'}, {'eventType': 'ACTIVITY', 'eventStartTimeGmt': '2025-06-28T14:21:13', 'timezoneOffset': 10800000, 'durationInMilliseconds': 3720000, 'bodyBatteryImpact': -12, 'feedbackType': 'EXERCISE_TRAINING_EFFECT_2', 'shortFeedback': 'MAINTAINING_AEROBIC_BASE', 'deviceId': 3423864303, 'activityName': 'Rullahiihto tasuri', 'activityType': 'cross_country_skiing_ws', 'activityId': 19571534406, 'eventUpdateTimeGmt': '2025-06-28T10:08:12'}, {'eventType': 'ACTIVITY', 'eventStartTimeGmt': '2025-06-28T16:37:55', 'timezoneOffset': 10800000, 'durationInMilliseconds': 1440000, 'bodyBatteryImpact': -12, 'feedbackType': 'EXERCISE_TRAINING_EFFECT_2', 'shortFeedback': 'MAINTAINING_AEROBIC_BASE', 'deviceId': 3423864303, 'activityName': 'Pilates', 'activityType': 'pilates', 'activityId': 19572699903, 'eventUpdateTimeGmt': '2025-06-28T16:10:42'}]",17.0,42.0,6.0,19.0,2025-06-28T21:00:00.0,200,2025-06-28
5652846,2681.0,643.0,2038.0,2681.0,,,3143.0,12076,2500,10308,10308,643.0,3143.0,5652846,2025-06-29,"{'typeId': 4, 'typeKey': 'groups'}",4d1594fb325042629a762ebcec0b3f19,1500,2025-06-28T21:00:00.0,2025-06-29T00:00:00.0,2025-06-29T21:00:00.0,2025-06-30T00:00:00.0,86400000,,5212,3152,51456,26580,True,True,False,False,0,0,73.152,77.543,24.0,25.44062,150,10,54,123,60,58,GARMIN,32,96,35880,34800,12120,3180,85980,25140,6240,4500.0,41.73,40.47,14.1,3.7,29.24,7.26,5.23,BALANCED,56400,26400,,58,121,50,46,57,9,13,48.0,57.0,3.0,3.0,,,,,,40.0,75.0,"{'eventTimestampGmt': '2025-06-29T18:51:43', 'bodyBatteryLevel': 'LOW', 'feedbackShortType': 'SLEEP_PREPARATION_BALANCED_AND_EXERCISE', 'feedbackLongType': 'SLEEP_PREPARATION_BALANCED_AND_EXERCISE_AND_BB_LOW_MORNING_AND_NOW'}","{'eventTimestampGmt': '2025-06-29T20:30:52', 'bodyBatteryLevel': 'LOW', 'feedbackShortType': 'SLEEP_TIME_PASSED_BALANCED_AND_EXERCISE', 'feedbackLongType': 'SLEEP_TIME_PASSED_BALANCED_AND_EXERCISE_AND_BB_LOW_MORNING_AND_NOW'}","[{'eventType': 'SLEEP', 'eventStartTimeGmt': '2025-06-28T21:07:00', 'timezoneOffset': 10800000, 'durationInMilliseconds': 26580000, 'bodyBatteryImpact': 45, 'feedbackType': 'NONE', 'shortFeedback': 'NONE', 'deviceId': 3423864303, 'activityName': None, 'activityType': None, 'activityId': None, 'eventUpdateTimeGmt': '2025-06-29T03:53:25'}, {'eventType': 'RECOVERY', 'eventStartTimeGmt': '2025-06-29T07:04:45', 'timezoneOffset': 10800000, 'durationInMilliseconds': 1860000, 'bodyBatteryImpact': 0, 'feedbackType': 'RECOVERY_BODY_BATTERY_NOT_INCREASE', 'shortFeedback': 'RESTFUL_PERIOD', 'deviceId': 3423864303, 'activityName': None, 'activityType': None, 'activityId': None, 'eventUpdateTimeGmt': '2025-06-29T07:41:10'}, {'eventType': 'RECOVERY', 'eventStartTimeGmt': '2025-06-29T07:43:00', 'timezoneOffset': 10800000, 'durationInMilliseconds': 1080000, 'bodyBatteryImpact': 2, 'feedbackType': 'RECOVERY_BODY_BATTERY_INCREASE', 'shortFeedback': 'BODY_BATTERY_RECHARGE', 'deviceId': 3423864303, 'activityName': None, 'activityType': None, 'activityId': None, 'eventUpdateTimeGmt': '2025-06-29T08:02:59'}, {'eventType': 'ACTIVITY', 'eventStartTimeGmt': '2025-06-29T08:50:31', 'timezoneOffset': 10800000, 'durationInMilliseconds': 4020000, 'bodyBatteryImpact': -4, 'feedbackType': 'EXERCISE_TRAINING_EFFECT_BELOW_2', 'shortFeedback': 'EASY_RECOVERY', 'deviceId': 3423864303, 'activityName': 'Helsinki Walking', 'activityType': 'walking', 'activityId': 19578194824, 'eventUpdateTimeGmt': '2025-06-29T09:59:42'}]",14.0,24.0,7.0,21.0,2025-06-29T21:00:00.0,200,2025-06-29
5652846,3074.0,1036.0,2038.0,3074.0,,,3536.0,16451,2500,14101,14101,1036.0,3536.0,5652846,2025-06-30,"{'typeId': 4, 'typeKey': 'groups'}",3c33fd9939144d5eb79af4f94739c8b3,1500,2025-06-29T21:00:00.0,2025-06-30T00:00:00.0,2025-06-30T21:00:00.0,2025-07-01T00:00:00.0,86400000,,6840,3717,49193,26650,True,True,False,False,46,22,301.752,312.224,99.0,102.4357,150,10,48,170,56,57,GARMIN,24,97,19260,47700,9480,7500,83940,14940,3540,780.0,22.94,56.83,11.29,8.93,17.8,4.22,0.93,BALANCED,51120,25320,,53,169,74,60,83,13,27,69.0,83.0,3.0,,,,,,,44.0,135.0,"{'eventTimestampGmt': '2025-06-30T17:50:01', 'bodyBatteryLevel': 'HIGH', 'feedbackShortType': 'SLEEP_PREPARATION_RECOVERING_AND_INTENSIVE_EXERCISE', 'feedbackLongType': 'SLEEP_PREPARATION_RECOVERING_AND_INTENSIVE_EXERCISE'}","{'eventTimestampGmt': '2025-06-29T23:04:51', 'bodyBatteryLevel': 'HIGH', 'feedbackShortType': 'SLEEP_TIME_PASSED_BALANCED_AND_EXERCISE', 'feedbackLongType': 'SLEEP_TIME_PASSED_BALANCED_AND_EXERCISE'}","[{'eventType': 'SLEEP', 'eventStartTimeGmt': '2025-06-29T21:24:42', 'timezoneOffset': 10800000, 'durationInMilliseconds': 23820000, 'bodyBatteryImpact': 69, 'feedbackType': 'NONE', 'shortFeedback': 'NONE', 'deviceId': 3423864303, 'activityName': None, 'activityType': None, 'activityId': None, 'eventUpdateTimeGmt': '2025-06-30T04:06:18'}, {'eventType': 'RECOVERY', 'eventStartTimeGmt': '2025-06-30T07:38:43', 'timezoneOffset': 10800000, 'durationInMilliseconds': 3000000, 'bodyBatteryImpact': 0, 'feedbackType': 'RECOVERY_BODY_BATTERY_NOT_INCREASE', 'shortFeedback': 'RESTFUL_PERIOD', 'deviceId': 3423864303, 'activityName': None, 'activityType': None, 'activityId': None, 'eventUpdateTimeGmt': '2025-06-30T08:31:44'}, {'eventType': 'ACTIVITY', 'eventStartTimeGmt': '2025-06-30T12:29:25', 'timezoneOffset': 10800000, 'durationInMilliseconds': 4140000, 'bodyBatteryImpact': -10, 'feedbackType': 'EXERCISE_TRAINING_EFFECT_3', 'shortFeedback': 'IMPROVING_AEROBIC_BASE', 'deviceId': 3423864303, 'activityName': None, 'activityType': None, 'activityId': None, 'eventUpdateTimeGmt': '2025-06-30T13:39:26'}, {'eventType': 'ACTIVITY', 'eventStartTimeGmt': '2025-06-30T14:03:21', 'timezoneOffset': 10800000, 'durationInMilliseconds': 1560000, 'bodyBatteryImpact': -1, 'feedbackType': 'EXERCISE_TRAINING_EFFECT_BELOW_2', 'shortFeedback': 'NONE', 'deviceId': 3423864303, 'activityName': 'Pilates', 'activityType': 'pilates', 'activityId': 19590182724, 'eventUpdateTimeGmt': '2025-06-30T14:29:50'}]",16.0,39.0,6.0,7.0,2025-06-30T21:00:00.0,200,2025-06-30
5652846,3535.0,1497.0,2038.0,3535.0,,,3997.0,13673,2500,23525,13191,1497.0,3997.0,5652846,2025-07-01,"{'typeId': 4, 'typeKey': 'groups'}",c8908cb18bf0441db22b93f3e67773f1,1500,2025-06-30T21:00:00.0,2025-07-01T00:00:00.0,2025-07-01T21:00:00.0,2025-07-02T00:00:00.0,86400000,,8470,2522,48918,26490,True,True,False,False,15,58,164.745,110.989,54.0502,36.41371,150,10,50,222,57,57,GARMIN,31,94,30900,37140,11640,6660,86340,18540,9300,3060.0,35.79,43.02,13.48,7.71,21.47,10.77,3.54,BALANCED,53280,26400,,54,221,55,70,82,12,12,57.0,82.0,3.0,,,,,,,44.0,179.0,"{'eventTimestampGmt': '2025-07-01T19:16:30', 'bodyBatteryLevel': 'LOW', 'feedbackShortType': 'SLEEP_PREPARATION_BALANCED_AND_INTENSIVE_EXERCISE', 'feedbackLongType': 'SLEEP_PREPARATION_BALANCED_AND_INTENSIVE_EXERCISE_AND_BB_LOW'}","{'eventTimestampGmt': '2025-06-30T21:01:54', 'bodyBatteryLevel': 'HIGH', 'feedbackShortType': 'SLEEP_TIME_PASSED_RECOVERING_AND_INTENSIVE_EXERCISE', 'feedbackLongType': 'SLEEP_TIME_PASSED_RECOVERING_AND_INTENSIVE_EXERCISE'}","[{'eventType': 'SLEEP', 'eventStartTimeGmt': '2025-06-30T20:12:50', 'timezoneOffset': 10800000, 'durationInMilliseconds': 28200000, 'bodyBatteryImpact': 57, 'feedbackType': 'NONE', 'shortFeedback': 'NONE', 'deviceId': 3423864303, 'activityName': None, 'activityType': None, 'activityId': None, 'eventUpdateTimeGmt': '2025-07-01T04:02:51'}, {'eventType': 'ACTIVITY', 'eventStartTimeGmt': '2025-07-01T11:06:14', 'timezoneOffset': 10800000, 'durationInMilliseconds': 2460000, 'bodyBatteryImpact': -5, 'feedbackType': 'EXERCISE_TRAINING_EFFECT_BELOW_2', 'shortFeedback': 'EASY_RECOVERY', 'deviceId': 3423864303, 'activityName': 'Helsinki Walking', 'activityType': 'walking', 'activityId': 19600339109, 'eventUpdateTimeGmt': '2025-07-01T11:48:30'}, {'eventType': 'ACTIVITY', 'eventStartTimeGmt': '2025-07-01T13:26:45', 'timezoneOffset': 10800000, 'durationInMilliseconds': 3840000, 'bodyBatteryImpact': -12, 'feedbackType': 'EXERCISE_TRAINING_EFFECT_4', 'shortFeedback': 'HIGHLY_IMPROVING_TEMPO', 'deviceId': 3423864303, 'activityName': 'Espoo Cross Country Classic Skiing', 'activityType': 'cross_country_skiing_ws', 'activityId': 19600340630, 'eventUpdateTimeGmt': '2025-07-01T14:32:47'}, {'eventType': 'ACTIVITY', 'eventStartTimeGmt': '2025-07-01T15:28:02', 'timezoneOffset': 10800000, 'durationInMilliseconds': 1260000, 'bodyBatteryImpact': -5, 'feedbackType': 'EXERCISE_TRAINING_EFFECT_BELOW_2', 'shortFeedback': 'EASY_RECOVERY', 'deviceId': 3423864303, 'activityName': 'Yoga', 'activityType': 'yoga', 'activityId': 19601018726, 'eventUpdateTimeGmt': '2025-07-01T14:52:54'}]",16.0,42.0,6.0,14.0,2025-07-01T21:00:00.0,200,2025-07-01
5652846,3332.0,1294.0,2038.0,3332.0,,,3794.0,8975,2500,26931,7522,1294.0,3794.0,5652846,2025-07-02,"{'typeId': 4, 'typeKey': 'groups'}",97cfe7656ae8486dbdeb0a387012d83b,1500,2025-07-01T21:00:00.0,2025-07-02T00:00:00.0,2025-07-02T21:00:00.0,2025-07-03T00:00:00.0,86400000,,4646,2788,52221,26745,True,True,False,False,66,0,47.331,36.807,15.52854,12.07579,150,10,52,143,60,58,GARMIN,36,99,34440,28620,15720,5520,84300,20280,7560,6600.0,40.85,33.95,18.65,6.55,24.06,8.97,7.83,BALANCED,53700,25080,,57,138,49,53,59,8,8,47.0,59.0,3.0,6.0,,,,,,39.0,131.0,"{'eventTimestampGmt': '2025-07-02T17:50:01', 'bodyBatteryLevel': 'LOW', 'feedbackShortType': 'SLEEP_PREPARATION_STRESSFUL_AND_EXERCISE', 'feedbackLongType': 'SLEEP_PREPARATION_STRESSFUL_AND_EXERCISE_AND_BB_LOW'}","{'eventTimestampGmt': '2025-07-01T23:19:33', 'bodyBatteryLevel': 'HIGH', 'feedbackShortType': 'SLEEP_TIME_PASSED_BALANCED_AND_INTENSIVE_EXERCISE', 'feedbackLongType': 'SLEEP_TIME_PASSED_BALANCED_AND_INTENSIVE_EXERCISE'}","[{'eventType': 'SLEEP', 'eventStartTimeGmt': '2025-07-01T20:41:20', 'timezoneOffset': 10800000, 'durationInMilliseconds': 26640000, 'bodyBatteryImpact': 47, 'feedbackType': 'NONE', 'shortFeedback': 'NONE', 'deviceId': 3423864303, 'activityName': None, 'activityType': None, 'activityId': None, 'eventUpdateTimeGmt': '2025-07-02T04:05:23'}, {'eventType': 'RECOVERY', 'eventStartTimeGmt': '2025-07-02T07:39:48', 'timezoneOffset': 10800000, 'durationInMilliseconds': 1740000, 'bodyBatteryImpact': 2, 'feedbackType': 'RECOVERY_BODY_BATTERY_INCREASE', 'shortFeedback': 'BODY_BATTERY_RECHARGE', 'deviceId': 3423864303, 'activityName': None, 'activityType': None, 'activityId': None, 'eventUpdateTimeGmt': '2025-07-02T08:10:45'}, {'eventType': 'ACTIVITY', 'eventStartTimeGmt': '2025-07-02T09:09:28', 'timezoneOffset': 10800000, 'durationInMilliseconds': 1620000, 'bodyBatteryImpact': -2, 'feedbackType': 'EXERCISE_TRAINING_EFFECT_BELOW_2', 'shortFeedback': 'EASY_RECOVERY', 'deviceId': 3423864303, 'activityName': 'Helsinki Walking', 'activityType': 'walking', 'activityId': 19611425256, 'eventUpdateTimeGmt': '2025-07-02T09:37:51'}, {'eventType': 'ACTIVITY', 'eventStartTimeGmt': '2025-07-02T10:38:40', 'timezoneOffset': 10800000, 'durationInMilliseconds': 1980000, 'bodyBatteryImpact': -4, 'feedbackType': 'EXERCISE_TRAINING_EFFECT_BELOW_2', 'shortFeedback': 'EASY_RECOVERY', 'deviceId': 3423864303, 'activityName': 'Helsinki Cycling', 'activityType': 'cycling', 'activityId': 19611425919, 'eventUpdateTimeGmt': '2025-07-02T11:16:28'}, {'eventType': 'ACTIVITY', 'eventStartTimeGmt': '2025-07-02T14:35:06', 'timezoneOffset': 10800000, 'durationInMilliseconds': 1860000, 'bodyBatteryImpact': -3, 'feedbackType': 'EXERCISE_TRAINING_EFFECT_2', 'shortFeedback': 'EASY_AEROBIC', 'deviceId': 3423864303, 'activityName': 'Uusimaa Cycling', 'activityType': 'cycling', 'activityId': 19611426503, 'eventUpdateTimeGmt': '2025-07-02T15:07:35'}]",14.0,23.0,7.0,17.0,2025-07-02T21:00:00.0,200,2025-07-02
5652846,3249.0,1211.0,2038.0,3249.0,,,3711.0,13594,2500,23956,13671,1211.0,3711.0,5652846,2025-07-03,"{'typeId': 4, 'typeKey': 'groups'}",dee1ea983b9a4947a5f131a7b5693d97,1500,2025-07-02T21:00:00.0,2025-07-03T00:00:00.0,2025-07-03T21:00:00.0,2025-07-04T00:00:00.0,86400000,,7341,3467,48917,26675,True,True,False,False,58,19,90.489,51.58,29.68799,16.92257,150,10,48,168,55,58,GARMIN,23,81,18840,47340,11520,8460,86160,15360,3120,360.0,21.87,54.94,13.37,9.82,17.83,3.62,0.42,BALANCED,52560,25140,,51,163,67,51,70,8,24,62.0,70.0,3.0,,,,,,,49.0,170.0,"{'eventTimestampGmt': '2025-07-03T20:21:31', 'bodyBatteryLevel': 'MODERATE', 'feedbackShortType': 'SLEEP_PREPARATION_RECOVERING_AND_INTENSIVE_EXERCISE', 'feedbackLongType': 'SLEEP_PREPARATION_RECOVERING_AND_INTENSIVE_EXERCISE'}","{'eventTimestampGmt': '2025-07-02T23:22:56', 'bodyBatteryLevel': 'HIGH', 'feedbackShortType': 'SLEEP_TIME_PASSED_STRESSFUL_AND_EXERCISE', 'feedbackLongType': 'SLEEP_TIME_PASSED_STRESSFUL_AND_EXERCISE'}","[{'eventType': 'SLEEP', 'eventStartTimeGmt': '2025-07-02T20:39:35', 'timezoneOffset': 10800000, 'durationInMilliseconds': 27900000, 'bodyBatteryImpact': 62, 'feedbackType': 'NONE', 'shortFeedback': 'NONE', 'deviceId': 3423864303, 'activityName': None, 'activityType': None, 'activityId': None, 'eventUpdateTimeGmt': '2025-07-03T04:35:52'}, {'eventType': 'RECOVERY', 'eventStartTimeGmt': '2025-07-03T06:46:22', 'timezoneOffset': 10800000, 'durationInMilliseconds': 4920000, 'bodyBatteryImpact': 4, 'feedbackType': 'RECOVERY_LONG_BODY_BATTERY_INCREASE', 'shortFeedback': 'LONG_RESTFUL_PERIOD', 'deviceId': 3423864303, 'activityName': None, 'activityType': None, 'activityId': None, 'eventUpdateTimeGmt': '2025-07-03T08:13:26'}, {'eventType': 'ACTIVITY', 'eventStartTimeGmt': '2025-07-03T11:19:17', 'timezoneOffset': 10800000, 'durationInMilliseconds': 1680000, 'bodyBatteryImpact': -3, 'feedbackType': 'EXERCISE_TRAINING_EFFECT_BELOW_2', 'shortFeedback': 'EASY_RECOVERY', 'deviceId': 3423864303, 'activityName': 'Helsinki Walking', 'activityType': 'walking', 'activityId': 19619036028, 'eventUpdateTimeGmt': '2025-07-03T11:47:52'}, {'eventType': 'ACTIVITY', 'eventStartTimeGmt': '2025-07-03T13:20:14', 'timezoneOffset': 10800000, 'durationInMilliseconds': 4980000, 'bodyBatteryImpact': -3, 'feedbackType': 'EXERCISE_TRAINING_EFFECT_BELOW_2', 'shortFeedback': 'EASY_RECOVERY', 'deviceId': 3423864303, 'activityName': 'Rullahiihto classic', 'activityType': 'cross_country_skiing_ws', 'activityId': 19620691033, 'eventUpdateTimeGmt': '2025-07-03T11:53:42'}, {'eventType': 'ACTIVITY', 'eventStartTimeGmt': '2025-07-03T15:33:04', 'timezoneOffset': 10800000, 'durationInMilliseconds': 1200000, 'bodyBatteryImpact': -3, 'feedbackType': 'EXERCISE_TRAINING_EFFECT_BELOW_2', 'shortFeedback': 'EASY_RECOVERY', 'deviceId': 3423864303, 'activityName': None, 'activityType': None, 'activityId': None, 'eventUpdateTimeGmt': '2025-07-03T15:25:31'}, {'eventType': 'RECOVERY', 'eventStartTimeGmt': '2025-07-03T15:55:28', 'timezoneOffset': 10800000, 'durationInMilliseconds': 900000, 'bodyBatteryImpact': 1, 'feedbackType': 'RECOVERY_BODY_BATTERY_INCREASE', 'shortFeedback': 'BODY_BATTERY_RECHARGE', 'deviceId': 3423864303, 'activityName': None, 'activityType': None, 'activityId': None, 'eventUpdateTimeGmt': '2025-07-03T16:12:45'}]",16.0,42.0,7.0,19.0,2025-07-03T21:00:00.0,200,2025-07-03
5652846,2395.0,357.0,2038.0,2395.0,,,2857.0,8139,2500,7976,7976,357.0,2857.0,5652846,2025-07-04,"{'typeId': 4, 'typeKey': 'groups'}",6a2344493e8b44aba8f1ce7a10cb0768,1500,2025-07-03T21:00:00.0,2025-07-04T00:00:00.0,2025-07-04T21:00:00.0,2025-07-05T00:00:00.0,86400000,,2361,3619,56000,24420,True,True,False,False,0,0,36.576,37.752,12.0,12.38583,150,10,50,115,57,58,GARMIN,23,96,18960,56580,8580,1260,85380,12480,4920,1560.0,22.21,66.27,10.05,1.48,14.62,5.76,1.83,BALANCED,59940,24180,,51,114,70,57,82,24,37,58.0,82.0,3.0,,,,,,,39.0,28.0,"{'eventTimestampGmt': '2025-07-04T17:50:00', 'bodyBatteryLevel': 'HIGH', 'feedbackShortType': 'SLEEP_PREPARATION_RECOVERING_AND_EXERCISE', 'feedbackLongType': 'SLEEP_PREPARATION_RECOVERING_AND_EXERCISE'}","{'eventTimestampGmt': '2025-07-04T20:52:45', 'bodyBatteryLevel': 'HIGH', 'feedbackShortType': 'SLEEP_TIME_PASSED_RECOVERING_AND_EXERCISE', 'feedbackLongType': 'SLEEP_TIME_PASSED_RECOVERING_AND_EXERCISE'}","[{'eventType': 'SLEEP', 'eventStartTimeGmt': '2025-07-03T21:05:33', 'timezoneOffset': 10800000, 'durationInMilliseconds': 24420000, 'bodyBatteryImpact': 58, 'feedbackType': 'NONE', 'shortFeedback': 'NONE', 'deviceId': 3423864303, 'activityName': None, 'activityType': None, 'activityId': None, 'eventUpdateTimeGmt': '2025-07-04T03:57:05'}, {'eventType': 'RECOVERY', 'eventStartTimeGmt': '2025-07-04T06:09:15', 'timezoneOffset': 10800000, 'durationInMilliseconds': 2280000, 'bodyBatteryImpact': 2, 'feedbackType': 'RECOVERY_BODY_BATTERY_INCREASE', 'shortFeedback': 'BODY_BATTERY_RECHARGE', 'deviceId': 3423864303, 'activityName': None, 'activityType': None, 'activityId': None, 'eventUpdateTimeGmt': '2025-07-04T06:51:30'}, {'eventType': 'ACTIVITY', 'eventStartTimeGmt': '2025-07-04T10:27:26', 'timezoneOffset': 10800000, 'durationInMilliseconds': 1200000, 'bodyBatteryImpact': -4, 'feedbackType': 'EXERCISE_TRAINING_EFFECT_BELOW_2', 'shortFeedback': 'EASY_RECOVERY', 'deviceId': 3423864303, 'activityName': 'Helsinki Walking', 'activityType': 'walking', 'activityId': 19629357239, 'eventUpdateTimeGmt': '2025-07-04T10:47:33'}, {'eventType': 'RECOVERY', 'eventStartTimeGmt': '2025-07-04T14:16:53', 'timezoneOffset': 10800000, 'durationInMilliseconds': 1560000, 'bodyBatteryImpact': 2, 'feedbackType': 'RECOVERY_BODY_BATTERY_INCREASE', 'shortFeedback': 'BODY_BATTERY_RECHARGE', 'deviceId': 3423864303, 'activityName': None, 'activityType': None, 'activityId': None, 'eventUpdateTimeGmt': '2025-07-04T14:45:40'}]",14.0,24.0,7.0,7.0,2025-07-04T21:00:00.0,200,2025-07-04
5652846,3074.0,1036.0,2038.0,3074.0,,,3536.0,16307,2500,13863,13863,1036.0,3536.0,5652846,2025-07-05,"{'typeId': 4, 'typeKey': 'groups'}",12ad60ec49884a3ebeae172020cc11ca,1500,2025-07-04T21:00:00.0,2025-07-05T00:00:00.0,2025-07-05T21:00:00.0,2025-07-06T00:00:00.0,86400000,,7212,5054,50323,23811,True,True,False,False,43,12,180.679,194.353,59.27789,63.76411,150,10,51,183,55,57,GARMIN,32,98,30360,35160,12960,6840,85320,14400,10320,5640.0,35.58,41.21,15.19,8.02,16.88,12.1,6.61,BALANCED,54660,23820,,53,177,59,85,96,11,11,58.0,96.0,3.0,,,,,,,50.0,115.0,"{'eventTimestampGmt': '2025-07-05T18:51:26', 'bodyBatteryLevel': 'LOW', 'feedbackShortType': 'SLEEP_PREPARATION_STRESSFUL_AND_INTENSIVE_EXERCISE', 'feedbackLongType': 'SLEEP_PREPARATION_STRESSFUL_AND_INTENSIVE_EXERCISE_AND_BB_LOW'}",,"[{'eventType': 'SLEEP', 'eventStartTimeGmt': '2025-07-04T21:52:33', 'timezoneOffset': 10800000, 'durationInMilliseconds': 23760000, 'bodyBatteryImpact': 58, 'feedbackType': 'NONE', 'shortFeedback': 'NONE', 'deviceId': 3423864303, 'activityName': None, 'activityType': None, 'activityId': None, 'eventUpdateTimeGmt': '2025-07-05T04:29:24'}, {'eventType': 'ACTIVITY', 'eventStartTimeGmt': '2025-07-05T14:07:53', 'timezoneOffset': 10800000, 'durationInMilliseconds': 3180000, 'bodyBatteryImpact': -6, 'feedbackType': 'EXERCISE_TRAINING_EFFECT_3', 'shortFeedback': 'IMPROVING_AEROBIC_BASE', 'deviceId': 3423864303, 'activityName': 'Helsinki Trail Running', 'activityType': 'trail_running', 'activityId': 19640864946, 'eventUpdateTimeGmt': '2025-07-05T15:02:03'}, {'eventType': 'ACTIVITY', 'eventStartTimeGmt': '2025-07-05T15:33:40', 'timezoneOffset': 10800000, 'durationInMilliseconds': 1920000, 'bodyBatteryImpact': -6, 'feedbackType': 'EXERCISE_TRAINING_EFFECT_3', 'shortFeedback': 'IMPROVING_AEROBIC_BASE', 'deviceId': 3423864303, 'activityName': 'Yoga', 'activityType': 'yoga', 'activityId': 19641782278, 'eventUpdateTimeGmt': '2025-07-05T15:19:05'}]",15.0,41.0,6.0,13.0,2025-07-05T21:00:00.0,200,2025-07-05
5652846,2811.0,773.0,2038.0,2811.0,,,3273.0,12660,2500,11003,11003,773.0,3273.0,5652846,2025-07-06,"{'typeId': 4, 'typeKey': 'groups'}",6bb37dba6c92457196c389d3a56c50bb,1500,2025-07-05T21:00:00.0,2025-07-06T00:00:00.0,2025-07-06T21:00:00.0,2025-07-07T00:00:00.0,86400000,,4940,2633,52528,26299,True,True,False,False,38,12,244.451,251.014,80.20046,82.35367,150,10,51,170,56,57,GARMIN,21,94,15120,50880,12120,7260,85380,11820,2160,1140.0,17.71,59.59,14.2,8.5,13.84,2.53,1.34,CALM,52620,25500,,52,169,80,59,85,10,32,74.0,84.0,3.0,,,,,,,44.0,130.0,"{'eventTimestampGmt': '2025-07-06T20:25:00', 'bodyBatteryLevel': 'HIGH', 'feedbackShortType': 'SLEEP_PREPARATION_RECOVERING_AND_INTENSIVE_EXERCISE', 'feedbackLongType': 'SLEEP_PREPARATION_RECOVERING_AND_INTENSIVE_EXERCISE'}","{'eventTimestampGmt': '2025-07-05T23:57:28', 'bodyBatteryLevel': 'HIGH', 'feedbackShortType': 'SLEEP_TIME_PASSED_STRESSFUL_AND_INACTIVE', 'feedbackLongType': 'SLEEP_TIME_PASSED_STRESSFUL_AND_INACTIVE'}","[{'eventType': 'RECOVERY', 'eventStartTimeGmt': '2025-07-05T20:57:44', 'timezoneOffset': 10800000, 'durationInMilliseconds': 780000, 'bodyBatteryImpact': 1, 'feedbackType': 'RECOVERY_EVENING', 'shortFeedback': 'RESTFUL_PERIOD', 'deviceId': 3423864303, 'activityName': None, 'activityType': None, 'activityId': None, 'eventUpdateTimeGmt': '2025-07-05T21:22:25'}, {'eventType': 'SLEEP', 'eventStartTimeGmt': '2025-07-05T22:21:09', 'timezoneOffset': 10800000, 'durationInMilliseconds': 25680000, 'bodyBatteryImpact': 74, 'feedbackType': 'NONE', 'shortFeedback': 'NONE', 'deviceId': 3423864303, 'activityName': None, 'activityType': None, 'activityId': None, 'eventUpdateTimeGmt': '2025-07-06T05:39:47'}, {'eventType': 'RECOVERY', 'eventStartTimeGmt': '2025-07-06T07:28:02', 'timezoneOffset': 10800000, 'durationInMilliseconds': 1020000, 'bodyBatteryImpact': 1, 'feedbackType': 'RECOVERY_BODY_BATTERY_INCREASE', 'shortFeedback': 'BODY_BATTERY_RECHARGE', 'deviceId': 3423864303, 'activityName': None, 'activityType': None, 'activityId': None, 'eventUpdateTimeGmt': '2025-07-06T07:48:39'}, {'eventType': 'ACTIVITY', 'eventStartTimeGmt': '2025-07-06T09:50:14', 'timezoneOffset': 10800000, 'durationInMilliseconds': 3900000, 'bodyBatteryImpact': -11, 'feedbackType': 'EXERCISE_TRAINING_EFFECT_2', 'shortFeedback': 'MAINTAINING_AEROBIC_BASE', 'deviceId': 3423864303, 'activityName': 'Helsinki Trail Running', 'activityType': 'trail_running', 'activityId': 19648197692, 'eventUpdateTimeGmt': '2025-07-06T10:56:26'}, {'eventType': 'ACTIVITY', 'eventStartTimeGmt': '2025-07-06T11:33:58', 'timezoneOffset': 10800000, 'durationInMilliseconds': 1620000, 'bodyBatteryImpact': -11, 'feedbackType': 'EXERCISE_TRAINING_EFFECT_2', 'shortFeedback': 'MAINTAINING_AEROBIC_BASE', 'deviceId': 3423864303, 'activityName': 'Yoga', 'activityType': 'yoga', 'activityId': 19648873520, 'eventUpdateTimeGmt': '2025-07-06T11:01:37'}, {'eventType': 'RECOVERY', 'eventStartTimeGmt': '2025-07-06T15:38:41', 'timezoneOffset': 10800000, 'durationInMilliseconds': 2040000, 'bodyBatteryImpact': 1, 'feedbackType': 'RECOVERY_BODY_BATTERY_INCREASE', 'shortFeedback': 'BODY_BATTERY_RECHARGE', 'deviceId': 3423864303, 'activityName': None, 'activityType': None, 'activityId': None, 'eventUpdateTimeGmt': '2025-07-06T16:15:45'}]",16.0,39.0,6.0,17.0,2025-07-06T21:00:00.0,200,2025-07-06
5652846,3180.0,1142.0,2038.0,3180.0,,,3642.0,14821,2500,25517,14845,1142.0,3642.0,5652846,2025-07-07,"{'typeId': 4, 'typeKey': 'groups'}",54e7e6f0a38b44c3b06919601c2b0d97,1500,2025-07-06T21:00:00.0,2025-07-07T00:00:00.0,2025-07-07T21:00:00.0,2025-07-08T00:00:00.0,86400000,,6815,4297,50118,25170,True,True,False,False,17,50,82.885,60.459,27.19324,19.83563,150,10,51,174,55,56,GARMIN,21,85,15060,50460,11520,7200,84240,12120,2520,420.0,17.88,59.9,13.68,8.55,14.39,2.99,0.5,CALM,52140,24900,,52,170,64,67,93,29,29,61.0,93.0,3.0,,,,,,,45.0,210.0,"{'eventTimestampGmt': '2025-07-07T17:50:01', 'bodyBatteryLevel': 'HIGH', 'feedbackShortType': 'SLEEP_PREPARATION_RECOVERING_AND_INTENSIVE_EXERCISE', 'feedbackLongType': 'SLEEP_PREPARATION_RECOVERING_AND_INTENSIVE_EXERCISE'}","{'eventTimestampGmt': '2025-07-07T20:53:50', 'bodyBatteryLevel': 'HIGH', 'feedbackShortType': 'SLEEP_TIME_PASSED_RECOVERING_AND_INTENSIVE_EXERCISE', 'feedbackLongType': 'SLEEP_TIME_PASSED_RECOVERING_AND_INTENSIVE_EXERCISE'}","[{'eventType': 'SLEEP', 'eventStartTimeGmt': '2025-07-06T20:49:41', 'timezoneOffset': 10800000, 'durationInMilliseconds': 25440000, 'bodyBatteryImpact': 60, 'feedbackType': 'NONE', 'shortFeedback': 'NONE', 'deviceId': 3423864303, 'activityName': None, 'activityType': None, 'activityId': None, 'eventUpdateTimeGmt': '2025-07-07T03:53:57'}, {'eventType': 'RECOVERY', 'eventStartTimeGmt': '2025-07-07T06:43:48', 'timezoneOffset': 10800000, 'durationInMilliseconds': 4320000, 'bodyBatteryImpact': 0, 'feedbackType': 'RECOVERY_LONG_BODY_BATTERY_NOT_INCREASE', 'shortFeedback': 'LONG_RESTFUL_PERIOD', 'deviceId': 3423864303, 'activityName': None, 'activityType': None, 'activityId': None, 'eventUpdateTimeGmt': '2025-07-07T07:59:16'}, {'eventType': 'ACTIVITY', 'eventStartTimeGmt': '2025-07-07T12:42:25', 'timezoneOffset': 10800000, 'durationInMilliseconds': 1860000, 'bodyBatteryImpact': -3, 'feedbackType': 'EXERCISE_TRAINING_EFFECT_BELOW_2', 'shortFeedback': 'EASY_RECOVERY', 'deviceId': 3423864303, 'activityName': 'Helsinki Walking', 'activityType': 'walking', 'activityId': 19658667205, 'eventUpdateTimeGmt': '2025-07-07T13:14:06'}, {'eventType': 'ACTIVITY', 'eventStartTimeGmt': '2025-07-07T13:49:46', 'timezoneOffset': 10800000, 'durationInMilliseconds': 3720000, 'bodyBatteryImpact': -13, 'feedbackType': 'EXERCISE_TRAINING_EFFECT_3', 'shortFeedback': 'IMPROVING_AEROBIC_ENDURANCE', 'deviceId': 3423864303, 'activityName': 'Rullahiihto Classic @kuntokihara', 'activityType': 'cross_country_skiing_ws', 'activityId': 19659747843, 'eventUpdateTimeGmt': '2025-07-07T14:53:11'}, {'eventType': 'ACTIVITY', 'eventStartTimeGmt': '2025-07-07T16:08:48', 'timezoneOffset': 10800000, 'durationInMilliseconds': 3300000, 'bodyBatteryImpact': -3, 'feedbackType': 'EXERCISE_TRAINING_EFFECT_BELOW_2', 'shortFeedback': 'EASY_RECOVERY', 'deviceId': 3423864303, 'activityName': 'Yoga', 'activityType': 'yoga', 'activityId': 19661031937, 'eventUpdateTimeGmt': '2025-07-07T15:55:59'}]",15.0,41.0,6.0,18.0,2025-07-07T21:00:00.0,200,2025-07-07
5652846,2510.0,472.0,2038.0,2510.0,,,2972.0,10512,2500,9033,9033,472.0,2972.0,5652846,2025-07-08,"{'typeId': 4, 'typeKey': 'groups'}",847e62d91c2645699fc326e625f7e894,1500,2025-07-07T21:00:00.0,2025-07-08T00:00:00.0,2025-07-08T21:00:00.0,2025-07-09T00:00:00.0,86400000,,5186,1791,53912,25511,True,True,False,False,0,0,38.761,49.464,12.71686,16.22835,150,10,52,115,56,56,GARMIN,20,98,11880,58680,12180,2520,85260,10200,1380,300.0,13.93,68.82,14.29,2.96,11.96,1.62,0.35,CALM,57300,25440,,54,107,62,51,86,29,40,56.0,85.0,3.0,,,,,,,43.0,72.0,"{'eventTimestampGmt': '2025-07-08T17:50:00', 'bodyBatteryLevel': 'HIGH', 'feedbackShortType': 'SLEEP_PREPARATION_RECOVERING_AND_EXERCISE', 'feedbackLongType': 'SLEEP_PREPARATION_RECOVERING_AND_EXERCISE'}",,"[{'eventType': 'SLEEP', 'eventStartTimeGmt': '2025-07-07T20:54:11', 'timezoneOffset': 10800000, 'durationInMilliseconds': 25860000, 'bodyBatteryImpact': 56, 'feedbackType': 'NONE', 'shortFeedback': 'NONE', 'deviceId': 3423864303, 'activityName': None, 'activityType': None, 'activityId': None, 'eventUpdateTimeGmt': '2025-07-08T04:13:28'}, {'eventType': 'RECOVERY', 'eventStartTimeGmt': '2025-07-08T06:49:23', 'timezoneOffset': 10800000, 'durationInMilliseconds': 2340000, 'bodyBatteryImpact': 0, 'feedbackType': 'RECOVERY_BODY_BATTERY_NOT_INCREASE', 'shortFeedback': 'RESTFUL_PERIOD', 'deviceId': 3423864303, 'activityName': None, 'activityType': None, 'activityId': None, 'eventUpdateTimeGmt': '2025-07-08T07:32:12'}, {'eventType': 'RECOVERY', 'eventStartTimeGmt': '2025-07-08T07:42:48', 'timezoneOffset': 10800000, 'durationInMilliseconds': 2160000, 'bodyBatteryImpact': 2, 'feedbackType': 'RECOVERY_BODY_BATTERY_INCREASE', 'shortFeedback': 'BODY_BATTERY_RECHARGE', 'deviceId': 3423864303, 'activityName': None, 'activityType': None, 'activityId': None, 'eventUpdateTimeGmt': '2025-07-08T08:23:47'}, {'eventType': 'ACTIVITY', 'eventStartTimeGmt': '2025-07-08T11:43:30', 'timezoneOffset': 10800000, 'durationInMilliseconds': 4320000, 'bodyBatteryImpact': -7, 'feedbackType': 'EXERCISE_TRAINING_EFFECT_BELOW_2', 'shortFeedback': 'EASY_RECOVERY', 'deviceId': 3423864303, 'activityName': 'Helsinki Walking', 'activityType': 'walking', 'activityId': 19668815977, 'eventUpdateTimeGmt': '2025-07-08T12:56:29'}, {'eventType': 'RECOVERY', 'eventStartTimeGmt': '2025-07-08T14:55:19', 'timezoneOffset': 10800000, 'durationInMilliseconds': 3240000, 'bodyBatteryImpact': 3, 'feedbackType': 'RECOVERY_BODY_BATTERY_INCREASE', 'shortFeedback': 'BODY_BATTERY_RECHARGE', 'deviceId': 3423864303, 'activityName': None, 'activityType': None, 'activityId': None, 'eventUpdateTimeGmt': '2025-07-08T15:51:28'}]",14.0,23.0,6.0,11.0,2025-07-08T21:00:00.0,200,2025-07-08
5652846,3172.0,1134.0,2038.0,3172.0,,,3634.0,9288,2500,27144,7724,1134.0,3634.0,5652846,2025-07-09,"{'typeId': 4, 'typeKey': 'groups'}",5e44079e251a4743b17c29d41d11a9c6,1500,2025-07-08T21:00:00.0,2025-07-09T00:00:00.0,2025-07-09T21:00:00.0,2025-07-10T00:00:00.0,86400000,,4019,3809,50365,28207,True,True,False,False,60,0,38.381,57.352,12.59219,18.81627,150,10,53,147,56,56,GARMIN,31,99,27240,35940,15960,5700,84840,16440,7200,3600.0,32.11,42.36,18.81,6.72,19.38,8.49,4.24,BALANCED,54540,24600,,53,137,45,72,82,10,12,42.0,81.0,3.0,,,,,,,40.0,115.0,"{'eventTimestampGmt': '2025-07-09T17:50:01', 'bodyBatteryLevel': 'LOW', 'feedbackShortType': 'SLEEP_PREPARATION_BALANCED_AND_INTENSIVE_EXERCISE', 'feedbackLongType': 'SLEEP_PREPARATION_BALANCED_AND_INTENSIVE_EXERCISE_AND_BB_LOW'}","{'eventTimestampGmt': '2025-07-08T21:05:24', 'bodyBatteryLevel': 'HIGH', 'feedbackShortType': 'SLEEP_TIME_PASSED_RECOVERING_AND_EXERCISE', 'feedbackLongType': 'SLEEP_TIME_PASSED_RECOVERING_AND_EXERCISE'}","[{'eventType': 'SLEEP', 'eventStartTimeGmt': '2025-07-08T21:10:29', 'timezoneOffset': 10800000, 'durationInMilliseconds': 24900000, 'bodyBatteryImpact': 42, 'feedbackType': 'NONE', 'shortFeedback': 'NONE', 'deviceId': 3423864303, 'activityName': None, 'activityType': None, 'activityId': None, 'eventUpdateTimeGmt': '2025-07-09T04:18:29'}, {'eventType': 'ACTIVITY', 'eventStartTimeGmt': '2025-07-09T11:00:26', 'timezoneOffset': 10800000, 'durationInMilliseconds': 1680000, 'bodyBatteryImpact': -4, 'feedbackType': 'EXERCISE_TRAINING_EFFECT_2', 'shortFeedback': 'EASY_AEROBIC', 'deviceId': 3423864303, 'activityName': None, 'activityType': None, 'activityId': None, 'eventUpdateTimeGmt': '2025-07-09T11:29:34'}, {'eventType': 'ACTIVITY', 'eventStartTimeGmt': '2025-07-09T14:14:38', 'timezoneOffset': 10800000, 'durationInMilliseconds': 1980000, 'bodyBatteryImpact': -4, 'feedbackType': 'EXERCISE_TRAINING_EFFECT_2', 'shortFeedback': 'EASY_AEROBIC', 'deviceId': 3423864303, 'activityName': 'Uusimaa Cycling', 'activityType': 'cycling', 'activityId': 19680346364, 'eventUpdateTimeGmt': '2025-07-09T14:49:02'}, {'eventType': 'ACTIVITY', 'eventStartTimeGmt': '2025-07-09T16:19:33', 'timezoneOffset': 10800000, 'durationInMilliseconds': 1200000, 'bodyBatteryImpact': -2, 'feedbackType': 'NONE', 'shortFeedback': 'NONE', 'deviceId': 3423864303, 'activityName': 'Yoga', 'activityType': 'yoga', 'activityId': 19681476656, 'eventUpdateTimeGmt': '2025-07-09T16:39:53'}]",14.0,23.0,7.0,20.0,2025-07-09T21:00:00.0,200,2025-07-09
5652846,2276.0,238.0,2038.0,2276.0,,,2738.0,8901,2500,7426,7426,238.0,2738.0,5652846,2025-07-10,"{'typeId': 4, 'typeKey': 'groups'}",b3ac798457a143449d991c3077be8950,1500,2025-07-09T21:00:00.0,2025-07-10T00:00:00.0,2025-07-10T21:00:00.0,2025-07-11T00:00:00.0,86400000,,3446,3299,57764,21891,True,False,False,False,0,0,34.235,44.786,11.23196,14.69357,150,10,50,108,56,56,GARMIN,21,89,14700,49080,18000,1680,83460,11940,2580,180.0,17.61,58.81,21.57,2.01,14.31,3.09,0.22,CALM,60780,21000,,53,108,70,54,75,12,28,62.0,72.0,3.0,,,,,,,62.0,,"{'eventTimestampGmt': '2025-07-10T17:50:00', 'bodyBatteryLevel': 'HIGH', 'feedbackShortType': 'SLEEP_PREPARATION_RECOVERING_AND_INACTIVE', 'feedbackLongType': 'SLEEP_PREPARATION_RECOVERING_AND_INACTIVE'}","{'eventTimestampGmt': '2025-07-10T20:08:05', 'bodyBatteryLevel': 'HIGH', 'feedbackShortType': 'SLEEP_TIME_PASSED_RECOVERING_AND_INACTIVE', 'feedbackLongType': 'SLEEP_TIME_PASSED_RECOVERING_AND_INACTIVE'}","[{'eventType': 'SLEEP', 'eventStartTimeGmt': '2025-07-09T20:04:53', 'timezoneOffset': 10800000, 'durationInMilliseconds': 25140000, 'bodyBatteryImpact': 62, 'feedbackType': 'NONE', 'shortFeedback': 'NONE', 'deviceId': 3423864303, 'activityName': None, 'activityType': None, 'activityId': None, 'eventUpdateTimeGmt': '2025-07-10T03:04:51'}, {'eventType': 'RECOVERY', 'eventStartTimeGmt': '2025-07-10T06:05:21', 'timezoneOffset': 10800000, 'durationInMilliseconds': 1860000, 'bodyBatteryImpact': 2, 'feedbackType': 'RECOVERY_BODY_BATTERY_INCREASE', 'shortFeedback': 'BODY_BATTERY_RECHARGE', 'deviceId': 3423864303, 'activityName': None, 'activityType': None, 'activityId': None, 'eventUpdateTimeGmt': '2025-07-10T06:39:25'}]",14.0,24.0,6.0,11.0,2025-07-10T21:00:00.0,200,2025-07-10
5652846,2367.0,329.0,2038.0,2367.0,,,2829.0,10531,2500,8700,8700,329.0,2829.0,5652846,2025-07-11,"{'typeId': 4, 'typeKey': 'groups'}",2c93a96b2f8c489e8d702704634dffb6,1500,2025-07-10T21:00:00.0,2025-07-11T00:00:00.0,2025-07-11T21:00:00.0,2025-07-12T00:00:00.0,86400000,,2017,6857,50008,27518,True,False,False,False,0,0,32.407,51.351,10.63222,16.84744,150,10,49,110,56,56,GARMIN,23,93,18060,45960,18780,1980,84780,14700,2460,900.0,21.3,54.21,22.15,2.34,17.34,2.9,1.06,BALANCED,57180,25620,,52,108,60,65,78,19,22,50.0,78.0,3.0,,,,,,,71.0,,"{'eventTimestampGmt': '2025-07-11T18:13:13', 'bodyBatteryLevel': 'MODERATE', 'feedbackShortType': 'SLEEP_PREPARATION_RECOVERING_AND_INACTIVE', 'feedbackLongType': 'SLEEP_PREPARATION_RECOVERING_AND_INACTIVE'}",,"[{'eventType': 'SLEEP', 'eventStartTimeGmt': '2025-07-10T21:25:51', 'timezoneOffset': 10800000, 'durationInMilliseconds': 25680000, 'bodyBatteryImpact': 50, 'feedbackType': 'NONE', 'shortFeedback': 'NONE', 'deviceId': 3423864303, 'activityName': None, 'activityType': None, 'activityId': None, 'eventUpdateTimeGmt': '2025-07-11T05:06:22'}, {'eventType': 'RECOVERY', 'eventStartTimeGmt': '2025-07-11T07:22:47', 'timezoneOffset': 10800000, 'durationInMilliseconds': 2160000, 'bodyBatteryImpact': 0, 'feedbackType': 'RECOVERY_BODY_BATTERY_NOT_INCREASE', 'shortFeedback': 'RESTFUL_PERIOD', 'deviceId': 3423864303, 'activityName': None, 'activityType': None, 'activityId': None, 'eventUpdateTimeGmt': '2025-07-11T08:02:21'}, {'eventType': 'RECOVERY', 'eventStartTimeGmt': '2025-07-11T12:49:07', 'timezoneOffset': 10800000, 'durationInMilliseconds': 1980000, 'bodyBatteryImpact': 3, 'feedbackType': 'RECOVERY_BODY_BATTERY_INCREASE', 'shortFeedback': 'BODY_BATTERY_RECHARGE', 'deviceId': 3423864303, 'activityName': None, 'activityType': None, 'activityId': None, 'eventUpdateTimeGmt': '2025-07-11T13:25:15'}]",15.0,25.0,8.0,19.0,2025-07-11T21:00:00.0,200,2025-07-11
5652846,2168.0,130.0,2038.0,2168.0,,,2630.0,5388,2500,4454,4454,130.0,2630.0,5652846,2025-07-12,"{'typeId': 4, 'typeKey': 'groups'}",393cfd0ed3374761b3d95da071bbb48a,1500,2025-07-11T21:00:00.0,2025-07-12T00:00:00.0,2025-07-12T21:00:00.0,2025-07-13T00:00:00.0,86400000,,902,5268,63438,16792,True,False,False,False,0,0,14.332,14.975,4.7021,4.91306,150,10,53,102,56,56,GARMIN,25,89,26760,46920,8880,2640,85200,23220,3420,120.0,31.41,55.07,10.42,3.1,27.25,4.01,0.14,BALANCED,65880,16680,,54,101,45,48,59,14,19,38.0,57.0,3.0,,,,,,,188.0,,"{'eventTimestampGmt': '2025-07-12T16:58:07', 'bodyBatteryLevel': 'MODERATE', 'feedbackShortType': 'DAY_RECOVERING_AND_INACTIVE', 'feedbackLongType': 'DAY_RECOVERING_AND_INACTIVE'}","{'eventTimestampGmt': '2025-07-12T20:21:36', 'bodyBatteryLevel': 'MODERATE', 'feedbackShortType': 'SLEEP_TIME_PASSED_RECOVERING_AND_INACTIVE', 'feedbackLongType': 'SLEEP_TIME_PASSED_RECOVERING_AND_INACTIVE'}","[{'eventType': 'SLEEP', 'eventStartTimeGmt': '2025-07-11T20:29:22', 'timezoneOffset': 10800000, 'durationInMilliseconds': 14520000, 'bodyBatteryImpact': 39, 'feedbackType': 'NONE', 'shortFeedback': 'NONE', 'deviceId': 3423864303, 'activityName': None, 'activityType': None, 'activityId': None, 'eventUpdateTimeGmt': '2025-07-12T03:18:30'}, {'eventType': 'RECOVERY', 'eventStartTimeGmt': '2025-07-12T05:36:20', 'timezoneOffset': 10800000, 'durationInMilliseconds': 2760000, 'bodyBatteryImpact': 2, 'feedbackType': 'RECOVERY_BODY_BATTERY_INCREASE', 'shortFeedback': 'BODY_BATTERY_RECHARGE', 'deviceId': 3423864303, 'activityName': None, 'activityType': None, 'activityId': None, 'eventUpdateTimeGmt': '2025-07-12T06:25:41'}, {'eventType': 'RECOVERY', 'eventStartTimeGmt': '2025-07-12T14:44:55', 'timezoneOffset': 10800000, 'durationInMilliseconds': 3840000, 'bodyBatteryImpact': -1, 'feedbackType': 'RECOVERY_LONG_BODY_BATTERY_NOT_INCREASE', 'shortFeedback': 'LONG_RESTFUL_PERIOD', 'deviceId': 3423864303, 'activityName': None, 'activityType': None, 'activityId': None, 'eventUpdateTimeGmt': '2025-07-12T15:51:30'}]",14.0,25.0,7.0,21.0,2025-07-12T20:59:00.0,200,2025-07-12
5652846,4692.0,2654.0,2038.0,4692.0,,,5154.0,8879,2500,24085,24085,2654.0,5154.0,5652846,2025-07-13,"{'typeId': 4, 'typeKey': 'groups'}",83f0b34c6894466c8dd6c18bc55e615f,1500,2025-07-12T21:00:00.0,2025-07-13T00:00:00.0,2025-07-13T21:00:00.0,2025-07-14T00:00:00.0,86400000,,606,14455,43406,27933,True,True,False,False,384,5,725.424,355.302,238.0,116.5689,150,10,54,160,57,56,GARMIN,42,99,23640,21600,33480,4860,83580,6600,6960,10080.0,28.28,25.84,40.06,5.81,7.9,8.33,12.06,BALANCED,51720,27000,,56,160,60,72,77,5,7,63.0,77.0,3.0,1.0,,,,,,671.0,546.0,"{'eventTimestampGmt': '2025-07-13T20:23:10', 'bodyBatteryLevel': 'LOW', 'feedbackShortType': 'SLEEP_PREPARATION_NOT_STRESS_DATA_AND_INTENSIVE_EXERCISE', 'feedbackLongType': 'SLEEP_PREPARATION_NOT_STRESS_DATA_AND_HARD_EXERCISE_AND_BB_LOW'}","{'eventTimestampGmt': '2025-07-13T20:47:42', 'bodyBatteryLevel': 'LOW', 'feedbackShortType': 'SLEEP_TIME_PASSED_NOT_STRESS_DATA_AND_INTENSIVE_EXERCISE', 'feedbackLongType': 'SLEEP_TIME_PASSED_NOT_STRESS_DATA_AND_HARD_EXERCISE_AND_BB_LOW'}","[{'eventType': 'SLEEP', 'eventStartTimeGmt': '2025-07-12T19:51:30', 'timezoneOffset': 10800000, 'durationInMilliseconds': 28560000, 'bodyBatteryImpact': 63, 'feedbackType': 'NONE', 'shortFeedback': 'NONE', 'deviceId': 3423864303, 'activityName': None, 'activityType': None, 'activityId': None, 'eventUpdateTimeGmt': '2025-07-13T03:50:08'}, {'eventType': 'STRESS', 'eventStartTimeGmt': '2025-07-13T05:50:01', 'timezoneOffset': 10800000, 'durationInMilliseconds': 2040000, 'bodyBatteryImpact': -7, 'feedbackType': 'STRESS', 'shortFeedback': 'STRESSFUL_PERIOD', 'deviceId': 3423864303, 'activityName': None, 'activityType': None, 'activityId': None, 'eventUpdateTimeGmt': '2025-07-13T06:24:41'}, {'eventType': 'ACTIVITY', 'eventStartTimeGmt': '2025-07-13T06:27:45', 'timezoneOffset': 10800000, 'durationInMilliseconds': 27780000, 'bodyBatteryImpact': -31, 'feedbackType': 'EXERCISE_TRAINING_EFFECT_3', 'shortFeedback': 'IMPROVING_AEROBIC_BASE', 'deviceId': 3423864303, 'activityName': 'Enontekiö Hiking', 'activityType': 'hiking', 'activityId': 19751672183, 'eventUpdateTimeGmt': '2025-07-13T14:10:57'}]",17.0,26.0,8.0,15.0,2025-07-13T21:00:00.0,200,2025-07-13
5652846,4576.0,2538.0,2038.0,4576.0,,,5038.0,9436,2500,24991,24991,2538.0,5038.0,5652846,2025-07-14,"{'typeId': 4, 'typeKey': 'groups'}",1d0b6cbc354f4b62b401586e1fa184af,1500,2025-07-13T21:00:00.0,2025-07-14T00:00:00.0,2025-07-14T21:00:00.0,2025-07-15T00:00:00.0,86400000,,1299,13038,44052,28011,True,True,False,False,259,0,401.146,531.047,131.60958,174.22802,150,10,57,146,60,57,GARMIN,35,99,23400,19380,37200,5160,85140,14100,6000,3300.0,27.48,22.76,43.69,6.06,16.56,7.05,3.88,BALANCED,53040,26940,,58,145,40,40,45,5,7,40.0,45.0,3.0,,,,,,,787.0,565.0,"{'eventTimestampGmt': '2025-07-14T18:20:44', 'bodyBatteryLevel': 'VERY_LOW', 'feedbackShortType': 'SLEEP_PREPARATION_NOT_STRESS_DATA_AND_EXERCISE', 'feedbackLongType': 'SLEEP_PREPARATION_NOT_STRESS_DATA_AND_EXERCISE_AND_BB_LOW'}","{'eventTimestampGmt': '2025-07-14T20:48:22', 'bodyBatteryLevel': 'LOW', 'feedbackShortType': 'SLEEP_TIME_PASSED_NOT_STRESS_DATA_AND_EXERCISE', 'feedbackLongType': 'SLEEP_TIME_PASSED_NOT_STRESS_DATA_AND_EXERCISE_AND_BB_LOW'}","[{'eventType': 'SLEEP', 'eventStartTimeGmt': '2025-07-13T20:01:57', 'timezoneOffset': 10800000, 'durationInMilliseconds': 26340000, 'bodyBatteryImpact': 40, 'feedbackType': 'NONE', 'shortFeedback': 'NONE', 'deviceId': 3423864303, 'activityName': None, 'activityType': None, 'activityId': None, 'eventUpdateTimeGmt': '2025-07-14T03:20:59'}, {'eventType': 'ACTIVITY', 'eventStartTimeGmt': '2025-07-14T06:22:10', 'timezoneOffset': 10800000, 'durationInMilliseconds': 31740000, 'bodyBatteryImpact': -21, 'feedbackType': 'EXERCISE_TRAINING_EFFECT_2', 'shortFeedback': 'MAINTAINING_AEROBIC_BASE', 'deviceId': 3423864303, 'activityName': 'Enontekiö Hiking', 'activityType': 'hiking', 'activityId': 19751675299, 'eventUpdateTimeGmt': '2025-07-14T15:12:06'}]",16.0,25.0,7.0,17.0,2025-07-14T21:00:00.0,200,2025-07-14
5652846,4386.0,2348.0,2038.0,4386.0,,,4848.0,10219,2500,28860,28860,2348.0,4848.0,5652846,2025-07-15,"{'typeId': 4, 'typeKey': 'groups'}",3be962179be247ff9b6feb2748e4b1c5,1500,2025-07-14T21:00:00.0,2025-07-15T00:00:00.0,2025-07-15T21:00:00.0,2025-07-16T00:00:00.0,86400000,,841,15594,37957,32008,True,True,False,False,215,0,713.454,866.998,234.07283,284.44816,150,10,53,135,60,57,GARMIN,31,97,18300,21060,40320,6420,86100,11940,5160,1200.0,21.25,24.46,46.83,7.46,13.87,5.99,1.39,BALANCED,51300,28380,,54,133,46,37,48,7,16,43.0,48.0,3.0,,,,,,,790.0,720.0,"{'eventTimestampGmt': '2025-07-15T20:48:57', 'bodyBatteryLevel': 'MODERATE', 'feedbackShortType': 'SLEEP_PREPARATION_NOT_STRESS_DATA_AND_EXERCISE', 'feedbackLongType': 'SLEEP_PREPARATION_NOT_STRESS_DATA_AND_EXERCISE'}","{'eventTimestampGmt': '2025-07-15T00:03:21', 'bodyBatteryLevel': 'HIGH', 'feedbackShortType': 'SLEEP_TIME_PASSED_NOT_STRESS_DATA_AND_INACTIVE', 'feedbackLongType': 'SLEEP_TIME_PASSED_NOT_STRESS_DATA_AND_INACTIVE'}","[{'eventType': 'SLEEP', 'eventStartTimeGmt': '2025-07-14T19:34:06', 'timezoneOffset': 10800000, 'durationInMilliseconds': 31860000, 'bodyBatteryImpact': 43, 'feedbackType': 'NONE', 'shortFeedback': 'NONE', 'deviceId': 3423864303, 'activityName': None, 'activityType': None, 'activityId': None, 'eventUpdateTimeGmt': '2025-07-15T04:32:21'}, {'eventType': 'ACTIVITY', 'eventStartTimeGmt': '2025-07-15T06:10:08', 'timezoneOffset': 10800000, 'durationInMilliseconds': 36480000, 'bodyBatteryImpact': -21, 'feedbackType': 'EXERCISE_TRAINING_EFFECT_BELOW_2', 'shortFeedback': 'EASY_AEROBIC_BASE', 'deviceId': 3423864303, 'activityName': 'Enontekiö Hiking', 'activityType': 'hiking', 'activityId': 19758035196, 'eventUpdateTimeGmt': '2025-07-15T16:18:38'}]",15.0,23.0,8.0,20.0,2025-07-15T21:00:00.0,200,2025-07-15
5652846,3816.0,1778.0,2038.0,3816.0,,,4278.0,10427,2500,25502,25502,1778.0,4278.0,5652846,2025-07-16,"{'typeId': 4, 'typeKey': 'groups'}",cb10e86f5b4042b2b3ad1935d07fdefe,1500,2025-07-15T21:00:00.0,2025-07-16T00:00:00.0,2025-07-16T21:00:00.0,2025-07-17T00:00:00.0,86400000,,1247,16407,34979,33767,True,True,False,False,36,0,1027.176,960.131,337.0,315.00361,150,10,57,131,61,58,GARMIN,27,93,18120,25440,35520,6480,85560,14640,2940,540.0,21.18,29.73,41.51,7.57,17.11,3.44,0.63,BALANCED,47580,31500,,59,131,55,41,61,16,30,48.0,60.0,3.0,,,,,,,708.0,587.0,"{'eventTimestampGmt': '2025-07-16T20:22:04', 'bodyBatteryLevel': 'HIGH', 'feedbackShortType': 'SLEEP_PREPARATION_NOT_STRESS_DATA_AND_EXERCISE', 'feedbackLongType': 'SLEEP_PREPARATION_NOT_STRESS_DATA_AND_EXERCISE'}","{'eventTimestampGmt': '2025-07-15T22:04:04', 'bodyBatteryLevel': 'HIGH', 'feedbackShortType': 'SLEEP_TIME_PASSED_NOT_STRESS_DATA_AND_EXERCISE', 'feedbackLongType': 'SLEEP_TIME_PASSED_NOT_STRESS_DATA_AND_EXERCISE'}","[{'eventType': 'SLEEP', 'eventStartTimeGmt': '2025-07-15T19:31:38', 'timezoneOffset': 10800000, 'durationInMilliseconds': 30900000, 'bodyBatteryImpact': 48, 'feedbackType': 'NONE', 'shortFeedback': 'NONE', 'deviceId': 3423864303, 'activityName': None, 'activityType': None, 'activityId': None, 'eventUpdateTimeGmt': '2025-07-16T04:08:23'}, {'eventType': 'ACTIVITY', 'eventStartTimeGmt': '2025-07-16T06:03:33', 'timezoneOffset': 10800000, 'durationInMilliseconds': 33540000, 'bodyBatteryImpact': -22, 'feedbackType': 'EXERCISE_TRAINING_EFFECT_BELOW_2', 'shortFeedback': 'EASY_AEROBIC', 'deviceId': 3423864303, 'activityName': 'Enontekiö Hiking', 'activityType': 'hiking', 'activityId': 19758037239, 'eventUpdateTimeGmt': '2025-07-16T15:24:51'}]",15.0,23.0,8.0,17.0,2025-07-16T21:00:00.0,200,2025-07-16
5652846,3137.0,1015.0,2122.0,3137.0,,,3515.0,8480,2500,16993,16993,1015.0,3515.0,5652846,2025-07-17,"{'typeId': 4, 'typeKey': 'groups'}",dd47d6c417ba4c999ae821522bcdbbd7,1500,2025-07-16T21:00:00.0,2025-07-17T00:00:00.0,2025-07-17T22:00:00.0,2025-07-18T00:00:00.0,90000000,,1349,11539,48607,28505,True,True,False,False,11,0,166.918,352.453,54.76312,115.63419,150,10,51,139,55,58,GARMIN,30,93,22020,36480,28080,2040,88620,8520,9180,4320.0,24.85,41.16,31.69,2.3,9.61,10.36,4.87,BALANCED,58500,28080,,51,134,68,74,92,18,24,72.0,92.0,3.0,,,,,,,391.0,308.0,"{'eventTimestampGmt': '2025-07-17T18:50:01', 'bodyBatteryLevel': 'MODERATE', 'feedbackShortType': 'SLEEP_PREPARATION_STRESSFUL_AND_EXERCISE', 'feedbackLongType': 'SLEEP_PREPARATION_STRESSFUL_AND_EXERCISE'}","{'eventTimestampGmt': '2025-07-17T21:05:07', 'bodyBatteryLevel': 'MODERATE', 'feedbackShortType': 'SLEEP_TIME_PASSED_STRESSFUL_AND_EXERCISE', 'feedbackLongType': 'SLEEP_TIME_PASSED_STRESSFUL_AND_EXERCISE'}","[{'eventType': 'SLEEP', 'eventStartTimeGmt': '2025-07-16T18:43:51', 'timezoneOffset': 10800000, 'durationInMilliseconds': 33660000, 'bodyBatteryImpact': 72, 'feedbackType': 'NONE', 'shortFeedback': 'NONE', 'deviceId': 3423864303, 'activityName': None, 'activityType': None, 'activityId': None, 'eventUpdateTimeGmt': '2025-07-17T04:52:37'}, {'eventType': 'ACTIVITY', 'eventStartTimeGmt': '2025-07-17T06:10:07', 'timezoneOffset': 10800000, 'durationInMilliseconds': 13980000, 'bodyBatteryImpact': -19, 'feedbackType': 'EXERCISE_TRAINING_EFFECT_BELOW_2', 'shortFeedback': 'EASY_AEROBIC', 'deviceId': 3423864303, 'activityName': 'Enontekiö Hiking', 'activityType': 'hiking', 'activityId': 19761055567, 'eventUpdateTimeGmt': '2025-07-17T10:03:47'}]",15.0,23.0,7.0,13.0,2025-07-17T22:00:00.0,200,2025-07-17
5652846,2474.0,436.0,2038.0,2474.0,,,2936.0,10929,2500,9186,9186,436.0,2936.0,5652846,2025-07-18,"{'typeId': 4, 'typeKey': 'groups'}",3db88b9526fa44d8a66b20cf295bc09f,1500,2025-07-17T22:00:00.0,2025-07-18T00:00:00.0,2025-07-18T22:00:00.0,2025-07-19T00:00:00.0,86400000,,1093,11101,44150,30056,True,True,False,False,0,0,80.576,80.342,26.4357,26.35892,150,10,49,116,52,57,GARMIN,25,90,25080,34980,18480,7380,85920,19620,4620,840.0,29.19,40.71,21.51,8.59,22.84,5.38,0.98,BALANCED,54300,24240,,50,115,80,70,89,19,34,69.0,89.0,3.0,,,,,,,121.0,86.0,"{'eventTimestampGmt': '2025-07-18T21:07:01', 'bodyBatteryLevel': 'HIGH', 'feedbackShortType': 'SLEEP_PREPARATION_BALANCED_AND_EXERCISE', 'feedbackLongType': 'SLEEP_PREPARATION_BALANCED_AND_EXERCISE'}","{'eventTimestampGmt': '2025-07-18T21:45:57', 'bodyBatteryLevel': 'HIGH', 'feedbackShortType': 'SLEEP_TIME_PASSED_BALANCED_AND_EXERCISE', 'feedbackLongType': 'SLEEP_TIME_PASSED_BALANCED_AND_EXERCISE'}","[{'eventType': 'SLEEP', 'eventStartTimeGmt': '2025-07-17T21:09:46', 'timezoneOffset': 7200000, 'durationInMilliseconds': 27360000, 'bodyBatteryImpact': 69, 'feedbackType': 'NONE', 'shortFeedback': 'NONE', 'deviceId': 3423864303, 'activityName': None, 'activityType': None, 'activityId': None, 'eventUpdateTimeGmt': '2025-07-18T04:46:44'}, {'eventType': 'STRESS', 'eventStartTimeGmt': '2025-07-18T06:45:19', 'timezoneOffset': 7200000, 'durationInMilliseconds': 2040000, 'bodyBatteryImpact': -7, 'feedbackType': 'STRESS', 'shortFeedback': 'STRESSFUL_PERIOD', 'deviceId': 3423864303, 'activityName': None, 'activityType': None, 'activityId': None, 'eventUpdateTimeGmt': '2025-07-18T07:22:25'}, {'eventType': 'ACTIVITY', 'eventStartTimeGmt': '2025-07-18T08:11:01', 'timezoneOffset': 7200000, 'durationInMilliseconds': 4200000, 'bodyBatteryImpact': -6, 'feedbackType': 'EXERCISE_TRAINING_EFFECT_BELOW_2', 'shortFeedback': 'EASY_RECOVERY', 'deviceId': 3423864303, 'activityName': 'Kåfjord Walking', 'activityType': 'walking', 'activityId': 19769901611, 'eventUpdateTimeGmt': '2025-07-18T09:21:50'}]",15.0,23.0,7.0,12.0,2025-07-18T21:57:00.0,200,2025-07-18
5652846,2898.0,860.0,2038.0,2898.0,,,3360.0,7932,2500,16178,16178,860.0,3360.0,5652846,2025-07-19,"{'typeId': 4, 'typeKey': 'groups'}",0dd67ccdd3e6464a98511ce6dfa833eb,1500,2025-07-18T22:00:00.0,2025-07-19T00:00:00.0,2025-07-19T22:00:00.0,2025-07-20T00:00:00.0,86400000,,1303,10704,44101,30292,True,True,False,False,15,0,379.846,371.84,124.62139,121.99475,150,10,50,142,53,57,GARMIN,23,83,20700,39900,22740,900,84240,14760,4980,960.0,24.57,47.36,26.99,1.07,17.52,5.91,1.14,BALANCED,53340,30000,,50,139,86,74,100,31,46,81.0,100.0,3.0,,,,,,,151.0,270.0,"{'eventTimestampGmt': '2025-07-19T18:50:01', 'bodyBatteryLevel': 'HIGH', 'feedbackShortType': 'SLEEP_PREPARATION_BALANCED_AND_EXERCISE', 'feedbackLongType': 'SLEEP_PREPARATION_BALANCED_AND_EXERCISE'}","{'eventTimestampGmt': '2025-07-19T21:50:20', 'bodyBatteryLevel': 'HIGH', 'feedbackShortType': 'SLEEP_TIME_PASSED_BALANCED_AND_EXERCISE', 'feedbackLongType': 'SLEEP_TIME_PASSED_BALANCED_AND_EXERCISE'}","[{'eventType': 'SLEEP', 'eventStartTimeGmt': '2025-07-18T20:24:50', 'timezoneOffset': 7200000, 'durationInMilliseconds': 30300000, 'bodyBatteryImpact': 81, 'feedbackType': 'NONE', 'shortFeedback': 'NONE', 'deviceId': 3423864303, 'activityName': None, 'activityType': None, 'activityId': None, 'eventUpdateTimeGmt': '2025-07-19T04:50:07'}, {'eventType': 'ACTIVITY', 'eventStartTimeGmt': '2025-07-19T07:07:11', 'timezoneOffset': 7200000, 'durationInMilliseconds': 12420000, 'bodyBatteryImpact': -19, 'feedbackType': 'EXERCISE_TRAINING_EFFECT_BELOW_2', 'shortFeedback': 'EASY_AEROBIC_BASE', 'deviceId': 3423864303, 'activityName': 'Alta Trail Running', 'activityType': 'trail_running', 'activityId': 19781955206, 'eventUpdateTimeGmt': '2025-07-19T10:35:16'}]",14.0,23.0,6.0,17.0,2025-07-19T22:00:00.0,200,2025-07-19
5652846,3220.0,1182.0,2038.0,3220.0,,,3682.0,9603,2500,22337,22337,1182.0,3682.0,5652846,2025-07-20,"{'typeId': 4, 'typeKey': 'groups'}",38ab384e9f3444c2b1daed3665103f9a,1500,2025-07-19T22:00:00.0,2025-07-20T00:00:00.0,2025-07-20T22:00:00.0,2025-07-21T00:00:00.0,86400000,,1705,12710,44465,27520,True,True,False,False,40,0,493.897,488.066,162.0397,160.12664,150,10,51,151,56,57,GARMIN,39,89,30900,24420,25860,2820,84000,11580,12420,6900.0,36.79,29.07,30.79,3.36,13.79,14.79,8.21,STRESSFUL,57720,23460,,54,150,47,80,91,11,13,60.0,91.0,3.0,,,,,,,68.0,325.0,"{'eventTimestampGmt': '2025-07-20T18:50:00', 'bodyBatteryLevel': 'LOW', 'feedbackShortType': 'SLEEP_PREPARATION_STRESSFUL_AND_EXERCISE', 'feedbackLongType': 'SLEEP_PREPARATION_STRESSFUL_AND_EXERCISE_AND_BB_LOW'}","{'eventTimestampGmt': '2025-07-20T21:42:27', 'bodyBatteryLevel': 'LOW', 'feedbackShortType': 'SLEEP_TIME_PASSED_STRESSFUL_AND_EXERCISE', 'feedbackLongType': 'SLEEP_TIME_PASSED_STRESSFUL_AND_EXERCISE_AND_BB_LOW'}","[{'eventType': 'SLEEP', 'eventStartTimeGmt': '2025-07-19T20:25:15', 'timezoneOffset': 7200000, 'durationInMilliseconds': 29820000, 'bodyBatteryImpact': 60, 'feedbackType': 'NONE', 'shortFeedback': 'NONE', 'deviceId': 3423864303, 'activityName': None, 'activityType': None, 'activityId': None, 'eventUpdateTimeGmt': '2025-07-20T04:42:26'}, {'eventType': 'ACTIVITY', 'eventStartTimeGmt': '2025-07-20T07:29:34', 'timezoneOffset': 7200000, 'durationInMilliseconds': 15900000, 'bodyBatteryImpact': -20, 'feedbackType': 'EXERCISE_TRAINING_EFFECT_2', 'shortFeedback': 'MAINTAINING_AEROBIC_BASE', 'deviceId': 3423864303, 'activityName': None, 'activityType': None, 'activityId': None, 'eventUpdateTimeGmt': '2025-07-20T11:57:35'}]",15.0,24.0,8.0,17.0,2025-07-20T22:00:00.0,200,2025-07-20
5652846,2601.0,563.0,2038.0,2601.0,,,3063.0,12071,2500,10274,10274,563.0,3063.0,5652846,2025-07-21,"{'typeId': 4, 'typeKey': 'groups'}",5d80528eeb6a403397ebd609d2bc46a8,1500,2025-07-20T22:00:00.0,2025-07-21T00:00:00.0,2025-07-21T22:00:00.0,2025-07-22T00:00:00.0,86400000,,1296,12965,46124,26015,True,True,False,False,14,0,271.931,268.33,89.21621,88.03478,150,10,52,143,56,56,GARMIN,28,96,27420,33540,18360,4080,83400,21480,5640,300.0,32.88,40.22,22.01,4.89,25.76,6.76,0.36,BALANCED,53400,25920,,53,138,56,47,69,13,22,58.0,69.0,3.0,,,,,,,25.0,147.0,"{'eventTimestampGmt': '2025-07-21T18:50:01', 'bodyBatteryLevel': 'MODERATE', 'feedbackShortType': 'SLEEP_PREPARATION_BALANCED_AND_EXERCISE', 'feedbackLongType': 'SLEEP_PREPARATION_BALANCED_AND_EXERCISE'}","{'eventTimestampGmt': '2025-07-21T00:03:52', 'bodyBatteryLevel': 'HIGH', 'feedbackShortType': 'SLEEP_TIME_PASSED_STRESSFUL_AND_EXERCISE', 'feedbackLongType': 'SLEEP_TIME_PASSED_STRESSFUL_AND_EXERCISE'}","[{'eventType': 'SLEEP', 'eventStartTimeGmt': '2025-07-20T21:03:35', 'timezoneOffset': 7200000, 'durationInMilliseconds': 29400000, 'bodyBatteryImpact': 58, 'feedbackType': 'NONE', 'shortFeedback': 'NONE', 'deviceId': 3423864303, 'activityName': None, 'activityType': None, 'activityId': None, 'eventUpdateTimeGmt': '2025-07-21T05:20:06'}, {'eventType': 'ACTIVITY', 'eventStartTimeGmt': '2025-07-21T07:57:48', 'timezoneOffset': 7200000, 'durationInMilliseconds': 9780000, 'bodyBatteryImpact': -8, 'feedbackType': 'EXERCISE_TRAINING_EFFECT_BELOW_2', 'shortFeedback': 'EASY_RECOVERY', 'deviceId': 3423864303, 'activityName': 'Tana Walking', 'activityType': 'walking', 'activityId': 19800655983, 'eventUpdateTimeGmt': '2025-07-21T10:41:25'}, {'eventType': 'RECOVERY', 'eventStartTimeGmt': '2025-07-21T15:35:15', 'timezoneOffset': 7200000, 'durationInMilliseconds': 2760000, 'bodyBatteryImpact': 0, 'feedbackType': 'RECOVERY_BODY_BATTERY_NOT_INCREASE', 'shortFeedback': 'RESTFUL_PERIOD', 'deviceId': 3423864303, 'activityName': None, 'activityType': None, 'activityId': None, 'eventUpdateTimeGmt': '2025-07-21T16:26:10'}]",15.0,25.0,6.0,17.0,2025-07-21T22:00:00.0,200,2025-07-21
5652846,2729.0,691.0,2038.0,2729.0,,,3191.0,10598,2500,14231,14231,691.0,3191.0,5652846,2025-07-22,"{'typeId': 4, 'typeKey': 'groups'}",1e228f1bd8db4b1ebf88515ccf955911,1500,2025-07-21T22:00:00.0,2025-07-22T00:00:00.0,2025-07-22T22:00:00.0,2025-07-23T00:00:00.0,86400000,,845,11182,45031,29342,True,True,False,False,19,0,256.933,263.166,84.2956,86.34055,150,10,51,140,54,55,GARMIN,25,81,26880,37740,19020,1740,85380,20400,5880,600.0,31.48,44.2,22.28,2.04,23.89,6.89,0.7,BALANCED,54360,29280,,52,132,77,69,96,22,30,73.0,96.0,3.0,,,,,,,35.0,141.0,"{'eventTimestampGmt': '2025-07-22T18:50:00', 'bodyBatteryLevel': 'HIGH', 'feedbackShortType': 'SLEEP_PREPARATION_BALANCED_AND_EXERCISE', 'feedbackLongType': 'SLEEP_PREPARATION_BALANCED_AND_EXERCISE'}","{'eventTimestampGmt': '2025-07-21T22:53:42', 'bodyBatteryLevel': 'HIGH', 'feedbackShortType': 'SLEEP_TIME_PASSED_BALANCED_AND_EXERCISE', 'feedbackLongType': 'SLEEP_TIME_PASSED_BALANCED_AND_EXERCISE'}","[{'eventType': 'SLEEP', 'eventStartTimeGmt': '2025-07-21T22:30:25', 'timezoneOffset': 7200000, 'durationInMilliseconds': 25140000, 'bodyBatteryImpact': 73, 'feedbackType': 'NONE', 'shortFeedback': 'NONE', 'deviceId': 3423864303, 'activityName': None, 'activityType': None, 'activityId': None, 'eventUpdateTimeGmt': '2025-07-22T05:30:06'}, {'eventType': 'ACTIVITY', 'eventStartTimeGmt': '2025-07-22T07:27:59', 'timezoneOffset': 7200000, 'durationInMilliseconds': 8940000, 'bodyBatteryImpact': -16, 'feedbackType': 'EXERCISE_TRAINING_EFFECT_BELOW_2', 'shortFeedback': 'EASY_RECOVERY', 'deviceId': 3423864303, 'activityName': 'Berlevåg Walking', 'activityType': 'walking', 'activityId': 19810546208, 'eventUpdateTimeGmt': '2025-07-22T09:58:39'}]",15.0,24.0,8.0,17.0,2025-07-22T21:59:00.0,200,2025-07-22
5652846,2344.0,391.0,1953.0,2344.0,,,2891.0,7972,2500,7167,7167,391.0,2891.0,5652846,2025-07-23,"{'typeId': 4, 'typeKey': 'groups'}",75c320d12a7b4b2fafe237d64f86af70,1500,2025-07-22T22:00:00.0,2025-07-23T00:00:00.0,2025-07-23T21:00:00.0,2025-07-24T00:00:00.0,82800000,,1659,9092,49330,22719,True,True,False,False,0,0,112.002,118.277,36.74606,38.80479,150,10,49,119,57,55,GARMIN,33,95,35940,29040,14160,2460,81600,24840,9660,1440.0,44.04,35.59,17.35,3.01,30.44,11.84,1.76,STRESSFUL,58020,21120,,52,112,45,56,72,19,19,44.0,71.0,3.0,,,,,,,77.0,114.0,"{'eventTimestampGmt': '2025-07-23T20:11:41', 'bodyBatteryLevel': 'MODERATE', 'feedbackShortType': 'SLEEP_PREPARATION_BALANCED_AND_EXERCISE', 'feedbackLongType': 'SLEEP_PREPARATION_BALANCED_AND_EXERCISE'}","{'eventTimestampGmt': '2025-07-22T22:15:14', 'bodyBatteryLevel': 'HIGH', 'feedbackShortType': 'SLEEP_TIME_PASSED_BALANCED_AND_EXERCISE', 'feedbackLongType': 'SLEEP_TIME_PASSED_BALANCED_AND_EXERCISE'}","[{'eventType': 'SLEEP', 'eventStartTimeGmt': '2025-07-22T20:50:39', 'timezoneOffset': 7200000, 'durationInMilliseconds': 26880000, 'bodyBatteryImpact': 44, 'feedbackType': 'NONE', 'shortFeedback': 'NONE', 'deviceId': 3423864303, 'activityName': None, 'activityType': None, 'activityId': None, 'eventUpdateTimeGmt': '2025-07-23T04:21:25'}, {'eventType': 'ACTIVITY', 'eventStartTimeGmt': '2025-07-23T08:31:46', 'timezoneOffset': 7200000, 'durationInMilliseconds': 4800000, 'bodyBatteryImpact': -4, 'feedbackType': 'EXERCISE_TRAINING_EFFECT_BELOW_2', 'shortFeedback': 'NONE', 'deviceId': 3423864303, 'activityName': 'Vardø Walking', 'activityType': 'walking', 'activityId': 19821770983, 'eventUpdateTimeGmt': '2025-07-23T09:52:07'}, {'eventType': 'RECOVERY', 'eventStartTimeGmt': '2025-07-23T10:09:22', 'timezoneOffset': 7200000, 'durationInMilliseconds': 840000, 'bodyBatteryImpact': 1, 'feedbackType': 'RECOVERY_SHORT', 'shortFeedback': 'BODY_BATTERY_RECHARGE', 'deviceId': 3423864303, 'activityName': None, 'activityType': None, 'activityId': None, 'eventUpdateTimeGmt': '2025-07-23T10:26:25'}]",15.0,23.0,7.0,20.0,2025-07-23T21:00:00.0,200,2025-07-23
5652846,4631.0,2593.0,2038.0,4631.0,,,5093.0,8199,2500,64334,7107,2593.0,5093.0,5652846,2025-07-24,"{'typeId': 4, 'typeKey': 'groups'}",2e5bbe15a7c0413c86dddec7a7e1e784,1500,2025-07-23T21:00:00.0,2025-07-24T00:00:00.0,2025-07-24T21:00:00.0,2025-07-25T00:00:00.0,86400000,,859,8114,53247,24180,True,True,False,False,216,0,189.995,162.298,62.33432,53.24738,150,10,55,150,59,55,GARMIN,43,99,28380,16800,31500,8280,84960,12600,6900,8880.0,33.4,19.77,37.08,9.75,14.83,8.12,10.45,STRESSFUL,52920,23760,,57,146,41,55,59,5,5,40.0,58.0,3.0,5.0,,,,,,340.0,527.0,"{'eventTimestampGmt': '2025-07-24T18:53:56', 'bodyBatteryLevel': 'VERY_LOW', 'feedbackShortType': 'SLEEP_PREPARATION_NOT_STRESS_DATA_AND_INTENSIVE_EXERCISE', 'feedbackLongType': 'SLEEP_PREPARATION_NOT_STRESS_DATA_AND_HARD_EXERCISE_AND_BB_LOW'}","{'eventTimestampGmt': '2025-07-23T23:10:31', 'bodyBatteryLevel': 'HIGH', 'feedbackShortType': 'SLEEP_TIME_PASSED_BALANCED_AND_EXERCISE', 'feedbackLongType': 'SLEEP_TIME_PASSED_BALANCED_AND_EXERCISE'}","[{'eventType': 'SLEEP', 'eventStartTimeGmt': '2025-07-23T21:22:07', 'timezoneOffset': 10800000, 'durationInMilliseconds': 24180000, 'bodyBatteryImpact': 40, 'feedbackType': 'NONE', 'shortFeedback': 'NONE', 'deviceId': 3423864303, 'activityName': None, 'activityType': None, 'activityId': None, 'eventUpdateTimeGmt': '2025-07-24T04:06:17'}, {'eventType': 'ACTIVITY', 'eventStartTimeGmt': '2025-07-24T06:54:03', 'timezoneOffset': 10800000, 'durationInMilliseconds': 8460000, 'bodyBatteryImpact': -8, 'feedbackType': 'EXERCISE_TRAINING_EFFECT_2', 'shortFeedback': 'MAINTAINING_ANAEROBIC_FITNESS', 'deviceId': 3423864303, 'activityName': 'Inari eMountain Biking', 'activityType': 'e_bike_mountain', 'activityId': 19832018027, 'eventUpdateTimeGmt': '2025-07-24T09:15:40'}, {'eventType': 'ACTIVITY', 'eventStartTimeGmt': '2025-07-24T09:20:01', 'timezoneOffset': 10800000, 'durationInMilliseconds': 2880000, 'bodyBatteryImpact': -2, 'feedbackType': 'EXERCISE_TRAINING_EFFECT_BELOW_2', 'shortFeedback': 'EASY_RECOVERY', 'deviceId': 3423864303, 'activityName': 'Sodankylä Walking', 'activityType': 'walking', 'activityId': 19832420384, 'eventUpdateTimeGmt': '2025-07-24T10:08:27'}, {'eventType': 'ACTIVITY', 'eventStartTimeGmt': '2025-07-24T10:11:12', 'timezoneOffset': 10800000, 'durationInMilliseconds': 16860000, 'bodyBatteryImpact': -8, 'feedbackType': 'EXERCISE_TRAINING_EFFECT_2', 'shortFeedback': 'MAINTAINING_ANAEROBIC_FITNESS', 'deviceId': 3423864303, 'activityName': 'Sodankylä eMountain Biking', 'activityType': 'e_bike_mountain', 'activityId': 19835143109, 'eventUpdateTimeGmt': '2025-07-24T10:08:48'}]",17.0,24.0,8.0,20.0,2025-07-24T21:00:00.0,200,2025-07-24
5652846,2785.0,747.0,2038.0,2785.0,,,3247.0,3649,2500,27547,3005,747.0,3247.0,5652846,2025-07-25,"{'typeId': 4, 'typeKey': 'groups'}",1ca49253eb9f4d95a5c065e330d94cb4,1500,2025-07-24T21:00:00.0,2025-07-25T00:00:00.0,2025-07-25T21:00:00.0,2025-07-26T00:00:00.0,86400000,,756,4512,64520,16612,True,True,False,False,0,0,4.586,18.454,1.50459,6.05446,150,10,58,120,59,56,GARMIN,42,91,45720,12960,22260,5220,86160,26760,17820,1140.0,53.06,15.04,25.84,6.06,31.06,20.68,1.32,VERY_STRESSFUL,64320,16620,,59,117,22,22,25,5,5,19.0,24.0,3.0,,,,,,,247.0,353.0,"{'eventTimestampGmt': '2025-07-25T17:50:00', 'bodyBatteryLevel': 'VERY_LOW', 'feedbackShortType': 'SLEEP_PREPARATION_BALANCED_AND_EXERCISE', 'feedbackLongType': 'SLEEP_PREPARATION_BALANCED_AND_EXERCISE_AND_BB_LOW_MORNING_AND_NOW'}","{'eventTimestampGmt': '2025-07-25T20:30:58', 'bodyBatteryLevel': 'VERY_LOW', 'feedbackShortType': 'SLEEP_TIME_PASSED_BALANCED_AND_EXERCISE', 'feedbackLongType': 'SLEEP_TIME_PASSED_BALANCED_AND_EXERCISE_AND_BB_LOW_MORNING_AND_NOW'}","[{'eventType': 'SLEEP', 'eventStartTimeGmt': '2025-07-24T23:04:44', 'timezoneOffset': 10800000, 'durationInMilliseconds': 15960000, 'bodyBatteryImpact': 19, 'feedbackType': 'NONE', 'shortFeedback': 'NONE', 'deviceId': 3423864303, 'activityName': None, 'activityType': None, 'activityId': None, 'eventUpdateTimeGmt': '2025-07-25T03:49:38'}, {'eventType': 'ACTIVITY', 'eventStartTimeGmt': '2025-07-25T11:24:07', 'timezoneOffset': 10800000, 'durationInMilliseconds': 16920000, 'bodyBatteryImpact': -5, 'feedbackType': 'EXERCISE_TRAINING_EFFECT_BELOW_2', 'shortFeedback': 'NONE', 'deviceId': 3423864303, 'activityName': 'Kuusamo Kayaking', 'activityType': 'kayaking_v2', 'activityId': 19846212799, 'eventUpdateTimeGmt': '2025-07-25T16:09:08'}, {'eventType': 'RECOVERY', 'eventStartTimeGmt': '2025-07-25T16:19:58', 'timezoneOffset': 10800000, 'durationInMilliseconds': 4200000, 'bodyBatteryImpact': 0, 'feedbackType': 'RECOVERY_LONG_BODY_BATTERY_NOT_INCREASE', 'shortFeedback': 'LONG_RESTFUL_PERIOD', 'deviceId': 3423864303, 'activityName': None, 'activityType': None, 'activityId': None, 'eventUpdateTimeGmt': '2025-07-25T17:34:20'}]",15.0,26.0,7.0,20.0,2025-07-25T21:00:00.0,200,2025-07-25
5652846,3089.0,1051.0,2038.0,3089.0,,,3551.0,12807,2500,15967,11502,1051.0,3551.0,5652846,2025-07-26,"{'typeId': 4, 'typeKey': 'groups'}",1e49cc7b6d2c428d8dbb46b5adabbf00,1500,2025-07-25T21:00:00.0,2025-07-26T00:00:00.0,2025-07-26T21:00:00.0,2025-07-27T00:00:00.0,86400000,,2723,10962,43907,28808,True,True,False,False,49,2,308.875,230.63,101.33694,75.66601,150,10,60,160,61,57,GARMIN,48,99,56760,7080,19740,2400,85980,28680,26400,1680.0,66.02,8.23,22.96,2.79,33.36,30.7,1.95,VERY_STRESSFUL,54900,28680,,62,155,21,21,26,5,5,21.0,26.0,3.0,,,,,,,247.0,178.0,"{'eventTimestampGmt': '2025-07-26T17:50:01', 'bodyBatteryLevel': 'VERY_LOW', 'feedbackShortType': 'SLEEP_PREPARATION_STRESSFUL_AND_INTENSIVE_EXERCISE', 'feedbackLongType': 'SLEEP_PREPARATION_STRESSFUL_AND_INTENSIVE_EXERCISE_AND_BB_LOW'}","{'eventTimestampGmt': '2025-07-26T01:27:26', 'bodyBatteryLevel': 'MODERATE', 'feedbackShortType': 'SLEEP_TIME_PASSED_BALANCED_AND_INACTIVE', 'feedbackLongType': 'SLEEP_TIME_PASSED_BALANCED_AND_INACTIVE'}","[{'eventType': 'SLEEP', 'eventStartTimeGmt': '2025-07-25T20:49:08', 'timezoneOffset': 10800000, 'durationInMilliseconds': 29460000, 'bodyBatteryImpact': 21, 'feedbackType': 'NONE', 'shortFeedback': 'NONE', 'deviceId': 3423864303, 'activityName': None, 'activityType': None, 'activityId': None, 'eventUpdateTimeGmt': '2025-07-26T05:00:09'}, {'eventType': 'ACTIVITY', 'eventStartTimeGmt': '2025-07-26T09:22:04', 'timezoneOffset': 10800000, 'durationInMilliseconds': 6060000, 'bodyBatteryImpact': -3, 'feedbackType': 'EXERCISE_TRAINING_EFFECT_BELOW_2', 'shortFeedback': 'EASY_RECOVERY', 'deviceId': 3423864303, 'activityName': 'Kuusamo Walking', 'activityType': 'walking', 'activityId': 19853001703, 'eventUpdateTimeGmt': '2025-07-26T11:03:57'}, {'eventType': 'ACTIVITY', 'eventStartTimeGmt': '2025-07-26T16:09:40', 'timezoneOffset': 10800000, 'durationInMilliseconds': 2700000, 'bodyBatteryImpact': -3, 'feedbackType': 'EXERCISE_TRAINING_EFFECT_BELOW_2', 'shortFeedback': 'EASY_RECOVERY', 'deviceId': 3423864303, 'activityName': 'Sotkamo Cross Country Classic Skiing', 'activityType': 'cross_country_skiing_ws', 'activityId': 19856262453, 'eventUpdateTimeGmt': '2025-07-26T11:25:07'}]",16.0,24.0,8.0,18.0,2025-07-26T21:00:00.0,200,2025-07-26
5652846,2323.0,285.0,2038.0,2323.0,,,2785.0,7025,2500,5798,5798,285.0,2785.0,5652846,2025-07-27,"{'typeId': 4, 'typeKey': 'groups'}",bd73ad8ba0614c4b8b42017c71771cfb,1500,2025-07-26T21:00:00.0,2025-07-27T00:00:00.0,2025-07-27T21:00:00.0,2025-07-28T00:00:00.0,86400000,,2000,5643,64908,13849,True,False,False,False,0,0,12.192,21.243,4.0,6.96949,150,10,61,112,62,58,GARMIN,43,94,57900,15120,10920,2340,86280,32100,24240,1560.0,67.11,17.52,12.66,2.71,37.2,28.09,1.81,VERY_STRESSFUL,70080,13860,,62,107,11,11,16,5,5,11.0,16.0,3.0,,,,,,,82.0,,"{'eventTimestampGmt': '2025-07-27T19:33:58', 'bodyBatteryLevel': 'VERY_LOW', 'feedbackShortType': 'SLEEP_PREPARATION_BALANCED_AND_INACTIVE', 'feedbackLongType': 'SLEEP_PREPARATION_BALANCED_AND_INACTIVE_AND_BB_LOW_MORNING_AND_NOW'}","{'eventTimestampGmt': '2025-07-27T01:22:55', 'bodyBatteryLevel': 'LOW', 'feedbackShortType': 'SLEEP_TIME_PASSED_STRESSFUL_AND_INACTIVE', 'feedbackLongType': 'SLEEP_TIME_PASSED_STRESSFUL_AND_INACTIVE_AND_BB_LOW'}","[{'eventType': 'SLEEP', 'eventStartTimeGmt': '2025-07-27T00:32:36', 'timezoneOffset': 10800000, 'durationInMilliseconds': 13800000, 'bodyBatteryImpact': 11, 'feedbackType': 'NONE', 'shortFeedback': 'NONE', 'deviceId': 3423864303, 'activityName': None, 'activityType': None, 'activityId': None, 'eventUpdateTimeGmt': '2025-07-27T04:23:25'}, {'eventType': 'RECOVERY', 'eventStartTimeGmt': '2025-07-27T07:47:00', 'timezoneOffset': 10800000, 'durationInMilliseconds': 1860000, 'bodyBatteryImpact': 0, 'feedbackType': 'RECOVERY_BODY_BATTERY_NOT_INCREASE', 'shortFeedback': 'RESTFUL_PERIOD', 'deviceId': 3423864303, 'activityName': None, 'activityType': None, 'activityId': None, 'eventUpdateTimeGmt': '2025-07-27T08:20:55'}]",15.0,25.0,6.0,20.0,2025-07-27T21:00:00.0,200,2025-07-27
5652846,2725.0,687.0,2038.0,2725.0,,,3187.0,14841,2500,14306,14306,687.0,3187.0,5652846,2025-07-28,"{'typeId': 4, 'typeKey': 'groups'}",e57cfcaeb706455eb69ca8ead30c04f4,1500,2025-07-27T21:00:00.0,2025-07-28T00:00:00.0,2025-07-28T21:00:00.0,2025-07-29T00:00:00.0,86400000,,2284,7426,49630,27060,True,True,False,False,43,0,132.372,147.756,43.42913,48.47638,150,10,48,145,58,59,GARMIN,25,93,26220,41340,14700,2700,84960,23820,2160,240.0,30.86,48.66,17.3,3.18,28.04,2.54,0.28,BALANCED,57360,24900,,52,141,56,33,49,5,28,44.0,49.0,3.0,,,,,,,15.0,125.0,"{'eventTimestampGmt': '2025-07-28T20:03:01', 'bodyBatteryLevel': 'HIGH', 'feedbackShortType': 'SLEEP_PREPARATION_RECOVERING_AND_EXERCISE', 'feedbackLongType': 'SLEEP_PREPARATION_RECOVERING_AND_EXERCISE'}","{'eventTimestampGmt': '2025-07-28T00:50:46', 'bodyBatteryLevel': 'HIGH', 'feedbackShortType': 'SLEEP_TIME_PASSED_BALANCED_AND_INACTIVE', 'feedbackLongType': 'SLEEP_TIME_PASSED_BALANCED_AND_INACTIVE'}","[{'eventType': 'SLEEP', 'eventStartTimeGmt': '2025-07-27T21:44:25', 'timezoneOffset': 10800000, 'durationInMilliseconds': 25440000, 'bodyBatteryImpact': 44, 'feedbackType': 'NONE', 'shortFeedback': 'NONE', 'deviceId': 3423864303, 'activityName': None, 'activityType': None, 'activityId': None, 'eventUpdateTimeGmt': '2025-07-28T04:48:31'}, {'eventType': 'NAP', 'eventStartTimeGmt': '2025-07-28T10:08:31', 'timezoneOffset': 10800000, 'durationInMilliseconds': 1620000, 'bodyBatteryImpact': 4, 'feedbackType': 'NAP_RECOVERING_BODY_BATTERY_INCREASE', 'shortFeedback': 'RESTFUL_NAP', 'deviceId': 3423864303, 'activityName': None, 'activityType': None, 'activityId': None, 'eventUpdateTimeGmt': '2025-07-28T10:38:40'}, {'eventType': 'ACTIVITY', 'eventStartTimeGmt': '2025-07-28T12:07:01', 'timezoneOffset': 10800000, 'durationInMilliseconds': 7260000, 'bodyBatteryImpact': -6, 'feedbackType': 'EXERCISE_TRAINING_EFFECT_BELOW_2', 'shortFeedback': 'EASY_AEROBIC_BASE', 'deviceId': 3423864303, 'activityName': None, 'activityType': None, 'activityId': None, 'eventUpdateTimeGmt': '2025-07-28T14:08:25'}, {'eventType': 'RECOVERY', 'eventStartTimeGmt': '2025-07-28T16:02:45', 'timezoneOffset': 10800000, 'durationInMilliseconds': 2400000, 'bodyBatteryImpact': 3, 'feedbackType': 'RECOVERY_BODY_BATTERY_INCREASE', 'shortFeedback': 'BODY_BATTERY_RECHARGE', 'deviceId': 3423864303, 'activityName': None, 'activityType': None, 'activityId': None, 'eventUpdateTimeGmt': '2025-07-28T16:46:45'}]",15.0,24.0,6.0,15.0,2025-07-28T20:59:00.0,200,2025-07-28
5652846,2729.0,691.0,2038.0,2729.0,,,3191.0,14198,2500,11645,11645,691.0,3191.0,5652846,2025-07-29,"{'typeId': 4, 'typeKey': 'groups'}",e11a8ddbee1547c9b85272929328afcb,1500,2025-07-28T21:00:00.0,2025-07-29T00:00:00.0,2025-07-29T21:00:00.0,2025-07-30T00:00:00.0,86400000,,5346,6096,47778,27180,True,True,False,False,0,0,134.112,121.801,44.0,39.96096,150,10,55,131,59,59,GARMIN,28,96,23880,41640,15660,3300,84480,15420,7620,840.0,28.27,49.29,18.54,3.91,18.25,9.02,0.99,BALANCED,54180,27000,,56,125,53,54,73,25,27,47.0,73.0,3.0,,,,,,,12.0,156.0,"{'eventTimestampGmt': '2025-07-29T20:23:25', 'bodyBatteryLevel': 'HIGH', 'feedbackShortType': 'SLEEP_PREPARATION_BALANCED_AND_EXERCISE', 'feedbackLongType': 'SLEEP_PREPARATION_BALANCED_AND_EXERCISE'}","{'eventTimestampGmt': '2025-07-28T21:15:20', 'bodyBatteryLevel': 'HIGH', 'feedbackShortType': 'SLEEP_TIME_PASSED_RECOVERING_AND_EXERCISE', 'feedbackLongType': 'SLEEP_TIME_PASSED_RECOVERING_AND_EXERCISE'}","[{'eventType': 'SLEEP', 'eventStartTimeGmt': '2025-07-28T22:08:25', 'timezoneOffset': 10800000, 'durationInMilliseconds': 27180000, 'bodyBatteryImpact': 47, 'feedbackType': 'NONE', 'shortFeedback': 'NONE', 'deviceId': 3423864303, 'activityName': None, 'activityType': None, 'activityId': None, 'eventUpdateTimeGmt': '2025-07-29T05:41:38'}, {'eventType': 'ACTIVITY', 'eventStartTimeGmt': '2025-07-29T14:57:35', 'timezoneOffset': 10800000, 'durationInMilliseconds': 4140000, 'bodyBatteryImpact': -4, 'feedbackType': 'EXERCISE_TRAINING_EFFECT_BELOW_2', 'shortFeedback': 'EASY_RECOVERY', 'deviceId': 3423864303, 'activityName': 'Helsinki Running', 'activityType': 'running', 'activityId': 19886048696, 'eventUpdateTimeGmt': '2025-07-29T16:07:14'}, {'eventType': 'ACTIVITY', 'eventStartTimeGmt': '2025-07-29T16:15:41', 'timezoneOffset': 10800000, 'durationInMilliseconds': 2460000, 'bodyBatteryImpact': -2, 'feedbackType': 'NONE', 'shortFeedback': 'NONE', 'deviceId': 3423864303, 'activityName': 'Yoga', 'activityType': 'yoga', 'activityId': 19891770183, 'eventUpdateTimeGmt': '2025-07-29T16:56:53'}]",15.0,24.0,7.0,10.0,2025-07-29T20:58:00.0,200,2025-07-29
5652846,3585.0,1547.0,2038.0,3585.0,,,4047.0,16240,2500,25587,15090,1547.0,4047.0,5652846,2025-07-30,"{'typeId': 4, 'typeKey': 'groups'}",fbda9e2b73854128a745cb3f7fc6e8b2,1500,2025-07-29T21:00:00.0,2025-07-30T00:00:00.0,2025-07-30T21:00:00.0,2025-07-31T00:00:00.0,86400000,,8089,6396,48463,23452,True,True,False,False,14,61,64.008,69.909,21.0,22.93602,150,10,55,181,60,60,GARMIN,41,97,38340,21060,13920,9300,82620,18240,14520,5580.0,46.41,25.49,16.85,11.26,22.08,17.57,6.75,STRESSFUL,52020,21300,,58,179,40,62,64,5,5,30.0,64.0,3.0,,,,,,,16.0,190.0,"{'eventTimestampGmt': '2025-07-30T19:17:16', 'bodyBatteryLevel': 'VERY_LOW', 'feedbackShortType': 'SLEEP_PREPARATION_STRESSFUL_AND_INTENSIVE_EXERCISE', 'feedbackLongType': 'SLEEP_PREPARATION_STRESSFUL_AND_INTENSIVE_EXERCISE_AND_BB_LOW'}","{'eventTimestampGmt': '2025-07-29T21:15:20', 'bodyBatteryLevel': 'HIGH', 'feedbackShortType': 'SLEEP_TIME_PASSED_BALANCED_AND_EXERCISE', 'feedbackLongType': 'SLEEP_TIME_PASSED_BALANCED_AND_EXERCISE'}","[{'eventType': 'SLEEP', 'eventStartTimeGmt': '2025-07-29T23:07:53', 'timezoneOffset': 10800000, 'durationInMilliseconds': 23400000, 'bodyBatteryImpact': 29, 'feedbackType': 'NONE', 'shortFeedback': 'NONE', 'deviceId': 3423864303, 'activityName': None, 'activityType': None, 'activityId': None, 'eventUpdateTimeGmt': '2025-07-30T05:38:45'}, {'eventType': 'ACTIVITY', 'eventStartTimeGmt': '2025-07-30T08:23:37', 'timezoneOffset': 10800000, 'durationInMilliseconds': 3720000, 'bodyBatteryImpact': -15, 'feedbackType': 'EXERCISE_TRAINING_EFFECT_5_GOOD_TIMING', 'shortFeedback': 'OVERREACHING_TEMPO', 'deviceId': 3423864303, 'activityName': 'Espoo Cross Country Classic Skiing', 'activityType': 'cross_country_skiing_ws', 'activityId': 19893146298, 'eventUpdateTimeGmt': '2025-07-30T09:27:13'}]",18.0,42.0,8.0,17.0,2025-07-30T21:00:00.0,200,2025-07-30
5652846,2544.0,506.0,2038.0,2544.0,,,3006.0,5613,2500,4622,4622,506.0,3006.0,5652846,2025-07-31,"{'typeId': 4, 'typeKey': 'groups'}",7657e7f9a2314b62add9a98bd147d1b2,1500,2025-07-30T21:00:00.0,2025-07-31T00:00:00.0,2025-07-31T21:00:00.0,2025-08-01T00:00:00.0,86400000,,1828,4571,55532,24469,True,False,False,False,0,0,16.348,23.06,5.36352,7.56562,150,10,57,124,61,60,GARMIN,48,99,53040,16260,10320,1260,80880,23700,18720,10620.0,65.58,20.1,12.76,1.56,29.3,23.15,13.13,STRESSFUL,59280,20340,,58,121,30,30,35,5,5,29.0,34.0,3.0,,,,,,,41.0,,"{'eventTimestampGmt': '2025-07-31T17:50:00', 'bodyBatteryLevel': 'VERY_LOW', 'feedbackShortType': 'SLEEP_PREPARATION_STRESSFUL_AND_INACTIVE', 'feedbackLongType': 'SLEEP_PREPARATION_STRESSFUL_AND_INACTIVE_AND_BB_LOW'}","{'eventTimestampGmt': '2025-07-31T01:39:03', 'bodyBatteryLevel': 'LOW', 'feedbackShortType': 'SLEEP_TIME_PASSED_STRESSFUL_AND_INACTIVE', 'feedbackLongType': 'SLEEP_TIME_PASSED_STRESSFUL_AND_INACTIVE_AND_BB_LOW'}","[{'eventType': 'SLEEP', 'eventStartTimeGmt': '2025-07-30T23:38:44', 'timezoneOffset': 10800000, 'durationInMilliseconds': 23700000, 'bodyBatteryImpact': 29, 'feedbackType': 'NONE', 'shortFeedback': 'NONE', 'deviceId': 3423864303, 'activityName': None, 'activityType': None, 'activityId': None, 'eventUpdateTimeGmt': '2025-07-31T06:21:11'}, {'eventType': 'STRESS', 'eventStartTimeGmt': '2025-07-31T07:43:31', 'timezoneOffset': 10800000, 'durationInMilliseconds': 4440000, 'bodyBatteryImpact': -6, 'feedbackType': 'STRESS', 'shortFeedback': 'STRESSFUL_PERIOD', 'deviceId': 3423864303, 'activityName': None, 'activityType': None, 'activityId': None, 'eventUpdateTimeGmt': '2025-07-31T08:59:25'}]",15.0,24.0,7.0,18.0,2025-07-31T20:59:00.0,200,2025-07-31
5652846,2627.0,589.0,2038.0,2627.0,,,3089.0,3330,2500,2742,2742,589.0,3089.0,5652846,2025-08-01,"{'typeId': 4, 'typeKey': 'groups'}",e669797afeeb42e6961f89e3ac7f3ad1,1500,2025-07-31T21:00:00.0,2025-08-01T00:00:00.0,2025-08-01T21:00:00.0,2025-08-02T00:00:00.0,86400000,,824,5606,55548,24422,True,False,False,False,10,0,7.401,6.854,2.42815,2.24869,150,10,62,126,63,61,GARMIN,52,98,71340,4860,6480,1800,84480,36420,22680,12240.0,84.45,5.75,7.67,2.13,43.11,26.85,14.49,VERY_STRESSFUL,62820,19860,,62,126,19,19,22,5,5,17.0,22.0,3.0,4.0,,,,,,14.0,,"{'eventTimestampGmt': '2025-08-01T17:50:00', 'bodyBatteryLevel': 'VERY_LOW', 'feedbackShortType': 'SLEEP_PREPARATION_STRESSFUL_AND_INACTIVE', 'feedbackLongType': 'SLEEP_PREPARATION_STRESSFUL_AND_INACTIVE_AND_BB_LOW'}","{'eventTimestampGmt': '2025-08-01T19:53:24', 'bodyBatteryLevel': 'VERY_LOW', 'feedbackShortType': 'SLEEP_TIME_PASSED_STRESSFUL_AND_INACTIVE', 'feedbackLongType': 'SLEEP_TIME_PASSED_STRESSFUL_AND_INACTIVE_AND_BB_LOW'}","[{'eventType': 'SLEEP', 'eventStartTimeGmt': '2025-07-31T20:47:11', 'timezoneOffset': 10800000, 'durationInMilliseconds': 21960000, 'bodyBatteryImpact': 17, 'feedbackType': 'NONE', 'shortFeedback': 'NONE', 'deviceId': 3423864303, 'activityName': None, 'activityType': None, 'activityId': None, 'eventUpdateTimeGmt': '2025-08-01T03:16:09'}, {'eventType': 'STRESS', 'eventStartTimeGmt': '2025-08-01T15:54:04', 'timezoneOffset': 10800000, 'durationInMilliseconds': 5820000, 'bodyBatteryImpact': 0, 'feedbackType': 'STRESS', 'shortFeedback': 'STRESSFUL_PERIOD', 'deviceId': 3423864303, 'activityName': None, 'activityType': None, 'activityId': None, 'eventUpdateTimeGmt': '2025-08-01T17:32:10'}]",17.0,25.0,7.0,19.0,2025-08-01T21:00:00.0,200,2025-08-01
5652846,2485.0,447.0,2038.0,2485.0,,,2947.0,3825,2500,3155,3155,447.0,2947.0,5652846,2025-08-02,"{'typeId': 4, 'typeKey': 'groups'}",64278925448d4c0c82313de0072ccfa7,1500,2025-08-01T21:00:00.0,2025-08-02T00:00:00.0,2025-08-02T21:00:00.0,2025-08-03T00:00:00.0,86400000,,1106,4812,46101,34381,True,False,False,False,0,0,15.723,13.192,5.15846,4.32808,150,10,68,128,72,62,GARMIN,53,95,75840,540,7560,1500,85440,32940,38640,4260.0,88.76,0.63,8.85,1.76,38.55,45.22,4.99,VERY_STRESSFUL,49920,34020,,68,120,19,17,22,5,7,17.0,22.0,3.0,,,,,,,11.0,,"{'eventTimestampGmt': '2025-08-02T19:42:21', 'bodyBatteryLevel': 'LOW', 'feedbackShortType': 'SLEEP_PREPARATION_STRESSFUL_AND_INACTIVE', 'feedbackLongType': 'SLEEP_PREPARATION_STRESSFUL_AND_INACTIVE_AND_BB_LOW'}","{'eventTimestampGmt': '2025-08-02T20:46:19', 'bodyBatteryLevel': 'LOW', 'feedbackShortType': 'SLEEP_TIME_PASSED_STRESSFUL_AND_INACTIVE', 'feedbackLongType': 'SLEEP_TIME_PASSED_STRESSFUL_AND_INACTIVE_AND_BB_LOW'}","[{'eventType': 'SLEEP', 'eventStartTimeGmt': '2025-08-01T20:06:09', 'timezoneOffset': 10800000, 'durationInMilliseconds': 27600000, 'bodyBatteryImpact': 17, 'feedbackType': 'NONE', 'shortFeedback': 'NONE', 'deviceId': 3423864303, 'activityName': None, 'activityType': None, 'activityId': None, 'eventUpdateTimeGmt': '2025-08-02T04:02:41'}]",17.0,25.0,7.0,17.0,2025-08-02T21:00:00.0,200,2025-08-02
5652846,2502.0,464.0,2038.0,2502.0,,,2964.0,4430,2500,3648,3648,464.0,2964.0,5652846,2025-08-03,"{'typeId': 4, 'typeKey': 'groups'}",fdc80913f8844e2a8e3f6c0d653625de,1500,2025-08-02T21:00:00.0,2025-08-03T00:00:00.0,2025-08-03T21:00:00.0,2025-08-04T00:00:00.0,86400000,,1052,4886,58254,22208,True,False,False,False,6,0,8.121,11.028,2.66437,3.61811,150,10,63,124,66,63,GARMIN,46,95,73320,2580,8640,1020,85560,46380,23520,3420.0,85.69,3.02,10.1,1.19,54.21,27.49,4.0,VERY_STRESSFUL,62460,22080,,65,123,18,20,25,5,5,20.0,25.0,3.0,,,,,,,8.0,,"{'eventTimestampGmt': '2025-08-03T05:10:20', 'bodyBatteryLevel': 'VERY_LOW', 'feedbackShortType': 'MORNING_BALANCED_AND_INACTIVE', 'feedbackLongType': 'MORNING_BALANCED_AND_INACTIVE_AND_BB_LOW_MORNING_AND_NOW'}","{'eventTimestampGmt': '2025-08-03T20:10:26', 'bodyBatteryLevel': 'VERY_LOW', 'feedbackShortType': 'SLEEP_TIME_PASSED_STRESSFUL_AND_INACTIVE', 'feedbackLongType': 'SLEEP_TIME_PASSED_STRESSFUL_AND_INACTIVE_AND_BB_LOW'}","[{'eventType': 'SLEEP', 'eventStartTimeGmt': '2025-08-02T18:13:08', 'timezoneOffset': 10800000, 'durationInMilliseconds': 32220000, 'bodyBatteryImpact': 20, 'feedbackType': 'NONE', 'shortFeedback': 'NONE', 'deviceId': 3423864303, 'activityName': None, 'activityType': None, 'activityId': None, 'eventUpdateTimeGmt': '2025-08-03T03:43:44'}]",17.0,25.0,8.0,22.0,2025-08-03T21:00:00.0,200,2025-08-03
5652846,2379.0,341.0,2038.0,2379.0,,,2841.0,3341,2500,2751,2751,341.0,2841.0,5652846,2025-08-04,"{'typeId': 4, 'typeKey': 'groups'}",fe32993f084047a1a773c2a8ab11c664,1500,2025-08-03T21:00:00.0,2025-08-04T00:00:00.0,2025-08-04T21:00:00.0,2025-08-05T00:00:00.0,86400000,,803,4614,55963,25020,True,False,False,False,0,0,3.048,7.789,1.0,2.55545,150,10,57,121,63,63,GARMIN,43,96,57600,20700,6000,900,85200,30060,20580,6960.0,67.61,24.3,7.04,1.06,35.28,24.15,8.17,STRESSFUL,59460,24840,,60,115,31,31,36,5,5,30.0,35.0,3.0,3.0,,,,,,10.0,,"{'eventTimestampGmt': '2025-08-04T17:50:00', 'bodyBatteryLevel': 'VERY_LOW', 'feedbackShortType': 'SLEEP_PREPARATION_STRESSFUL_AND_INACTIVE', 'feedbackLongType': 'SLEEP_PREPARATION_STRESSFUL_AND_INACTIVE_AND_BB_LOW'}","{'eventTimestampGmt': '2025-08-04T01:53:03', 'bodyBatteryLevel': 'HIGH', 'feedbackShortType': 'SLEEP_TIME_PASSED_STRESSFUL_AND_INACTIVE', 'feedbackLongType': 'SLEEP_TIME_PASSED_STRESSFUL_AND_INACTIVE'}","[{'eventType': 'SLEEP', 'eventStartTimeGmt': '2025-08-03T21:28:44', 'timezoneOffset': 10800000, 'durationInMilliseconds': 25020000, 'bodyBatteryImpact': 30, 'feedbackType': 'NONE', 'shortFeedback': 'NONE', 'deviceId': 3423864303, 'activityName': None, 'activityType': None, 'activityId': None, 'eventUpdateTimeGmt': '2025-08-04T04:36:08'}]",16.0,24.0,7.0,18.0,2025-08-04T21:00:00.0,200,2025-08-04
5652846,2442.0,404.0,2038.0,2442.0,,,2904.0,4493,2500,3875,3875,404.0,2904.0,5652846,2025-08-05,"{'typeId': 4, 'typeKey': 'groups'}",81ec1a43ac8a456db463022addbabfbd,1500,2025-08-04T21:00:00.0,2025-08-05T00:00:00.0,2025-08-05T21:00:00.0,2025-08-06T00:00:00.0,86400000,,1763,3662,57425,23550,True,False,False,False,4,0,18.806,23.549,6.16995,7.72605,150,10,55,129,61,64,GARMIN,44,99,51540,22800,9540,720,84600,21780,19980,9780.0,60.92,26.95,11.28,0.85,25.74,23.62,11.56,STRESSFUL,61500,22380,,57,126,35,35,40,5,5,33.0,38.0,3.0,1.0,,,,,,11.0,,"{'eventTimestampGmt': '2025-08-05T17:50:00', 'bodyBatteryLevel': 'VERY_LOW', 'feedbackShortType': 'SLEEP_PREPARATION_STRESSFUL_AND_INACTIVE', 'feedbackLongType': 'SLEEP_PREPARATION_STRESSFUL_AND_INACTIVE_AND_BB_LOW'}","{'eventTimestampGmt': '2025-08-05T00:57:27', 'bodyBatteryLevel': 'MODERATE', 'feedbackShortType': 'SLEEP_TIME_PASSED_STRESSFUL_AND_INACTIVE', 'feedbackLongType': 'SLEEP_TIME_PASSED_STRESSFUL_AND_INACTIVE'}","[{'eventType': 'SLEEP', 'eventStartTimeGmt': '2025-08-04T21:51:08', 'timezoneOffset': 10800000, 'durationInMilliseconds': 22440000, 'bodyBatteryImpact': 33, 'feedbackType': 'NONE', 'shortFeedback': 'NONE', 'deviceId': 3423864303, 'activityName': None, 'activityType': None, 'activityId': None, 'eventUpdateTimeGmt': '2025-08-05T04:16:30'}, {'eventType': 'STRESS', 'eventStartTimeGmt': '2025-08-05T06:20:20', 'timezoneOffset': 10800000, 'durationInMilliseconds': 4440000, 'bodyBatteryImpact': -8, 'feedbackType': 'STRESS', 'shortFeedback': 'STRESSFUL_PERIOD', 'deviceId': 3423864303, 'activityName': None, 'activityType': None, 'activityId': None, 'eventUpdateTimeGmt': '2025-08-05T07:38:05'}]",16.0,25.0,8.0,19.0,2025-08-05T21:00:00.0,200,2025-08-05
5652846,2805.0,767.0,2038.0,2805.0,,,3267.0,15891,2500,14695,14695,767.0,3267.0,5652846,2025-08-06,"{'typeId': 4, 'typeKey': 'groups'}",4a7953e3bc0d4486a7420ade9a6b256d,1500,2025-08-05T21:00:00.0,2025-08-06T00:00:00.0,2025-08-06T21:00:00.0,2025-08-07T00:00:00.0,86400000,,7996,2254,52060,24090,True,True,False,False,24,0,180.21,183.665,59.12402,60.25755,150,10,53,134,58,63,GARMIN,26,95,25500,33900,13200,10440,83040,20820,4260,420.0,30.71,40.82,15.9,12.57,25.07,5.13,0.51,BALANCED,50100,22500,,54,131,61,49,64,5,17,56.0,61.0,3.0,,,,,,,7.0,144.0,"{'eventTimestampGmt': '2025-08-06T17:50:00', 'bodyBatteryLevel': 'MODERATE', 'feedbackShortType': 'SLEEP_PREPARATION_BALANCED_AND_EXERCISE', 'feedbackLongType': 'SLEEP_PREPARATION_BALANCED_AND_EXERCISE'}","{'eventTimestampGmt': '2025-08-06T20:41:42', 'bodyBatteryLevel': 'MODERATE', 'feedbackShortType': 'SLEEP_TIME_PASSED_BALANCED_AND_EXERCISE', 'feedbackLongType': 'SLEEP_TIME_PASSED_BALANCED_AND_EXERCISE'}","[{'eventType': 'SLEEP', 'eventStartTimeGmt': '2025-08-05T20:41:30', 'timezoneOffset': 10800000, 'durationInMilliseconds': 25200000, 'bodyBatteryImpact': 56, 'feedbackType': 'NONE', 'shortFeedback': 'NONE', 'deviceId': 3423864303, 'activityName': None, 'activityType': None, 'activityId': None, 'eventUpdateTimeGmt': '2025-08-06T03:51:56'}, {'eventType': 'ACTIVITY', 'eventStartTimeGmt': '2025-08-06T12:41:23', 'timezoneOffset': 10800000, 'durationInMilliseconds': 7320000, 'bodyBatteryImpact': -6, 'feedbackType': 'EXERCISE_TRAINING_EFFECT_2', 'shortFeedback': 'MAINTAINING_AEROBIC_BASE', 'deviceId': 3423864303, 'activityName': 'Helsinki Walking', 'activityType': 'walking', 'activityId': 19971477034, 'eventUpdateTimeGmt': '2025-08-06T14:44:10'}]",16.0,25.0,7.0,9.0,2025-08-06T20:59:00.0,200,2025-08-06
5652846,2849.0,811.0,2038.0,2849.0,,,3311.0,11054,2500,10363,10363,811.0,3311.0,5652846,2025-08-07,"{'typeId': 4, 'typeKey': 'groups'}",dc7a2e3647d540caaf05e6c08da93f4e,1500,2025-08-06T21:00:00.0,2025-08-07T00:00:00.0,2025-08-07T21:00:00.0,2025-08-08T00:00:00.0,86400000,,5034,3754,53799,23813,True,True,False,False,29,0,67.717,85.794,22.21686,28.14764,150,10,54,127,59,63,GARMIN,39,98,40860,24360,14640,3240,83100,22380,12960,5520.0,49.17,29.31,17.62,3.9,26.93,15.6,6.64,STRESSFUL,60360,19500,,57,127,47,59,60,5,5,43.0,60.0,3.0,,,,,,,14.0,59.0,"{'eventTimestampGmt': '2025-08-07T18:37:13', 'bodyBatteryLevel': 'VERY_LOW', 'feedbackShortType': 'SLEEP_PREPARATION_STRESSFUL_AND_EXERCISE', 'feedbackLongType': 'SLEEP_PREPARATION_STRESSFUL_AND_EXERCISE_AND_BB_LOW'}","{'eventTimestampGmt': '2025-08-07T00:26:29', 'bodyBatteryLevel': 'HIGH', 'feedbackShortType': 'SLEEP_TIME_PASSED_BALANCED_AND_INACTIVE', 'feedbackLongType': 'SLEEP_TIME_PASSED_BALANCED_AND_INACTIVE'}","[{'eventType': 'SLEEP', 'eventStartTimeGmt': '2025-08-06T22:41:10', 'timezoneOffset': 10800000, 'durationInMilliseconds': 19560000, 'bodyBatteryImpact': 43, 'feedbackType': 'NONE', 'shortFeedback': 'NONE', 'deviceId': 3423864303, 'activityName': None, 'activityType': None, 'activityId': None, 'eventUpdateTimeGmt': '2025-08-07T04:09:17'}, {'eventType': 'ACTIVITY', 'eventStartTimeGmt': '2025-08-07T12:15:51', 'timezoneOffset': 10800000, 'durationInMilliseconds': 2460000, 'bodyBatteryImpact': -2, 'feedbackType': 'EXERCISE_TRAINING_EFFECT_BELOW_2', 'shortFeedback': 'EASY_RECOVERY', 'deviceId': 3423864303, 'activityName': 'Helsinki Walking', 'activityType': 'walking', 'activityId': 19980887237, 'eventUpdateTimeGmt': '2025-08-07T12:58:07'}, {'eventType': 'NAP', 'eventStartTimeGmt': '2025-08-07T13:59:07', 'timezoneOffset': 10800000, 'durationInMilliseconds': 2400000, 'bodyBatteryImpact': 0, 'feedbackType': 'NAP_NOT_RECOVERING_BODY_BATTERY_MAINTAIN', 'shortFeedback': 'NAP', 'deviceId': 3423864303, 'activityName': None, 'activityType': None, 'activityId': None, 'eventUpdateTimeGmt': '2025-08-07T14:39:20'}]",16.0,25.0,6.0,16.0,2025-08-07T21:00:00.0,200,2025-08-07
5652846,3438.0,1400.0,2038.0,3438.0,,,3900.0,16768,2500,14420,14420,1400.0,3900.0,5652846,2025-08-08,"{'typeId': 4, 'typeKey': 'groups'}",9c26fe8bf8ed45979999eae425ed73b7,1500,2025-08-07T21:00:00.0,2025-08-08T00:00:00.0,2025-08-08T21:00:00.0,2025-08-09T00:00:00.0,86400000,,6550,6454,44289,29107,True,True,False,False,73,22,266.696,280.325,87.49869,91.97014,150,10,59,189,63,63,GARMIN,44,99,50580,14280,13800,6540,85200,28320,13740,8520.0,59.37,16.76,16.2,7.68,33.24,16.13,10.0,VERY_STRESSFUL,49620,29040,,60,182,30,30,33,5,5,27.0,32.0,3.0,,,,,,,16.0,117.0,"{'eventTimestampGmt': '2025-08-08T17:56:36', 'bodyBatteryLevel': 'VERY_LOW', 'feedbackShortType': 'SLEEP_PREPARATION_STRESSFUL_AND_INTENSIVE_EXERCISE', 'feedbackLongType': 'SLEEP_PREPARATION_STRESSFUL_AND_INTENSIVE_EXERCISE_AND_BB_LOW'}","{'eventTimestampGmt': '2025-08-07T23:58:29', 'bodyBatteryLevel': 'MODERATE', 'feedbackShortType': 'SLEEP_TIME_PASSED_STRESSFUL_AND_INACTIVE', 'feedbackLongType': 'SLEEP_TIME_PASSED_STRESSFUL_AND_INACTIVE'}","[{'eventType': 'SLEEP', 'eventStartTimeGmt': '2025-08-07T20:29:07', 'timezoneOffset': 10800000, 'durationInMilliseconds': 30960000, 'bodyBatteryImpact': 27, 'feedbackType': 'NONE', 'shortFeedback': 'NONE', 'deviceId': 3423864303, 'activityName': None, 'activityType': None, 'activityId': None, 'eventUpdateTimeGmt': '2025-08-08T05:18:29'}, {'eventType': 'ACTIVITY', 'eventStartTimeGmt': '2025-08-08T12:47:29', 'timezoneOffset': 10800000, 'durationInMilliseconds': 3600000, 'bodyBatteryImpact': -6, 'feedbackType': 'EXERCISE_TRAINING_EFFECT_3', 'shortFeedback': 'IMPROVING_AEROBIC_BASE', 'deviceId': 3423864303, 'activityName': 'Helsinki Trail Running', 'activityType': 'trail_running', 'activityId': 19992106763, 'eventUpdateTimeGmt': '2025-08-08T13:50:17'}]",18.0,39.0,8.0,19.0,2025-08-08T21:00:00.0,200,2025-08-08
5652846,2761.0,723.0,2038.0,2761.0,,,3223.0,17650,2500,14625,14625,723.0,3223.0,5652846,2025-08-09,"{'typeId': 4, 'typeKey': 'groups'}",307195330ca34a80a9e58ede2ac2b4b1,1500,2025-08-08T21:00:00.0,2025-08-09T00:00:00.0,2025-08-09T21:00:00.0,2025-08-10T00:00:00.0,86400000,,2675,11841,42018,29866,True,False,False,False,4,0,58.332,54.76,19.1378,17.96588,150,10,55,124,63,62,GARMIN,38,97,47880,14040,21900,1920,85740,36840,9060,1980.0,55.84,16.38,25.54,2.24,42.97,10.57,2.31,VERY_STRESSFUL,58620,25200,,60,120,18,18,23,5,5,18.0,23.0,3.0,,,,,,,1.0,,"{'eventTimestampGmt': '2025-08-09T17:50:00', 'bodyBatteryLevel': 'VERY_LOW', 'feedbackShortType': 'SLEEP_PREPARATION_STRESSFUL_AND_INACTIVE', 'feedbackLongType': 'SLEEP_PREPARATION_STRESSFUL_AND_INACTIVE_AND_BB_LOW'}","{'eventTimestampGmt': '2025-08-09T01:50:41', 'bodyBatteryLevel': 'LOW', 'feedbackShortType': 'SLEEP_TIME_PASSED_STRESSFUL_AND_INACTIVE', 'feedbackLongType': 'SLEEP_TIME_PASSED_STRESSFUL_AND_INACTIVE_AND_BB_LOW'}","[{'eventType': 'SLEEP', 'eventStartTimeGmt': '2025-08-08T22:10:21', 'timezoneOffset': 10800000, 'durationInMilliseconds': 25380000, 'bodyBatteryImpact': 18, 'feedbackType': 'NONE', 'shortFeedback': 'NONE', 'deviceId': 3423864303, 'activityName': None, 'activityType': None, 'activityId': None, 'eventUpdateTimeGmt': '2025-08-09T05:14:14'}]",16.0,25.0,7.0,18.0,2025-08-09T21:00:00.0,200,2025-08-09
5652846,2375.0,337.0,2038.0,2375.0,,,2837.0,8966,2500,7414,7414,337.0,2837.0,5652846,2025-08-10,"{'typeId': 4, 'typeKey': 'groups'}",378284f761184fd68bc3f04c950bc8d8,1500,2025-08-09T21:00:00.0,2025-08-10T00:00:00.0,2025-08-10T21:00:00.0,2025-08-11T00:00:00.0,86400000,,1893,5330,44483,34694,True,False,False,False,0,0,17.316,23.033,5.6811,7.55676,150,10,55,113,57,61,GARMIN,32,96,38700,33300,12840,1320,86160,26460,10800,1440.0,44.92,38.65,14.9,1.53,30.71,12.53,1.67,BALANCED,52560,32280,,55,113,61,53,64,5,13,58.0,63.0,3.0,,,,,,,8.0,,"{'eventTimestampGmt': '2025-08-10T19:41:25', 'bodyBatteryLevel': 'LOW', 'feedbackShortType': 'SLEEP_PREPARATION_BALANCED_AND_INACTIVE', 'feedbackLongType': 'SLEEP_PREPARATION_BALANCED_AND_INACTIVE_AND_BB_LOW'}","{'eventTimestampGmt': '2025-08-10T01:01:53', 'bodyBatteryLevel': 'HIGH', 'feedbackShortType': 'SLEEP_TIME_PASSED_STRESSFUL_AND_INACTIVE', 'feedbackLongType': 'SLEEP_TIME_PASSED_STRESSFUL_AND_INACTIVE'}","[{'eventType': 'SLEEP', 'eventStartTimeGmt': '2025-08-09T19:45:14', 'timezoneOffset': 10800000, 'durationInMilliseconds': 36900000, 'bodyBatteryImpact': 58, 'feedbackType': 'NONE', 'shortFeedback': 'NONE', 'deviceId': 3423864303, 'activityName': None, 'activityType': None, 'activityId': None, 'eventUpdateTimeGmt': '2025-08-10T06:00:17'}, {'eventType': 'NAP', 'eventStartTimeGmt': '2025-08-10T14:09:17', 'timezoneOffset': 10800000, 'durationInMilliseconds': 2280000, 'bodyBatteryImpact': 0, 'feedbackType': 'NAP_NOT_RECOVERING_BODY_BATTERY_MAINTAIN', 'shortFeedback': 'NAP', 'deviceId': 3423864303, 'activityName': None, 'activityType': None, 'activityId': None, 'eventUpdateTimeGmt': '2025-08-10T14:48:30'}]",16.0,24.0,8.0,15.0,2025-08-10T21:00:00.0,200,2025-08-10
5652846,2639.0,601.0,2038.0,2639.0,,,3101.0,12671,2500,10553,10553,601.0,3101.0,5652846,2025-08-11,"{'typeId': 4, 'typeKey': 'groups'}",fdded80635fe450eb1dc1a319fe16244,1500,2025-08-10T21:00:00.0,2025-08-11T00:00:00.0,2025-08-11T21:00:00.0,2025-08-12T00:00:00.0,86400000,,5861,1680,53190,25669,True,True,False,False,25,0,195.972,199.246,64.29528,65.36942,150,10,56,145,60,60,GARMIN,31,97,37020,36120,10680,1560,85380,29220,6240,1560.0,43.36,42.3,12.51,1.83,34.22,7.31,1.83,BALANCED,58260,25560,,57,139,46,42,58,12,17,43.0,56.0,3.0,,,,,,,14.0,102.0,"{'eventTimestampGmt': '2025-08-11T19:27:24', 'bodyBatteryLevel': 'MODERATE', 'feedbackShortType': 'SLEEP_PREPARATION_RECOVERING_AND_EXERCISE', 'feedbackLongType': 'SLEEP_PREPARATION_RECOVERING_AND_EXERCISE'}","{'eventTimestampGmt': '2025-08-10T23:30:42', 'bodyBatteryLevel': 'HIGH', 'feedbackShortType': 'SLEEP_TIME_PASSED_BALANCED_AND_INACTIVE', 'feedbackLongType': 'SLEEP_TIME_PASSED_BALANCED_AND_INACTIVE'}","[{'eventType': 'SLEEP', 'eventStartTimeGmt': '2025-08-10T21:10:17', 'timezoneOffset': 10800000, 'durationInMilliseconds': 24660000, 'bodyBatteryImpact': 44, 'feedbackType': 'NONE', 'shortFeedback': 'NONE', 'deviceId': 3423864303, 'activityName': None, 'activityType': None, 'activityId': None, 'eventUpdateTimeGmt': '2025-08-11T04:06:48'}, {'eventType': 'ACTIVITY', 'eventStartTimeGmt': '2025-08-11T12:30:39', 'timezoneOffset': 10800000, 'durationInMilliseconds': 4440000, 'bodyBatteryImpact': -6, 'feedbackType': 'EXERCISE_TRAINING_EFFECT_2', 'shortFeedback': 'EASY_AEROBIC', 'deviceId': 3423864303, 'activityName': None, 'activityType': None, 'activityId': None, 'eventUpdateTimeGmt': '2025-08-11T13:45:11'}]",15.0,25.0,6.0,17.0,2025-08-11T21:00:00.0,200,2025-08-11
5652846,2439.0,401.0,2038.0,2439.0,,,2901.0,9948,2500,8379,8379,401.0,2901.0,5652846,2025-08-12,"{'typeId': 4, 'typeKey': 'groups'}",ca55635623de474f8d94a2e4bf2194ac,1500,2025-08-11T21:00:00.0,2025-08-12T00:00:00.0,2025-08-12T21:00:00.0,2025-08-13T00:00:00.0,86400000,,4298,2918,51177,28007,True,True,False,False,1,0,24.384,30.703,8.0,10.07316,150,10,49,117,57,60,GARMIN,28,88,34740,38880,9240,1560,84420,27780,6180,780.0,41.15,46.06,10.95,1.85,32.91,7.32,0.92,BALANCED,56820,26040,,54,116,59,53,76,17,23,59.0,76.0,3.0,,,,,,,13.0,49.0,"{'eventTimestampGmt': '2025-08-12T20:01:24', 'bodyBatteryLevel': 'MODERATE', 'feedbackShortType': 'SLEEP_PREPARATION_RECOVERING_AND_EXERCISE', 'feedbackLongType': 'SLEEP_PREPARATION_RECOVERING_AND_EXERCISE'}","{'eventTimestampGmt': '2025-08-11T22:51:06', 'bodyBatteryLevel': 'HIGH', 'feedbackShortType': 'SLEEP_TIME_PASSED_RECOVERING_AND_EXERCISE', 'feedbackLongType': 'SLEEP_TIME_PASSED_RECOVERING_AND_EXERCISE'}","[{'eventType': 'SLEEP', 'eventStartTimeGmt': '2025-08-11T20:43:11', 'timezoneOffset': 10800000, 'durationInMilliseconds': 27900000, 'bodyBatteryImpact': 59, 'feedbackType': 'NONE', 'shortFeedback': 'NONE', 'deviceId': 3423864303, 'activityName': None, 'activityType': None, 'activityId': None, 'eventUpdateTimeGmt': '2025-08-12T04:28:37'}, {'eventType': 'RECOVERY', 'eventStartTimeGmt': '2025-08-12T07:35:32', 'timezoneOffset': 10800000, 'durationInMilliseconds': 2700000, 'bodyBatteryImpact': 0, 'feedbackType': 'RECOVERY_BODY_BATTERY_NOT_INCREASE', 'shortFeedback': 'RESTFUL_PERIOD', 'deviceId': 3423864303, 'activityName': None, 'activityType': None, 'activityId': None, 'eventUpdateTimeGmt': '2025-08-12T08:24:20'}, {'eventType': 'ACTIVITY', 'eventStartTimeGmt': '2025-08-12T12:29:29', 'timezoneOffset': 10800000, 'durationInMilliseconds': 2040000, 'bodyBatteryImpact': -3, 'feedbackType': 'EXERCISE_TRAINING_EFFECT_BELOW_2', 'shortFeedback': 'EASY_RECOVERY', 'deviceId': 3423864303, 'activityName': 'Helsinki Walking', 'activityType': 'walking', 'activityId': 20035719279, 'eventUpdateTimeGmt': '2025-08-12T13:04:50'}]",15.0,24.0,6.0,17.0,2025-08-12T21:00:00.0,200,2025-08-12
5652846,3301.0,1263.0,2038.0,3301.0,,,3763.0,11480,2500,22386,10850,1263.0,3763.0,5652846,2025-08-13,"{'typeId': 4, 'typeKey': 'groups'}",d575248df4fa4c4d83e6168a86f36493,1500,2025-08-12T21:00:00.0,2025-08-13T00:00:00.0,2025-08-13T21:00:00.0,2025-08-14T00:00:00.0,86400000,,6621,3345,47317,29117,True,True,False,False,9,64,46.515,26.781,15.26083,8.78642,150,10,52,180,56,59,GARMIN,32,99,34380,32040,10020,8160,84600,23940,8760,1680.0,40.64,37.87,11.84,9.65,28.3,10.35,1.99,BALANCED,47940,28500,,54,179,47,61,70,9,9,47.0,70.0,3.0,,,,,,,9.0,92.0,"{'eventTimestampGmt': '2025-08-13T18:01:49', 'bodyBatteryLevel': 'LOW', 'feedbackShortType': 'SLEEP_PREPARATION_BALANCED_AND_INTENSIVE_EXERCISE', 'feedbackLongType': 'SLEEP_PREPARATION_BALANCED_AND_INTENSIVE_EXERCISE_AND_BB_LOW'}","{'eventTimestampGmt': '2025-08-12T21:35:05', 'bodyBatteryLevel': 'HIGH', 'feedbackShortType': 'SLEEP_TIME_PASSED_RECOVERING_AND_EXERCISE', 'feedbackLongType': 'SLEEP_TIME_PASSED_RECOVERING_AND_EXERCISE'}","[{'eventType': 'SLEEP', 'eventStartTimeGmt': '2025-08-12T20:41:50', 'timezoneOffset': 10800000, 'durationInMilliseconds': 30180000, 'bodyBatteryImpact': 47, 'feedbackType': 'NONE', 'shortFeedback': 'NONE', 'deviceId': 3423864303, 'activityName': None, 'activityType': None, 'activityId': None, 'eventUpdateTimeGmt': '2025-08-13T05:05:17'}, {'eventType': 'ACTIVITY', 'eventStartTimeGmt': '2025-08-13T14:08:43', 'timezoneOffset': 10800000, 'durationInMilliseconds': 3900000, 'bodyBatteryImpact': -14, 'feedbackType': 'EXERCISE_TRAINING_EFFECT_5', 'shortFeedback': 'OVERREACHING_TEMPO', 'deviceId': 3423864303, 'activityName': 'Rullahiihto tasuri', 'activityType': 'cross_country_skiing_ws', 'activityId': 20046530793, 'eventUpdateTimeGmt': '2025-08-13T15:14:24'}]",17.0,41.0,7.0,14.0,2025-08-13T21:00:00.0,200,2025-08-13
5652846,2493.0,455.0,2038.0,2493.0,,,2955.0,11767,2500,11555,11555,455.0,2955.0,5652846,2025-08-14,"{'typeId': 4, 'typeKey': 'groups'}",42eae3807c0c434581c81a96de682c8b,1500,2025-08-13T21:00:00.0,2025-08-14T00:00:00.0,2025-08-14T21:00:00.0,2025-08-15T00:00:00.0,86400000,,4948,2804,52169,26479,True,True,False,False,0,0,30.48,41.254,10.0,13.53478,150,10,57,114,61,60,GARMIN,33,93,45600,27900,10020,1980,85500,37140,7800,660.0,53.33,32.63,11.72,2.32,43.44,9.12,0.77,STRESSFUL,58320,25200,,58,112,38,35,47,9,12,38.0,47.0,3.0,,,,,,,10.0,47.0,"{'eventTimestampGmt': '2025-08-14T17:50:00', 'bodyBatteryLevel': 'LOW', 'feedbackShortType': 'SLEEP_PREPARATION_BALANCED_AND_EXERCISE', 'feedbackLongType': 'SLEEP_PREPARATION_BALANCED_AND_EXERCISE_AND_BB_LOW_MORNING_AND_NOW'}","{'eventTimestampGmt': '2025-08-14T00:14:38', 'bodyBatteryLevel': 'HIGH', 'feedbackShortType': 'SLEEP_TIME_PASSED_BALANCED_AND_INACTIVE', 'feedbackLongType': 'SLEEP_TIME_PASSED_BALANCED_AND_INACTIVE'}","[{'eventType': 'SLEEP', 'eventStartTimeGmt': '2025-08-13T21:32:24', 'timezoneOffset': 10800000, 'durationInMilliseconds': 25440000, 'bodyBatteryImpact': 38, 'feedbackType': 'NONE', 'shortFeedback': 'NONE', 'deviceId': 3423864303, 'activityName': None, 'activityType': None, 'activityId': None, 'eventUpdateTimeGmt': '2025-08-14T04:37:37'}, {'eventType': 'ACTIVITY', 'eventStartTimeGmt': '2025-08-14T12:56:58', 'timezoneOffset': 10800000, 'durationInMilliseconds': 1980000, 'bodyBatteryImpact': -2, 'feedbackType': 'EXERCISE_TRAINING_EFFECT_BELOW_2', 'shortFeedback': 'EASY_RECOVERY', 'deviceId': 3423864303, 'activityName': 'Helsinki Walking', 'activityType': 'walking', 'activityId': 20058838682, 'eventUpdateTimeGmt': '2025-08-14T13:30:41'}]",15.0,24.0,7.0,20.0,2025-08-14T21:00:00.0,200,2025-08-14
5652846,3439.0,1401.0,2038.0,3439.0,,,3901.0,14749,2500,24749,14262,1401.0,3901.0,5652846,2025-08-15,"{'typeId': 4, 'typeKey': 'groups'}",107f9df7592a45bca8830fcefa17ffda,1500,2025-08-14T21:00:00.0,2025-08-15T00:00:00.0,2025-08-15T21:00:00.0,2025-08-16T00:00:00.0,86400000,,8591,4627,55688,17494,True,True,False,False,31,53,68.458,52.229,22.45997,17.1355,150,10,50,179,59,59,GARMIN,31,96,32640,33120,12360,7980,86100,24060,6960,1620.0,37.91,38.47,14.36,9.27,27.94,8.08,1.88,BALANCED,60900,17220,,53,179,44,51,56,5,5,31.0,43.0,3.0,,,,,,,18.0,108.0,"{'eventTimestampGmt': '2025-08-15T17:52:21', 'bodyBatteryLevel': 'VERY_LOW', 'feedbackShortType': 'SLEEP_PREPARATION_BALANCED_AND_INTENSIVE_EXERCISE', 'feedbackLongType': 'SLEEP_PREPARATION_BALANCED_AND_INTENSIVE_EXERCISE_AND_BB_LOW_MORNING_AND_NOW'}","{'eventTimestampGmt': '2025-08-15T18:13:53', 'bodyBatteryLevel': 'VERY_LOW', 'feedbackShortType': 'SLEEP_TIME_PASSED_BALANCED_AND_INTENSIVE_EXERCISE', 'feedbackLongType': 'SLEEP_TIME_PASSED_BALANCED_AND_INTENSIVE_EXERCISE_AND_BB_LOW_MORNING_AND_NOW'}","[{'eventType': 'SLEEP', 'eventStartTimeGmt': '2025-08-14T20:42:41', 'timezoneOffset': 10800000, 'durationInMilliseconds': 16260000, 'bodyBatteryImpact': 32, 'feedbackType': 'NONE', 'shortFeedback': 'NONE', 'deviceId': 3423864303, 'activityName': None, 'activityType': None, 'activityId': None, 'eventUpdateTimeGmt': '2025-08-15T04:39:07'}, {'eventType': 'ACTIVITY', 'eventStartTimeGmt': '2025-08-15T13:47:46', 'timezoneOffset': 10800000, 'durationInMilliseconds': 4860000, 'bodyBatteryImpact': -12, 'feedbackType': 'EXERCISE_TRAINING_EFFECT_4', 'shortFeedback': 'HIGHLY_IMPROVING_AEROBIC_ENDURANCE', 'deviceId': 3423864303, 'activityName': 'Vantaa Cross Country Classic Skiing', 'activityType': 'cross_country_skiing_ws', 'activityId': 20068494421, 'eventUpdateTimeGmt': '2025-08-15T15:11:07'}]",18.0,41.0,7.0,16.0,2025-08-15T21:00:00.0,200,2025-08-15
5652846,2775.0,737.0,2038.0,2775.0,,,3237.0,11910,2500,9983,9983,737.0,3237.0,5652846,2025-08-16,"{'typeId': 4, 'typeKey': 'groups'}",89a58a0e1e584dbc80ed324f42a18fb3,1500,2025-08-15T21:00:00.0,2025-08-16T00:00:00.0,2025-08-16T21:00:00.0,2025-08-17T00:00:00.0,86400000,,5459,3593,54421,22927,True,True,False,False,26,0,50.287,55.802,16.49836,18.30774,150,10,58,133,60,59,GARMIN,35,99,40500,31680,12480,1560,86220,25740,11700,3060.0,46.97,36.74,14.47,1.81,29.85,13.57,3.55,STRESSFUL,61800,22860,,59,132,50,45,53,5,10,42.0,47.0,3.0,,,,,,,26.0,54.0,"{'eventTimestampGmt': '2025-08-16T17:50:00', 'bodyBatteryLevel': 'LOW', 'feedbackShortType': 'SLEEP_PREPARATION_BALANCED_AND_EXERCISE', 'feedbackLongType': 'SLEEP_PREPARATION_BALANCED_AND_EXERCISE_AND_BB_LOW_MORNING_AND_NOW'}","{'eventTimestampGmt': '2025-08-16T20:22:16', 'bodyBatteryLevel': 'LOW', 'feedbackShortType': 'SLEEP_TIME_PASSED_BALANCED_AND_EXERCISE', 'feedbackLongType': 'SLEEP_TIME_PASSED_BALANCED_AND_EXERCISE_AND_BB_LOW_MORNING_AND_NOW'}","[{'eventType': 'SLEEP', 'eventStartTimeGmt': '2025-08-15T20:22:07', 'timezoneOffset': 10800000, 'durationInMilliseconds': 25200000, 'bodyBatteryImpact': 43, 'feedbackType': 'NONE', 'shortFeedback': 'NONE', 'deviceId': 3423864303, 'activityName': None, 'activityType': None, 'activityId': None, 'eventUpdateTimeGmt': '2025-08-16T03:31:50'}, {'eventType': 'ACTIVITY', 'eventStartTimeGmt': '2025-08-16T06:56:23', 'timezoneOffset': 10800000, 'durationInMilliseconds': 3180000, 'bodyBatteryImpact': -3, 'feedbackType': 'EXERCISE_TRAINING_EFFECT_BELOW_2', 'shortFeedback': 'EASY_RECOVERY', 'deviceId': 3423864303, 'activityName': 'Helsinki Walking', 'activityType': 'walking', 'activityId': 20073684569, 'eventUpdateTimeGmt': '2025-08-16T07:50:07'}]",15.0,26.0,6.0,17.0,2025-08-16T21:00:00.0,200,2025-08-16
5652846,2746.0,708.0,2038.0,2746.0,,,3208.0,10245,2500,8394,8394,708.0,3208.0,5652846,2025-08-17,"{'typeId': 4, 'typeKey': 'groups'}",db96adce9cb548a3987c500c210fa8db,1500,2025-08-16T21:00:00.0,2025-08-17T00:00:00.0,2025-08-17T21:00:00.0,2025-08-18T00:00:00.0,86400000,,4762,3419,56559,21660,True,True,False,False,20,0,45.72,69.921,15.0,22.93996,150,10,55,137,57,59,GARMIN,30,99,27900,42000,13380,2940,86220,14580,9240,4080.0,32.36,48.71,15.52,3.41,16.91,10.72,4.73,BALANCED,61620,21660,,56,131,70,61,76,10,19,59.0,73.0,3.0,1.0,,,,,,15.0,40.0,"{'eventTimestampGmt': '2025-08-17T19:20:53', 'bodyBatteryLevel': 'MODERATE', 'feedbackShortType': 'SLEEP_PREPARATION_BALANCED_AND_EXERCISE', 'feedbackLongType': 'SLEEP_PREPARATION_BALANCED_AND_EXERCISE'}","{'eventTimestampGmt': '2025-08-16T23:35:26', 'bodyBatteryLevel': 'HIGH', 'feedbackShortType': 'SLEEP_TIME_PASSED_BALANCED_AND_EXERCISE', 'feedbackLongType': 'SLEEP_TIME_PASSED_BALANCED_AND_EXERCISE'}","[{'eventType': 'SLEEP', 'eventStartTimeGmt': '2025-08-16T22:27:07', 'timezoneOffset': 10800000, 'durationInMilliseconds': 21660000, 'bodyBatteryImpact': 59, 'feedbackType': 'NONE', 'shortFeedback': 'NONE', 'deviceId': 3423864303, 'activityName': None, 'activityType': None, 'activityId': None, 'eventUpdateTimeGmt': '2025-08-17T05:21:52'}, {'eventType': 'ACTIVITY', 'eventStartTimeGmt': '2025-08-17T12:35:20', 'timezoneOffset': 10800000, 'durationInMilliseconds': 1680000, 'bodyBatteryImpact': -2, 'feedbackType': 'EXERCISE_TRAINING_EFFECT_BELOW_2', 'shortFeedback': 'EASY_RECOVERY', 'deviceId': 3423864303, 'activityName': 'Helsinki Walking', 'activityType': 'walking', 'activityId': 20087527378, 'eventUpdateTimeGmt': '2025-08-17T13:04:38'}, {'eventType': 'RECOVERY', 'eventStartTimeGmt': '2025-08-17T17:53:23', 'timezoneOffset': 10800000, 'durationInMilliseconds': 5220000, 'bodyBatteryImpact': 0, 'feedbackType': 'RECOVERY_EVENING', 'shortFeedback': 'RESTFUL_PERIOD', 'deviceId': 3423864303, 'activityName': None, 'activityType': None, 'activityId': None, 'eventUpdateTimeGmt': '2025-08-17T19:23:25'}]",15.0,23.0,7.0,21.0,2025-08-17T21:00:00.0,200,2025-08-17
5652846,2545.0,507.0,2038.0,2545.0,,,3007.0,10884,2500,9403,9403,507.0,3007.0,5652846,2025-08-18,"{'typeId': 4, 'typeKey': 'groups'}",71f872dd55b040a3b41ea3bd52804487,1500,2025-08-17T21:00:00.0,2025-08-18T00:00:00.0,2025-08-18T21:00:00.0,2025-08-19T00:00:00.0,86400000,,5294,2479,52408,26219,True,True,False,False,0,0,35.564,45.882,11.66798,15.05315,150,10,52,112,55,58,GARMIN,25,96,21840,51480,11160,1500,85980,15360,5520,960.0,25.4,59.87,12.98,1.74,17.86,6.42,1.12,BALANCED,62280,22200,,55,110,66,52,79,19,33,59.0,79.0,3.0,,,,,,,14.0,71.0,"{'eventTimestampGmt': '2025-08-18T17:50:00', 'bodyBatteryLevel': 'HIGH', 'feedbackShortType': 'SLEEP_PREPARATION_RECOVERING_AND_EXERCISE', 'feedbackLongType': 'SLEEP_PREPARATION_RECOVERING_AND_EXERCISE'}","{'eventTimestampGmt': '2025-08-18T20:57:50', 'bodyBatteryLevel': 'HIGH', 'feedbackShortType': 'SLEEP_TIME_PASSED_RECOVERING_AND_EXERCISE', 'feedbackLongType': 'SLEEP_TIME_PASSED_RECOVERING_AND_EXERCISE'}","[{'eventType': 'SLEEP', 'eventStartTimeGmt': '2025-08-17T21:43:38', 'timezoneOffset': 10800000, 'durationInMilliseconds': 22440000, 'bodyBatteryImpact': 59, 'feedbackType': 'NONE', 'shortFeedback': 'NONE', 'deviceId': 3423864303, 'activityName': None, 'activityType': None, 'activityId': None, 'eventUpdateTimeGmt': '2025-08-18T03:59:53'}, {'eventType': 'RECOVERY', 'eventStartTimeGmt': '2025-08-18T11:18:33', 'timezoneOffset': 10800000, 'durationInMilliseconds': 3540000, 'bodyBatteryImpact': -1, 'feedbackType': 'RECOVERY_BODY_BATTERY_NOT_INCREASE', 'shortFeedback': 'RESTFUL_PERIOD', 'deviceId': 3423864303, 'activityName': None, 'activityType': None, 'activityId': None, 'eventUpdateTimeGmt': '2025-08-18T12:20:20'}, {'eventType': 'RECOVERY', 'eventStartTimeGmt': '2025-08-18T12:23:48', 'timezoneOffset': 10800000, 'durationInMilliseconds': 1740000, 'bodyBatteryImpact': 2, 'feedbackType': 'RECOVERY_BODY_BATTERY_INCREASE', 'shortFeedback': 'BODY_BATTERY_RECHARGE', 'deviceId': 3423864303, 'activityName': None, 'activityType': None, 'activityId': None, 'eventUpdateTimeGmt': '2025-08-18T12:55:35'}, {'eventType': 'ACTIVITY', 'eventStartTimeGmt': '2025-08-18T12:56:55', 'timezoneOffset': 10800000, 'durationInMilliseconds': 3960000, 'bodyBatteryImpact': -6, 'feedbackType': 'EXERCISE_TRAINING_EFFECT_BELOW_2', 'shortFeedback': 'EASY_RECOVERY', 'deviceId': 3423864303, 'activityName': 'Helsinki Walking', 'activityType': 'walking', 'activityId': 20098036319, 'eventUpdateTimeGmt': '2025-08-18T14:04:01'}]",15.0,24.0,7.0,18.0,2025-08-18T21:00:00.0,200,2025-08-18
5652846,3377.0,1339.0,2038.0,3377.0,,,3839.0,14877,2500,24760,14198,1339.0,3839.0,5652846,2025-08-19,"{'typeId': 4, 'typeKey': 'groups'}",9938c2a60621479b8e100835755cfc31,1500,2025-08-18T21:00:00.0,2025-08-19T00:00:00.0,2025-08-19T21:00:00.0,2025-08-20T00:00:00.0,86400000,,9582,2789,46720,27309,True,True,False,False,47,53,101.854,89.161,33.41667,29.2523,150,10,49,172,55,58,GARMIN,29,98,28740,36780,11340,9180,86040,19380,6420,2940.0,33.4,42.75,13.18,10.67,22.52,7.46,3.42,BALANCED,49560,27300,,51,169,64,83,97,14,14,68.0,97.0,3.0,,,,,,,17.0,185.0,"{'eventTimestampGmt': '2025-08-19T19:45:08', 'bodyBatteryLevel': 'LOW', 'feedbackShortType': 'SLEEP_PREPARATION_BALANCED_AND_INTENSIVE_EXERCISE', 'feedbackLongType': 'SLEEP_PREPARATION_BALANCED_AND_INTENSIVE_EXERCISE_AND_BB_LOW'}","{'eventTimestampGmt': '2025-08-19T20:49:11', 'bodyBatteryLevel': 'LOW', 'feedbackShortType': 'SLEEP_TIME_PASSED_BALANCED_AND_INTENSIVE_EXERCISE', 'feedbackLongType': 'SLEEP_TIME_PASSED_BALANCED_AND_INTENSIVE_EXERCISE_AND_BB_LOW'}","[{'eventType': 'SLEEP', 'eventStartTimeGmt': '2025-08-18T19:57:01', 'timezoneOffset': 10800000, 'durationInMilliseconds': 28320000, 'bodyBatteryImpact': 68, 'feedbackType': 'NONE', 'shortFeedback': 'NONE', 'deviceId': 3423864303, 'activityName': None, 'activityType': None, 'activityId': None, 'eventUpdateTimeGmt': '2025-08-19T03:52:49'}, {'eventType': 'ACTIVITY', 'eventStartTimeGmt': '2025-08-19T12:27:18', 'timezoneOffset': 10800000, 'durationInMilliseconds': 1800000, 'bodyBatteryImpact': -2, 'feedbackType': 'EXERCISE_TRAINING_EFFECT_BELOW_2', 'shortFeedback': 'NONE', 'deviceId': 3423864303, 'activityName': 'Helsinki Walking', 'activityType': 'walking', 'activityId': 20108628355, 'eventUpdateTimeGmt': '2025-08-19T12:58:44'}, {'eventType': 'ACTIVITY', 'eventStartTimeGmt': '2025-08-19T14:08:37', 'timezoneOffset': 10800000, 'durationInMilliseconds': 4800000, 'bodyBatteryImpact': -16, 'feedbackType': 'EXERCISE_TRAINING_EFFECT_4', 'shortFeedback': 'HIGHLY_IMPROVING_AEROBIC_ENDURANCE', 'deviceId': 3423864303, 'activityName': 'Vantaa Cross Country Classic Skiing', 'activityType': 'cross_country_skiing_ws', 'activityId': 20111027466, 'eventUpdateTimeGmt': '2025-08-19T15:29:15'}, {'eventType': 'ACTIVITY', 'eventStartTimeGmt': '2025-08-19T16:19:36', 'timezoneOffset': 10800000, 'durationInMilliseconds': 1320000, 'bodyBatteryImpact': -3, 'feedbackType': 'NONE', 'shortFeedback': 'NONE', 'deviceId': 3423864303, 'activityName': None, 'activityType': None, 'activityId': None, 'eventUpdateTimeGmt': '2025-08-19T16:41:52'}]",17.0,41.0,6.0,18.0,2025-08-19T21:00:00.0,200,2025-08-19
5652846,2591.0,553.0,2038.0,2591.0,,,3053.0,10365,2500,10108,10108,553.0,3053.0,5652846,2025-08-20,"{'typeId': 4, 'typeKey': 'groups'}",9f2e8af4d95e4f818b23edd7e6c8eacb,1500,2025-08-19T21:00:00.0,2025-08-20T00:00:00.0,2025-08-20T21:00:00.0,2025-08-21T00:00:00.0,86400000,,5095,2007,50029,29269,True,True,False,False,0,0,49.614,39.481,16.27756,12.95308,150,10,53,119,60,58,GARMIN,29,95,28020,35760,10140,10380,84300,22260,5160,600.0,33.24,42.42,12.03,12.31,26.41,6.12,0.71,BALANCED,48000,25920,,54,117,45,37,54,14,22,40.0,54.0,3.0,,,,,,,16.0,105.0,"{'eventTimestampGmt': '2025-08-20T17:58:12', 'bodyBatteryLevel': 'MODERATE', 'feedbackShortType': 'SLEEP_PREPARATION_RECOVERING_AND_EXERCISE', 'feedbackLongType': 'SLEEP_PREPARATION_RECOVERING_AND_EXERCISE'}","{'eventTimestampGmt': '2025-08-19T23:00:48', 'bodyBatteryLevel': 'HIGH', 'feedbackShortType': 'SLEEP_TIME_PASSED_BALANCED_AND_INTENSIVE_EXERCISE', 'feedbackLongType': 'SLEEP_TIME_PASSED_BALANCED_AND_INTENSIVE_EXERCISE'}","[{'eventType': 'SLEEP', 'eventStartTimeGmt': '2025-08-19T20:13:52', 'timezoneOffset': 10800000, 'durationInMilliseconds': 29880000, 'bodyBatteryImpact': 40, 'feedbackType': 'NONE', 'shortFeedback': 'NONE', 'deviceId': 3423864303, 'activityName': None, 'activityType': None, 'activityId': None, 'eventUpdateTimeGmt': '2025-08-20T04:36:01'}, {'eventType': 'RECOVERY', 'eventStartTimeGmt': '2025-08-20T11:05:01', 'timezoneOffset': 10800000, 'durationInMilliseconds': 1860000, 'bodyBatteryImpact': 0, 'feedbackType': 'RECOVERY_BODY_BATTERY_NOT_INCREASE', 'shortFeedback': 'RESTFUL_PERIOD', 'deviceId': 3423864303, 'activityName': None, 'activityType': None, 'activityId': None, 'eventUpdateTimeGmt': '2025-08-20T11:37:15'}, {'eventType': 'ACTIVITY', 'eventStartTimeGmt': '2025-08-20T12:34:57', 'timezoneOffset': 10800000, 'durationInMilliseconds': 4140000, 'bodyBatteryImpact': -3, 'feedbackType': 'EXERCISE_TRAINING_EFFECT_BELOW_2', 'shortFeedback': 'EASY_RECOVERY', 'deviceId': 3423864303, 'activityName': 'Helsinki Walking', 'activityType': 'walking', 'activityId': 20120379781, 'eventUpdateTimeGmt': '2025-08-20T13:45:12'}, {'eventType': 'ACTIVITY', 'eventStartTimeGmt': '2025-08-20T16:20:19', 'timezoneOffset': 10800000, 'durationInMilliseconds': 1680000, 'bodyBatteryImpact': -3, 'feedbackType': 'NONE', 'shortFeedback': 'NONE', 'deviceId': 3423864303, 'activityName': 'Yoga', 'activityType': 'yoga', 'activityId': 20122299194, 'eventUpdateTimeGmt': '2025-08-20T16:49:03'}]",15.0,28.0,6.0,16.0,2025-08-20T21:00:00.0,200,2025-08-20
5652846,2799.0,761.0,2038.0,2799.0,,,3261.0,12023,2500,10339,10339,761.0,3261.0,5652846,2025-08-21,"{'typeId': 4, 'typeKey': 'groups'}",8a9b3de62c9946ab8944b798cbd8b0e6,1500,2025-08-20T21:00:00.0,2025-08-21T00:00:00.0,2025-08-21T21:00:00.0,2025-08-22T00:00:00.0,86400000,,5064,2561,50930,27845,True,True,False,False,30,17,242.337,246.641,79.50689,80.91896,150,10,52,175,59,58,GARMIN,22,90,13200,60240,7380,5100,85920,9180,2520,1500.0,15.36,70.11,8.59,5.94,10.68,2.93,1.75,CALM,57900,22920,,53,170,59,46,70,22,35,48.0,69.0,3.0,,,,,,,14.0,130.0,"{'eventTimestampGmt': '2025-08-21T17:50:01', 'bodyBatteryLevel': 'HIGH', 'feedbackShortType': 'SLEEP_PREPARATION_RECOVERING_AND_INTENSIVE_EXERCISE', 'feedbackLongType': 'SLEEP_PREPARATION_RECOVERING_AND_INTENSIVE_EXERCISE'}","{'eventTimestampGmt': '2025-08-21T20:27:14', 'bodyBatteryLevel': 'HIGH', 'feedbackShortType': 'SLEEP_TIME_PASSED_RECOVERING_AND_INTENSIVE_EXERCISE', 'feedbackLongType': 'SLEEP_TIME_PASSED_RECOVERING_AND_INTENSIVE_EXERCISE'}","[{'eventType': 'SLEEP', 'eventStartTimeGmt': '2025-08-20T20:24:03', 'timezoneOffset': 10800000, 'durationInMilliseconds': 25380000, 'bodyBatteryImpact': 48, 'feedbackType': 'NONE', 'shortFeedback': 'NONE', 'deviceId': 3423864303, 'activityName': None, 'activityType': None, 'activityId': None, 'eventUpdateTimeGmt': '2025-08-21T03:57:06'}, {'eventType': 'RECOVERY', 'eventStartTimeGmt': '2025-08-21T05:40:46', 'timezoneOffset': 10800000, 'durationInMilliseconds': 4920000, 'bodyBatteryImpact': 0, 'feedbackType': 'RECOVERY_LONG_BODY_BATTERY_NOT_INCREASE', 'shortFeedback': 'LONG_RESTFUL_PERIOD', 'deviceId': 3423864303, 'activityName': None, 'activityType': None, 'activityId': None, 'eventUpdateTimeGmt': '2025-08-21T07:06:00'}, {'eventType': 'RECOVERY', 'eventStartTimeGmt': '2025-08-21T07:36:26', 'timezoneOffset': 10800000, 'durationInMilliseconds': 2640000, 'bodyBatteryImpact': 1, 'feedbackType': 'RECOVERY_BODY_BATTERY_INCREASE', 'shortFeedback': 'BODY_BATTERY_RECHARGE', 'deviceId': 3423864303, 'activityName': None, 'activityType': None, 'activityId': None, 'eventUpdateTimeGmt': '2025-08-21T08:23:30'}, {'eventType': 'ACTIVITY', 'eventStartTimeGmt': '2025-08-21T12:26:35', 'timezoneOffset': 10800000, 'durationInMilliseconds': 3780000, 'bodyBatteryImpact': -11, 'feedbackType': 'EXERCISE_TRAINING_EFFECT_3', 'shortFeedback': 'IMPROVING_AEROBIC_BASE', 'deviceId': 3423864303, 'activityName': 'Helsinki Trail Running', 'activityType': 'trail_running', 'activityId': 20130922226, 'eventUpdateTimeGmt': '2025-08-21T13:30:59'}, {'eventType': 'RECOVERY', 'eventStartTimeGmt': '2025-08-21T16:42:08', 'timezoneOffset': 10800000, 'durationInMilliseconds': 1800000, 'bodyBatteryImpact': 0, 'feedbackType': 'RECOVERY_BODY_BATTERY_NOT_INCREASE', 'shortFeedback': 'RESTFUL_PERIOD', 'deviceId': 3423864303, 'activityName': None, 'activityType': None, 'activityId': None, 'eventUpdateTimeGmt': '2025-08-21T17:15:15'}]",16.0,40.0,8.0,17.0,2025-08-21T21:00:00.0,200,2025-08-21
5652846,2457.0,419.0,2038.0,2457.0,,,2919.0,10725,2500,8963,8963,419.0,2919.0,5652846,2025-08-22,"{'typeId': 4, 'typeKey': 'groups'}",d55b244cf0954e3bb34b06850019c035,1500,2025-08-21T21:00:00.0,2025-08-22T00:00:00.0,2025-08-22T21:00:00.0,2025-08-23T00:00:00.0,86400000,,5084,2442,56575,22299,True,True,False,False,0,0,50.511,57.747,16.57185,18.94587,150,10,52,115,58,58,GARMIN,27,92,27420,41460,14400,2940,86220,20700,5580,1140.0,31.8,48.09,16.7,3.41,24.01,6.47,1.32,BALANCED,61080,22200,,55,115,55,70,90,20,20,55.0,88.0,3.0,,,,,,,17.0,44.0,"{'eventTimestampGmt': '2025-08-22T19:24:44', 'bodyBatteryLevel': 'MODERATE', 'feedbackShortType': 'SLEEP_PREPARATION_RECOVERING_AND_EXERCISE', 'feedbackLongType': 'SLEEP_PREPARATION_RECOVERING_AND_EXERCISE'}","{'eventTimestampGmt': '2025-08-22T20:11:48', 'bodyBatteryLevel': 'MODERATE', 'feedbackShortType': 'SLEEP_TIME_PASSED_RECOVERING_AND_EXERCISE', 'feedbackLongType': 'SLEEP_TIME_PASSED_RECOVERING_AND_EXERCISE'}","[{'eventType': 'SLEEP', 'eventStartTimeGmt': '2025-08-21T19:42:58', 'timezoneOffset': 10800000, 'durationInMilliseconds': 26880000, 'bodyBatteryImpact': 55, 'feedbackType': 'NONE', 'shortFeedback': 'NONE', 'deviceId': 3423864303, 'activityName': None, 'activityType': None, 'activityId': None, 'eventUpdateTimeGmt': '2025-08-22T03:11:39'}, {'eventType': 'RECOVERY', 'eventStartTimeGmt': '2025-08-22T07:01:01', 'timezoneOffset': 10800000, 'durationInMilliseconds': 3600000, 'bodyBatteryImpact': 0, 'feedbackType': 'RECOVERY_LONG_BODY_BATTERY_NOT_INCREASE', 'shortFeedback': 'LONG_RESTFUL_PERIOD', 'deviceId': 3423864303, 'activityName': None, 'activityType': None, 'activityId': None, 'eventUpdateTimeGmt': '2025-08-22T08:03:36'}, {'eventType': 'ACTIVITY', 'eventStartTimeGmt': '2025-08-22T12:27:56', 'timezoneOffset': 10800000, 'durationInMilliseconds': 1980000, 'bodyBatteryImpact': -4, 'feedbackType': 'EXERCISE_TRAINING_EFFECT_BELOW_2', 'shortFeedback': 'EASY_RECOVERY', 'deviceId': 3423864303, 'activityName': 'Helsinki Walking', 'activityType': 'walking', 'activityId': 20141141209, 'eventUpdateTimeGmt': '2025-08-22T13:11:51'}]",15.0,24.0,7.0,18.0,2025-08-22T20:55:00.0,200,2025-08-22
5652846,4560.0,2522.0,2038.0,4560.0,,,5022.0,16798,2500,44145,16720,2522.0,5022.0,5652846,2025-08-23,"{'typeId': 4, 'typeKey': 'groups'}",c0c888d4994d4dda8053c25815b49d35,1500,2025-08-22T21:00:00.0,2025-08-23T00:00:00.0,2025-08-23T21:00:00.0,2025-08-24T00:00:00.0,86400000,,10046,7356,48418,20580,True,True,False,False,119,113,213.499,96.137,70.0456,31.54101,150,10,52,191,57,57,GARMIN,43,99,35340,21600,13740,14580,85260,13800,11460,10080.0,41.45,25.33,16.12,17.1,16.19,13.44,11.82,STRESSFUL,50100,20580,,52,191,45,60,58,5,5,41.0,58.0,3.0,,,,,,,15.0,233.0,"{'eventTimestampGmt': '2025-08-23T18:21:28', 'bodyBatteryLevel': 'VERY_LOW', 'feedbackShortType': 'SLEEP_PREPARATION_STRESSFUL_AND_INTENSIVE_EXERCISE', 'feedbackLongType': 'SLEEP_PREPARATION_STRESSFUL_AND_INTENSIVE_EXERCISE_AND_BB_LOW'}","{'eventTimestampGmt': '2025-08-23T00:21:11', 'bodyBatteryLevel': 'HIGH', 'feedbackShortType': 'SLEEP_TIME_PASSED_RECOVERING_AND_INACTIVE', 'feedbackLongType': 'SLEEP_TIME_PASSED_RECOVERING_AND_INACTIVE'}","[{'eventType': 'SLEEP', 'eventStartTimeGmt': '2025-08-22T22:34:51', 'timezoneOffset': 10800000, 'durationInMilliseconds': 20520000, 'bodyBatteryImpact': 41, 'feedbackType': 'NONE', 'shortFeedback': 'NONE', 'deviceId': 3423864303, 'activityName': None, 'activityType': None, 'activityId': None, 'eventUpdateTimeGmt': '2025-08-23T04:24:13'}, {'eventType': 'ACTIVITY', 'eventStartTimeGmt': '2025-08-23T08:38:37', 'timezoneOffset': 10800000, 'durationInMilliseconds': 12180000, 'bodyBatteryImpact': -27, 'feedbackType': 'EXERCISE_TRAINING_EFFECT_5', 'shortFeedback': 'OVERREACHING_AEROBIC_ENDURANCE', 'deviceId': 3423864303, 'activityName': 'Kirkkonummi \nRullahiihto perinteinen', 'activityType': 'cross_country_skiing_ws', 'activityId': 20150804136, 'eventUpdateTimeGmt': '2025-08-23T12:02:13'}]",21.0,40.0,7.0,16.0,2025-08-23T21:00:00.0,200,2025-08-23
5652846,3590.0,1552.0,2038.0,3590.0,,,4052.0,25169,2500,21562,21562,1552.0,4052.0,5652846,2025-08-24,"{'typeId': 4, 'typeKey': 'groups'}",301cc3461a7749cab6b0bdf307110721,1500,2025-08-23T21:00:00.0,2025-08-24T00:00:00.0,2025-08-24T21:00:00.0,2025-08-25T00:00:00.0,86400000,,8589,7455,43054,27302,True,True,False,False,129,17,211.912,198.07,69.52493,64.9836,150,10,61,215,61,58,GARMIN,36,91,41940,20580,8760,13320,84600,28800,12720,420.0,49.57,24.33,10.35,15.74,34.04,15.04,0.5,STRESSFUL,43980,27300,,62,166,20,18,22,5,7,15.0,20.0,3.0,,,,,,,38.0,231.0,"{'eventTimestampGmt': '2025-08-24T17:50:01', 'bodyBatteryLevel': 'VERY_LOW', 'feedbackShortType': 'SLEEP_PREPARATION_RECOVERING_AND_INTENSIVE_EXERCISE', 'feedbackLongType': 'SLEEP_PREPARATION_RECOVERING_AND_INTENSIVE_EXERCISE_AND_BB_LOW_MORNING_AND_NOW'}","{'eventTimestampGmt': '2025-08-24T20:46:21', 'bodyBatteryLevel': 'LOW', 'feedbackShortType': 'SLEEP_TIME_PASSED_RECOVERING_AND_INTENSIVE_EXERCISE', 'feedbackLongType': 'SLEEP_TIME_PASSED_RECOVERING_AND_INTENSIVE_EXERCISE_AND_BB_LOW_MORNING_AND_NOW'}","[{'eventType': 'SLEEP', 'eventStartTimeGmt': '2025-08-23T20:59:00', 'timezoneOffset': 10800000, 'durationInMilliseconds': 23760000, 'bodyBatteryImpact': 15, 'feedbackType': 'NONE', 'shortFeedback': 'NONE', 'deviceId': 3423864303, 'activityName': None, 'activityType': None, 'activityId': None, 'eventUpdateTimeGmt': '2025-08-24T03:58:20'}, {'eventType': 'ACTIVITY', 'eventStartTimeGmt': '2025-08-24T07:01:47', 'timezoneOffset': 10800000, 'durationInMilliseconds': 12480000, 'bodyBatteryImpact': -10, 'feedbackType': 'EXERCISE_TRAINING_EFFECT_3', 'shortFeedback': 'IMPROVING_AEROBIC_BASE', 'deviceId': 3423864303, 'activityName': 'Tammela Trail Running', 'activityType': 'trail_running', 'activityId': 20160595413, 'eventUpdateTimeGmt': '2025-08-24T10:30:58'}]",19.0,38.0,7.0,17.0,2025-08-24T21:00:00.0,200,2025-08-24
5652846,2446.0,408.0,2038.0,2446.0,,,2908.0,8781,2500,7626,7626,408.0,2908.0,5652846,2025-08-25,"{'typeId': 4, 'typeKey': 'groups'}",4c04388384ae461f9dfbcfe4766981d5,1500,2025-08-24T21:00:00.0,2025-08-25T00:00:00.0,2025-08-25T21:00:00.0,2025-08-26T00:00:00.0,86400000,,4852,678,49212,31658,True,True,False,False,0,0,54.864,53.861,18.0,17.67093,150,10,47,110,57,58,GARMIN,15,78,5100,61860,10080,3360,80400,4200,840,60.0,6.34,76.94,12.54,4.18,5.22,1.04,0.07,CALM,53340,23700,,51,109,93,50,90,7,50,85.0,90.0,3.0,,,,,,,15.0,100.0,"{'eventTimestampGmt': '2025-08-25T17:50:00', 'bodyBatteryLevel': 'HIGH', 'feedbackShortType': 'SLEEP_PREPARATION_RECOVERING_AND_EXERCISE', 'feedbackLongType': 'SLEEP_PREPARATION_RECOVERING_AND_EXERCISE'}","{'eventTimestampGmt': '2025-08-24T22:28:20', 'bodyBatteryLevel': 'HIGH', 'feedbackShortType': 'SLEEP_TIME_PASSED_RECOVERING_AND_INTENSIVE_EXERCISE', 'feedbackLongType': 'SLEEP_TIME_PASSED_RECOVERING_AND_INTENSIVE_EXERCISE'}","[{'eventType': 'SLEEP', 'eventStartTimeGmt': '2025-08-24T19:59:58', 'timezoneOffset': 10800000, 'durationInMilliseconds': 30780000, 'bodyBatteryImpact': 85, 'feedbackType': 'NONE', 'shortFeedback': 'NONE', 'deviceId': 3423864303, 'activityName': None, 'activityType': None, 'activityId': None, 'eventUpdateTimeGmt': '2025-08-25T04:33:32'}, {'eventType': 'RECOVERY', 'eventStartTimeGmt': '2025-08-25T07:03:47', 'timezoneOffset': 10800000, 'durationInMilliseconds': 6360000, 'bodyBatteryImpact': 1, 'feedbackType': 'RECOVERY_LONG_BODY_BATTERY_INCREASE', 'shortFeedback': 'LONG_RESTFUL_PERIOD', 'deviceId': 3423864303, 'activityName': None, 'activityType': None, 'activityId': None, 'eventUpdateTimeGmt': '2025-08-25T08:53:41'}, {'eventType': 'ACTIVITY', 'eventStartTimeGmt': '2025-08-25T11:58:38', 'timezoneOffset': 10800000, 'durationInMilliseconds': 5280000, 'bodyBatteryImpact': -9, 'feedbackType': 'EXERCISE_TRAINING_EFFECT_BELOW_2', 'shortFeedback': 'EASY_RECOVERY', 'deviceId': 3423864303, 'activityName': 'Helsinki Walking', 'activityType': 'walking', 'activityId': 20172507851, 'eventUpdateTimeGmt': '2025-08-25T13:28:04'}, {'eventType': 'NAP', 'eventStartTimeGmt': '2025-08-25T14:28:04', 'timezoneOffset': 10800000, 'durationInMilliseconds': 1920000, 'bodyBatteryImpact': 2, 'feedbackType': 'NAP_RECOVERING_BODY_BATTERY_INCREASE', 'shortFeedback': 'RESTFUL_NAP', 'deviceId': 3423864303, 'activityName': None, 'activityType': None, 'activityId': None, 'eventUpdateTimeGmt': '2025-08-25T15:04:15'}, {'eventType': 'RECOVERY', 'eventStartTimeGmt': '2025-08-25T16:09:59', 'timezoneOffset': 10800000, 'durationInMilliseconds': 2760000, 'bodyBatteryImpact': -1, 'feedbackType': 'RECOVERY_BODY_BATTERY_NOT_INCREASE', 'shortFeedback': 'RESTFUL_PERIOD', 'deviceId': 3423864303, 'activityName': None, 'activityType': None, 'activityId': None, 'eventUpdateTimeGmt': '2025-08-25T16:58:06'}, {'eventType': 'ACTIVITY', 'eventStartTimeGmt': '2025-08-25T17:00:08', 'timezoneOffset': 10800000, 'durationInMilliseconds': 1560000, 'bodyBatteryImpact': -3, 'feedbackType': 'NONE', 'shortFeedback': 'NONE', 'deviceId': 3423864303, 'activityName': 'Yoga', 'activityType': 'yoga', 'activityId': 20175001881, 'eventUpdateTimeGmt': '2025-08-25T17:26:54'}]",14.0,24.0,6.0,18.0,2025-08-25T21:00:00.0,200,2025-08-25
5652846,2881.0,843.0,2038.0,2881.0,,,3343.0,17405,2500,22663,22663,843.0,3343.0,5652846,2025-08-26,"{'typeId': 4, 'typeKey': 'groups'}",88a0aab9f1fe4359bf061a5518ac037d,1500,2025-08-25T21:00:00.0,2025-08-26T00:00:00.0,2025-08-26T21:00:00.0,2025-08-27T00:00:00.0,86400000,,5840,9357,45756,25447,True,True,False,False,4,0,30.48,41.492,10.0,13.61286,150,10,52,130,56,58,GARMIN,32,97,34320,32940,15300,2460,85020,18600,12300,3420.0,40.37,38.74,18.0,2.89,21.88,14.47,4.02,BALANCED,57240,25320,,53,121,56,87,100,17,20,52.0,100.0,3.0,,,,,,,6.0,38.0,"{'eventTimestampGmt': '2025-08-26T17:50:01', 'bodyBatteryLevel': 'MODERATE', 'feedbackShortType': 'SLEEP_PREPARATION_STRESSFUL_AND_EXERCISE', 'feedbackLongType': 'SLEEP_PREPARATION_STRESSFUL_AND_EXERCISE'}","{'eventTimestampGmt': '2025-08-26T20:58:52', 'bodyBatteryLevel': 'MODERATE', 'feedbackShortType': 'SLEEP_TIME_PASSED_STRESSFUL_AND_EXERCISE', 'feedbackLongType': 'SLEEP_TIME_PASSED_STRESSFUL_AND_EXERCISE'}","[{'eventType': 'SLEEP', 'eventStartTimeGmt': '2025-08-25T20:17:54', 'timezoneOffset': 10800000, 'durationInMilliseconds': 27600000, 'bodyBatteryImpact': 52, 'feedbackType': 'NONE', 'shortFeedback': 'NONE', 'deviceId': 3423864303, 'activityName': None, 'activityType': None, 'activityId': None, 'eventUpdateTimeGmt': '2025-08-26T03:58:40'}, {'eventType': 'ACTIVITY', 'eventStartTimeGmt': '2025-08-26T16:21:17', 'timezoneOffset': 10800000, 'durationInMilliseconds': 2160000, 'bodyBatteryImpact': -1, 'feedbackType': 'EXERCISE_TRAINING_EFFECT_BELOW_2', 'shortFeedback': 'EASY_RECOVERY', 'deviceId': 3423864303, 'activityName': None, 'activityType': None, 'activityId': None, 'eventUpdateTimeGmt': '2025-08-26T16:58:33'}]",14.0,24.0,6.0,18.0,2025-08-26T21:00:00.0,200,2025-08-26
5652846,2338.0,300.0,2038.0,2338.0,,,2800.0,7976,2500,7943,7943,300.0,2800.0,5652846,2025-08-27,"{'typeId': 4, 'typeKey': 'groups'}",f2da59bb767f441499330a5bd0f7ee68,1500,2025-08-26T21:00:00.0,2025-08-27T00:00:00.0,2025-08-27T21:00:00.0,2025-08-28T00:00:00.0,86400000,,4254,1300,59602,21244,True,True,False,False,0,0,37.367,44.745,12.25951,14.68012,150,10,50,106,55,58,GARMIN,20,90,15300,60480,9300,1260,86340,13680,1440,180.0,17.72,70.05,10.77,1.46,15.84,1.67,0.21,CALM,67560,17520,,52,105,74,59,87,20,35,53.0,73.0,3.0,,,,,,,14.0,44.0,"{'eventTimestampGmt': '2025-08-27T17:50:00', 'bodyBatteryLevel': 'HIGH', 'feedbackShortType': 'SLEEP_PREPARATION_RECOVERING_AND_EXERCISE', 'feedbackLongType': 'SLEEP_PREPARATION_RECOVERING_AND_EXERCISE'}","{'eventTimestampGmt': '2025-08-27T18:53:42', 'bodyBatteryLevel': 'HIGH', 'feedbackShortType': 'SLEEP_TIME_PASSED_RECOVERING_AND_EXERCISE', 'feedbackLongType': 'SLEEP_TIME_PASSED_RECOVERING_AND_EXERCISE'}","[{'eventType': 'SLEEP', 'eventStartTimeGmt': '2025-08-26T20:54:33', 'timezoneOffset': 10800000, 'durationInMilliseconds': 17940000, 'bodyBatteryImpact': 53, 'feedbackType': 'NONE', 'shortFeedback': 'NONE', 'deviceId': 3423864303, 'activityName': None, 'activityType': None, 'activityId': None, 'eventUpdateTimeGmt': '2025-08-27T03:08:27'}, {'eventType': 'RECOVERY', 'eventStartTimeGmt': '2025-08-27T03:08:27', 'timezoneOffset': 10800000, 'durationInMilliseconds': 5460000, 'bodyBatteryImpact': 7, 'feedbackType': 'RECOVERY_LONG_BODY_BATTERY_INCREASE', 'shortFeedback': 'LONG_RESTFUL_PERIOD', 'deviceId': 3423864303, 'activityName': None, 'activityType': None, 'activityId': None, 'eventUpdateTimeGmt': '2025-08-27T05:08:37'}, {'eventType': 'ACTIVITY', 'eventStartTimeGmt': '2025-08-27T12:22:49', 'timezoneOffset': 10800000, 'durationInMilliseconds': 1860000, 'bodyBatteryImpact': -9, 'feedbackType': 'EXERCISE_TRAINING_EFFECT_BELOW_2', 'shortFeedback': 'EASY_RECOVERY', 'deviceId': 3423864303, 'activityName': 'Helsinki Walking', 'activityType': 'walking', 'activityId': 20194506427, 'eventUpdateTimeGmt': '2025-08-27T12:54:29'}, {'eventType': 'RECOVERY', 'eventStartTimeGmt': '2025-08-27T13:01:14', 'timezoneOffset': 10800000, 'durationInMilliseconds': 2160000, 'bodyBatteryImpact': -1, 'feedbackType': 'RECOVERY_BODY_BATTERY_NOT_INCREASE', 'shortFeedback': 'RESTFUL_PERIOD', 'deviceId': 3423864303, 'activityName': None, 'activityType': None, 'activityId': None, 'eventUpdateTimeGmt': '2025-08-27T13:40:12'}]",15.0,23.0,6.0,21.0,2025-08-27T21:00:00.0,200,2025-08-27
5652846,3373.0,1335.0,2038.0,3373.0,,,3835.0,15691,2500,24759,15516,1335.0,3835.0,5652846,2025-08-28,"{'typeId': 4, 'typeKey': 'groups'}",71b70a49849546b283b2d228b31f57d6,1500,2025-08-27T21:00:00.0,2025-08-28T00:00:00.0,2025-08-28T21:00:00.0,2025-08-29T00:00:00.0,86400000,,8214,4808,47800,25578,True,True,False,False,10,65,97.536,95.145,32.0,31.21555,150,10,52,176,56,57,GARMIN,31,97,28260,37320,11040,8520,85140,15060,10020,3180.0,33.19,43.83,12.97,10.01,17.69,11.77,3.74,BALANCED,51180,25440,,54,173,61,82,94,12,14,65.0,94.0,3.0,,,,,,,14.0,126.0,"{'eventTimestampGmt': '2025-08-28T19:58:14', 'bodyBatteryLevel': 'LOW', 'feedbackShortType': 'SLEEP_PREPARATION_BALANCED_AND_INTENSIVE_EXERCISE', 'feedbackLongType': 'SLEEP_PREPARATION_BALANCED_AND_INTENSIVE_EXERCISE_AND_BB_LOW'}","{'eventTimestampGmt': '2025-08-28T20:44:40', 'bodyBatteryLevel': 'LOW', 'feedbackShortType': 'SLEEP_TIME_PASSED_BALANCED_AND_INTENSIVE_EXERCISE', 'feedbackLongType': 'SLEEP_TIME_PASSED_BALANCED_AND_INTENSIVE_EXERCISE_AND_BB_LOW'}","[{'eventType': 'SLEEP', 'eventStartTimeGmt': '2025-08-27T19:59:29', 'timezoneOffset': 10800000, 'durationInMilliseconds': 27900000, 'bodyBatteryImpact': 65, 'feedbackType': 'NONE', 'shortFeedback': 'NONE', 'deviceId': 3423864303, 'activityName': None, 'activityType': None, 'activityId': None, 'eventUpdateTimeGmt': '2025-08-28T03:50:15'}, {'eventType': 'RECOVERY', 'eventStartTimeGmt': '2025-08-28T07:53:50', 'timezoneOffset': 10800000, 'durationInMilliseconds': 2220000, 'bodyBatteryImpact': 0, 'feedbackType': 'RECOVERY_BODY_BATTERY_NOT_INCREASE', 'shortFeedback': 'RESTFUL_PERIOD', 'deviceId': 3423864303, 'activityName': None, 'activityType': None, 'activityId': None, 'eventUpdateTimeGmt': '2025-08-28T08:34:30'}, {'eventType': 'ACTIVITY', 'eventStartTimeGmt': '2025-08-28T12:15:05', 'timezoneOffset': 10800000, 'durationInMilliseconds': 1260000, 'bodyBatteryImpact': -2, 'feedbackType': 'EXERCISE_TRAINING_EFFECT_BELOW_2', 'shortFeedback': 'EASY_RECOVERY', 'deviceId': 3423864303, 'activityName': 'Helsinki Walking', 'activityType': 'walking', 'activityId': 20205930694, 'eventUpdateTimeGmt': '2025-08-28T12:36:58'}, {'eventType': 'ACTIVITY', 'eventStartTimeGmt': '2025-08-28T13:15:31', 'timezoneOffset': 10800000, 'durationInMilliseconds': 4080000, 'bodyBatteryImpact': -14, 'feedbackType': 'EXERCISE_TRAINING_EFFECT_4', 'shortFeedback': 'HIGHLY_IMPROVING_TEMPO', 'deviceId': 3423864303, 'activityName': 'Rullahiihto tasuri', 'activityType': 'cross_country_skiing_ws', 'activityId': 20205932857, 'eventUpdateTimeGmt': '2025-08-28T14:24:11'}]",17.0,42.0,7.0,17.0,2025-08-28T21:00:00.0,200,2025-08-28
5652846,2351.0,313.0,2038.0,2351.0,,,2813.0,4898,2500,4731,4731,313.0,2813.0,5652846,2025-08-29,"{'typeId': 4, 'typeKey': 'groups'}",088b674eaa714596bf1c406927e6c20d,1500,2025-08-28T21:00:00.0,2025-08-29T00:00:00.0,2025-08-29T21:00:00.0,2025-08-30T00:00:00.0,86400000,,1555,4710,55538,24597,True,True,False,False,0,0,32.034,37.506,10.50984,12.30512,150,10,53,117,61,58,GARMIN,29,94,28260,34140,11940,8940,83280,23520,4320,420.0,33.93,40.99,14.34,10.73,28.24,5.19,0.5,BALANCED,51300,23040,,54,116,30,35,42,9,9,29.0,41.0,3.0,,,,,,,36.0,101.0,"{'eventTimestampGmt': '2025-08-29T19:08:29', 'bodyBatteryLevel': 'LOW', 'feedbackShortType': 'SLEEP_PREPARATION_RECOVERING_AND_EXERCISE', 'feedbackLongType': 'SLEEP_PREPARATION_RECOVERING_AND_EXERCISE_AND_BB_LOW_MORNING_AND_NOW'}","{'eventTimestampGmt': '2025-08-29T20:50:07', 'bodyBatteryLevel': 'LOW', 'feedbackShortType': 'SLEEP_TIME_PASSED_RECOVERING_AND_EXERCISE', 'feedbackLongType': 'SLEEP_TIME_PASSED_RECOVERING_AND_EXERCISE_AND_BB_LOW_MORNING_AND_NOW'}","[{'eventType': 'SLEEP', 'eventStartTimeGmt': '2025-08-28T20:38:11', 'timezoneOffset': 10800000, 'durationInMilliseconds': 25860000, 'bodyBatteryImpact': 29, 'feedbackType': 'NONE', 'shortFeedback': 'NONE', 'deviceId': 3423864303, 'activityName': None, 'activityType': None, 'activityId': None, 'eventUpdateTimeGmt': '2025-08-29T03:49:57'}, {'eventType': 'RECOVERY', 'eventStartTimeGmt': '2025-08-29T06:13:12', 'timezoneOffset': 10800000, 'durationInMilliseconds': 1860000, 'bodyBatteryImpact': 2, 'feedbackType': 'RECOVERY_BODY_BATTERY_INCREASE', 'shortFeedback': 'BODY_BATTERY_RECHARGE', 'deviceId': 3423864303, 'activityName': None, 'activityType': None, 'activityId': None, 'eventUpdateTimeGmt': '2025-08-29T06:49:56'}, {'eventType': 'ACTIVITY', 'eventStartTimeGmt': '2025-08-29T14:29:05', 'timezoneOffset': 10800000, 'durationInMilliseconds': 4260000, 'bodyBatteryImpact': -2, 'feedbackType': 'EXERCISE_TRAINING_EFFECT_BELOW_2', 'shortFeedback': 'NONE', 'deviceId': 3423864303, 'activityName': 'Lappeenranta Walking', 'activityType': 'walking', 'activityId': 20216503487, 'eventUpdateTimeGmt': '2025-08-29T15:43:22'}]",14.0,24.0,7.0,22.0,2025-08-29T21:00:00.0,200,2025-08-29
5652846,2295.0,257.0,2038.0,2295.0,,,2757.0,7835,2500,6462,6462,257.0,2757.0,5652846,2025-08-30,"{'typeId': 4, 'typeKey': 'groups'}",d745efa74db941c28ba464f5fdafa922,1500,2025-08-29T21:00:00.0,2025-08-30T00:00:00.0,2025-08-30T21:00:00.0,2025-08-31T00:00:00.0,86400000,,692,6074,42280,37354,True,False,False,False,0,0,22.329,13.675,7.32579,4.48655,150,10,58,112,62,58,GARMIN,29,93,36960,38880,9720,720,86280,30900,5220,840.0,42.84,45.06,11.27,0.83,35.81,6.05,0.97,BALANCED,57000,28560,,60,111,60,46,59,9,23,50.0,59.0,3.0,,,,,,,93.0,,"{'eventTimestampGmt': '2025-08-30T20:39:23', 'bodyBatteryLevel': 'MODERATE', 'feedbackShortType': 'SLEEP_PREPARATION_RECOVERING_AND_INACTIVE', 'feedbackLongType': 'SLEEP_PREPARATION_RECOVERING_AND_INACTIVE'}","{'eventTimestampGmt': '2025-08-29T23:33:11', 'bodyBatteryLevel': 'HIGH', 'feedbackShortType': 'SLEEP_TIME_PASSED_RECOVERING_AND_EXERCISE', 'feedbackLongType': 'SLEEP_TIME_PASSED_RECOVERING_AND_EXERCISE'}","[{'eventType': 'SLEEP', 'eventStartTimeGmt': '2025-08-29T21:04:22', 'timezoneOffset': 10800000, 'durationInMilliseconds': 28680000, 'bodyBatteryImpact': 50, 'feedbackType': 'NONE', 'shortFeedback': 'NONE', 'deviceId': 3423864303, 'activityName': None, 'activityType': None, 'activityId': None, 'eventUpdateTimeGmt': '2025-08-30T05:02:56'}, {'eventType': 'NAP', 'eventStartTimeGmt': '2025-08-30T11:44:56', 'timezoneOffset': 10800000, 'durationInMilliseconds': 8640000, 'bodyBatteryImpact': 10, 'feedbackType': 'NAP_RECOVERING_BODY_BATTERY_INCREASE', 'shortFeedback': 'RESTFUL_NAP', 'deviceId': 3423864303, 'activityName': None, 'activityType': None, 'activityId': None, 'eventUpdateTimeGmt': '2025-08-30T14:09:10'}]",16.0,24.0,7.0,21.0,2025-08-30T20:59:00.0,200,2025-08-30
5652846,2433.0,395.0,2038.0,2433.0,,,2895.0,11352,2500,9947,9947,395.0,2895.0,5652846,2025-08-31,"{'typeId': 4, 'typeKey': 'groups'}",3bd86860576c4f1bb78dfa7e4018e58b,1500,2025-08-30T21:00:00.0,2025-08-31T00:00:00.0,2025-08-31T21:00:00.0,2025-09-01T00:00:00.0,86400000,,1525,7294,52637,24944,True,True,False,False,1,0,33.528,26.132,11.0,8.57349,150,10,55,122,61,58,GARMIN,25,82,24840,45300,15000,1080,86220,21720,3060,60.0,28.81,52.54,17.4,1.25,25.19,3.55,0.07,BALANCED,61020,24120,,57,111,41,36,62,23,28,39.0,62.0,3.0,,,,,,,64.0,116.0,"{'eventTimestampGmt': '2025-08-31T17:50:01', 'bodyBatteryLevel': 'HIGH', 'feedbackShortType': 'SLEEP_PREPARATION_RECOVERING_AND_EXERCISE', 'feedbackLongType': 'SLEEP_PREPARATION_RECOVERING_AND_EXERCISE'}","{'eventTimestampGmt': '2025-08-31T20:47:03', 'bodyBatteryLevel': 'HIGH', 'feedbackShortType': 'SLEEP_TIME_PASSED_RECOVERING_AND_EXERCISE', 'feedbackLongType': 'SLEEP_TIME_PASSED_RECOVERING_AND_EXERCISE'}","[{'eventType': 'SLEEP', 'eventStartTimeGmt': '2025-08-30T21:03:56', 'timezoneOffset': 10800000, 'durationInMilliseconds': 24180000, 'bodyBatteryImpact': 39, 'feedbackType': 'NONE', 'shortFeedback': 'NONE', 'deviceId': 3423864303, 'activityName': None, 'activityType': None, 'activityId': None, 'eventUpdateTimeGmt': '2025-08-31T03:48:38'}, {'eventType': 'ACTIVITY', 'eventStartTimeGmt': '2025-08-31T08:31:00', 'timezoneOffset': 10800000, 'durationInMilliseconds': 7020000, 'bodyBatteryImpact': -8, 'feedbackType': 'EXERCISE_TRAINING_EFFECT_BELOW_2', 'shortFeedback': 'NONE', 'deviceId': 3423864303, 'activityName': 'Lappeenranta Walking', 'activityType': 'walking', 'activityId': 20235207450, 'eventUpdateTimeGmt': '2025-08-31T10:28:16'}, {'eventType': 'RECOVERY', 'eventStartTimeGmt': '2025-08-31T16:14:16', 'timezoneOffset': 10800000, 'durationInMilliseconds': 3540000, 'bodyBatteryImpact': 0, 'feedbackType': 'RECOVERY_BODY_BATTERY_NOT_INCREASE', 'shortFeedback': 'RESTFUL_PERIOD', 'deviceId': 3423864303, 'activityName': None, 'activityType': None, 'activityId': None, 'eventUpdateTimeGmt': '2025-08-31T17:17:52'}]",15.0,25.0,8.0,18.0,2025-08-31T21:00:00.0,200,2025-08-31
5652846,2434.0,396.0,2038.0,2434.0,,,2896.0,8980,2500,7914,7914,396.0,2896.0,5652846,2025-09-01,"{'typeId': 4, 'typeKey': 'groups'}",a8991cbe7b054fc1be335fc1064d6f1f,1500,2025-08-31T21:00:00.0,2025-09-01T00:00:00.0,2025-09-01T21:00:00.0,2025-09-02T00:00:00.0,86400000,,5045,1116,54705,25534,True,True,False,False,1,0,48.768,30.634,16.0,10.05052,150,10,53,118,57,58,GARMIN,22,93,16320,59160,8460,1620,85560,13260,2460,600.0,19.07,69.14,9.89,1.89,15.5,2.88,0.7,CALM,59940,24000,,56,115,49,47,77,30,32,49.0,77.0,3.0,,,,,,,8.0,53.0,"{'eventTimestampGmt': '2025-09-01T17:50:00', 'bodyBatteryLevel': 'HIGH', 'feedbackShortType': 'SLEEP_PREPARATION_RECOVERING_AND_EXERCISE', 'feedbackLongType': 'SLEEP_PREPARATION_RECOVERING_AND_EXERCISE'}","{'eventTimestampGmt': '2025-09-01T20:47:06', 'bodyBatteryLevel': 'HIGH', 'feedbackShortType': 'SLEEP_TIME_PASSED_RECOVERING_AND_EXERCISE', 'feedbackLongType': 'SLEEP_TIME_PASSED_RECOVERING_AND_EXERCISE'}","[{'eventType': 'SLEEP', 'eventStartTimeGmt': '2025-08-31T20:47:16', 'timezoneOffset': 10800000, 'durationInMilliseconds': 25140000, 'bodyBatteryImpact': 49, 'feedbackType': 'NONE', 'shortFeedback': 'NONE', 'deviceId': 3423864303, 'activityName': None, 'activityType': None, 'activityId': None, 'eventUpdateTimeGmt': '2025-09-01T03:46:55'}, {'eventType': 'RECOVERY', 'eventStartTimeGmt': '2025-09-01T06:08:00', 'timezoneOffset': 10800000, 'durationInMilliseconds': 2100000, 'bodyBatteryImpact': 0, 'feedbackType': 'RECOVERY_BODY_BATTERY_NOT_INCREASE', 'shortFeedback': 'RESTFUL_PERIOD', 'deviceId': 3423864303, 'activityName': None, 'activityType': None, 'activityId': None, 'eventUpdateTimeGmt': '2025-09-01T06:46:35'}, {'eventType': 'RECOVERY', 'eventStartTimeGmt': '2025-09-01T07:44:50', 'timezoneOffset': 10800000, 'durationInMilliseconds': 2520000, 'bodyBatteryImpact': 2, 'feedbackType': 'RECOVERY_BODY_BATTERY_INCREASE', 'shortFeedback': 'BODY_BATTERY_RECHARGE', 'deviceId': 3423864303, 'activityName': None, 'activityType': None, 'activityId': None, 'eventUpdateTimeGmt': '2025-09-01T08:30:28'}, {'eventType': 'RECOVERY', 'eventStartTimeGmt': '2025-09-01T11:17:40', 'timezoneOffset': 10800000, 'durationInMilliseconds': 4920000, 'bodyBatteryImpact': -1, 'feedbackType': 'RECOVERY_LONG_BODY_BATTERY_NOT_INCREASE', 'shortFeedback': 'LONG_RESTFUL_PERIOD', 'deviceId': 3423864303, 'activityName': None, 'activityType': None, 'activityId': None, 'eventUpdateTimeGmt': '2025-09-01T12:42:45'}, {'eventType': 'ACTIVITY', 'eventStartTimeGmt': '2025-09-01T12:44:45', 'timezoneOffset': 10800000, 'durationInMilliseconds': 2280000, 'bodyBatteryImpact': -5, 'feedbackType': 'EXERCISE_TRAINING_EFFECT_BELOW_2', 'shortFeedback': 'EASY_RECOVERY', 'deviceId': 3423864303, 'activityName': 'Helsinki Walking', 'activityType': 'walking', 'activityId': 20245463792, 'eventUpdateTimeGmt': '2025-09-01T13:24:21'}]",15.0,22.0,8.0,18.0,2025-09-01T21:00:00.0,200,2025-09-01
5652846,2863.0,825.0,2038.0,2863.0,,,3325.0,12453,2500,12599,12599,825.0,3325.0,5652846,2025-09-02,"{'typeId': 4, 'typeKey': 'groups'}",25d100b5acb34caf8116605c00dd40b8,1500,2025-09-01T21:00:00.0,2025-09-02T00:00:00.0,2025-09-02T21:00:00.0,2025-09-03T00:00:00.0,86400000,,4876,2689,54305,24530,True,True,False,False,42,17,249.936,257.491,82.0,84.47867,150,10,46,177,60,59,GARMIN,38,99,43980,28980,7260,5700,85920,22140,17400,4440.0,51.19,33.73,8.45,6.63,25.77,20.25,5.17,STRESSFUL,55740,24480,,49,173,40,67,71,5,5,38.0,70.0,3.0,,,,,,,13.0,150.0,"{'eventTimestampGmt': '2025-09-02T18:54:23', 'bodyBatteryLevel': 'VERY_LOW', 'feedbackShortType': 'SLEEP_PREPARATION_STRESSFUL_AND_INTENSIVE_EXERCISE', 'feedbackLongType': 'SLEEP_PREPARATION_STRESSFUL_AND_INTENSIVE_EXERCISE_AND_BB_LOW'}","{'eventTimestampGmt': '2025-09-02T20:15:51', 'bodyBatteryLevel': 'VERY_LOW', 'feedbackShortType': 'SLEEP_TIME_PASSED_STRESSFUL_AND_INTENSIVE_EXERCISE', 'feedbackLongType': 'SLEEP_TIME_PASSED_STRESSFUL_AND_INTENSIVE_EXERCISE_AND_BB_LOW'}","[{'eventType': 'SLEEP', 'eventStartTimeGmt': '2025-09-01T20:41:21', 'timezoneOffset': 10800000, 'durationInMilliseconds': 23640000, 'bodyBatteryImpact': 38, 'feedbackType': 'NONE', 'shortFeedback': 'NONE', 'deviceId': 3423864303, 'activityName': None, 'activityType': None, 'activityId': None, 'eventUpdateTimeGmt': '2025-09-02T03:15:41'}, {'eventType': 'ACTIVITY', 'eventStartTimeGmt': '2025-09-02T13:22:09', 'timezoneOffset': 10800000, 'durationInMilliseconds': 3900000, 'bodyBatteryImpact': -7, 'feedbackType': 'EXERCISE_TRAINING_EFFECT_3', 'shortFeedback': 'IMPROVING_AEROBIC_BASE', 'deviceId': 3423864303, 'activityName': 'Helsinki Trail Running', 'activityType': 'trail_running', 'activityId': 20261492297, 'eventUpdateTimeGmt': '2025-09-02T14:27:45'}, {'eventType': 'ACTIVITY', 'eventStartTimeGmt': '2025-09-02T14:39:00', 'timezoneOffset': 10800000, 'durationInMilliseconds': 2400000, 'bodyBatteryImpact': -3, 'feedbackType': 'NONE', 'shortFeedback': 'NONE', 'deviceId': 3423864303, 'activityName': 'Yoga', 'activityType': 'yoga', 'activityId': 20261492779, 'eventUpdateTimeGmt': '2025-09-02T15:19:51'}]",16.0,40.0,7.0,17.0,2025-09-02T21:00:00.0,200,2025-09-02
5652846,2388.0,350.0,2038.0,2388.0,,,2850.0,7832,2500,6768,6768,350.0,2850.0,5652846,2025-09-03,"{'typeId': 4, 'typeKey': 'groups'}",46c2008b3c204f63b1c7ee7e6fd0af5b,1500,2025-09-02T21:00:00.0,2025-09-03T00:00:00.0,2025-09-03T21:00:00.0,2025-09-04T00:00:00.0,86400000,,4188,1377,62653,18182,True,True,False,False,16,0,53.749,59.714,17.63419,19.59121,150,10,55,131,62,60,GARMIN,33,82,49380,24060,9300,1800,84540,40560,8520,300.0,58.41,28.46,11.0,2.13,47.98,10.08,0.35,STRESSFUL,67800,14940,,61,127,22,22,27,5,5,20.0,25.0,3.0,,,,,,,11.0,45.0,"{'eventTimestampGmt': '2025-09-03T17:50:00', 'bodyBatteryLevel': 'VERY_LOW', 'feedbackShortType': 'SLEEP_PREPARATION_BALANCED_AND_EXERCISE', 'feedbackLongType': 'SLEEP_PREPARATION_BALANCED_AND_EXERCISE_AND_BB_LOW_MORNING_AND_NOW'}","{'eventTimestampGmt': '2025-09-03T18:14:05', 'bodyBatteryLevel': 'VERY_LOW', 'feedbackShortType': 'SLEEP_TIME_PASSED_BALANCED_AND_EXERCISE', 'feedbackLongType': 'SLEEP_TIME_PASSED_BALANCED_AND_EXERCISE_AND_BB_LOW_MORNING_AND_NOW'}","[{'eventType': 'SLEEP', 'eventStartTimeGmt': '2025-09-02T20:26:51', 'timezoneOffset': 10800000, 'durationInMilliseconds': 17220000, 'bodyBatteryImpact': 19, 'feedbackType': 'NONE', 'shortFeedback': 'NONE', 'deviceId': 3423864303, 'activityName': None, 'activityType': None, 'activityId': None, 'eventUpdateTimeGmt': '2025-09-03T03:10:58'}, {'eventType': 'ACTIVITY', 'eventStartTimeGmt': '2025-09-03T12:35:50', 'timezoneOffset': 10800000, 'durationInMilliseconds': 1860000, 'bodyBatteryImpact': -1, 'feedbackType': 'EXERCISE_TRAINING_EFFECT_BELOW_2', 'shortFeedback': 'EASY_RECOVERY', 'deviceId': 3423864303, 'activityName': 'Helsinki Walking', 'activityType': 'walking', 'activityId': 20269249372, 'eventUpdateTimeGmt': '2025-09-03T13:07:49'}]",15.0,24.0,8.0,18.0,2025-09-03T21:00:00.0,200,2025-09-03
5652846,3377.0,1339.0,2038.0,3377.0,,,3839.0,13096,2500,23336,12812,1339.0,3839.0,5652846,2025-09-04,"{'typeId': 4, 'typeKey': 'groups'}",26ddb51f6c224b1a99f9490ab31b77f9,1500,2025-09-03T21:00:00.0,2025-09-04T00:00:00.0,2025-09-04T21:00:00.0,2025-09-05T00:00:00.0,86400000,,9091,1892,45289,30128,True,True,False,False,15,70,77.79,57.034,25.52165,18.71194,150,10,55,178,59,60,GARMIN,29,92,27960,39000,9420,8280,84660,21300,5520,1140.0,33.03,46.07,11.13,9.78,25.16,6.52,1.35,BALANCED,47160,29220,,57,176,58,49,58,5,14,53.0,58.0,3.0,1.0,,,,,,11.0,138.0,"{'eventTimestampGmt': '2025-09-04T18:24:30', 'bodyBatteryLevel': 'LOW', 'feedbackShortType': 'SLEEP_PREPARATION_RECOVERING_AND_INTENSIVE_EXERCISE', 'feedbackLongType': 'SLEEP_PREPARATION_RECOVERING_AND_INTENSIVE_EXERCISE_AND_BB_LOW_MORNING_AND_NOW'}","{'eventTimestampGmt': '2025-09-03T23:11:06', 'bodyBatteryLevel': 'HIGH', 'feedbackShortType': 'SLEEP_TIME_PASSED_BALANCED_AND_EXERCISE', 'feedbackLongType': 'SLEEP_TIME_PASSED_BALANCED_AND_EXERCISE'}","[{'eventType': 'SLEEP', 'eventStartTimeGmt': '2025-09-03T20:10:49', 'timezoneOffset': 10800000, 'durationInMilliseconds': 29400000, 'bodyBatteryImpact': 53, 'feedbackType': 'NONE', 'shortFeedback': 'NONE', 'deviceId': 3423864303, 'activityName': None, 'activityType': None, 'activityId': None, 'eventUpdateTimeGmt': '2025-09-04T04:21:59'}, {'eventType': 'RECOVERY', 'eventStartTimeGmt': '2025-09-04T07:09:39', 'timezoneOffset': 10800000, 'durationInMilliseconds': 2280000, 'bodyBatteryImpact': 0, 'feedbackType': 'RECOVERY_BODY_BATTERY_NOT_INCREASE', 'shortFeedback': 'RESTFUL_PERIOD', 'deviceId': 3423864303, 'activityName': None, 'activityType': None, 'activityId': None, 'eventUpdateTimeGmt': '2025-09-04T07:51:05'}, {'eventType': 'RECOVERY', 'eventStartTimeGmt': '2025-09-04T08:36:44', 'timezoneOffset': 10800000, 'durationInMilliseconds': 840000, 'bodyBatteryImpact': 2, 'feedbackType': 'RECOVERY_SHORT', 'shortFeedback': 'BODY_BATTERY_RECHARGE', 'deviceId': 3423864303, 'activityName': None, 'activityType': None, 'activityId': None, 'eventUpdateTimeGmt': '2025-09-04T08:54:00'}, {'eventType': 'ACTIVITY', 'eventStartTimeGmt': '2025-09-04T12:52:20', 'timezoneOffset': 10800000, 'durationInMilliseconds': 1320000, 'bodyBatteryImpact': -2, 'feedbackType': 'EXERCISE_TRAINING_EFFECT_BELOW_2', 'shortFeedback': 'EASY_RECOVERY', 'deviceId': 3423864303, 'activityName': None, 'activityType': None, 'activityId': None, 'eventUpdateTimeGmt': '2025-09-04T13:15:28'}, {'eventType': 'ACTIVITY', 'eventStartTimeGmt': '2025-09-04T14:32:36', 'timezoneOffset': 10800000, 'durationInMilliseconds': 4440000, 'bodyBatteryImpact': -14, 'feedbackType': 'EXERCISE_TRAINING_EFFECT_4', 'shortFeedback': 'HIGHLY_IMPROVING_TEMPO', 'deviceId': 3423864303, 'activityName': 'Vantaa Cross Country Classic Skiing', 'activityType': 'cross_country_skiing_ws', 'activityId': 20279927701, 'eventUpdateTimeGmt': '2025-09-04T15:48:41'}]",18.0,42.0,7.0,16.0,2025-09-04T21:00:00.0,200,2025-09-04
5652846,2480.0,442.0,2038.0,2480.0,,,2942.0,7558,2500,6568,6568,442.0,2942.0,5652846,2025-09-05,"{'typeId': 4, 'typeKey': 'groups'}",c2bb4c4ad1174ddea0a32c6cf78cbf70,1500,2025-09-04T21:00:00.0,2025-09-05T00:00:00.0,2025-09-05T21:00:00.0,2025-09-06T00:00:00.0,86400000,,3937,1742,60280,20441,True,True,False,False,5,0,39.825,42.469,13.06594,13.9334,150,10,57,119,63,61,GARMIN,36,96,33720,25920,6720,1080,67440,18180,13440,2100.0,50.0,38.43,9.96,1.6,26.96,19.93,3.11,STRESSFUL,46020,20340,,60,118,44,54,57,5,5,44.0,55.0,3.0,,,,,,,6.0,32.0,"{'eventTimestampGmt': '2025-09-05T13:43:35', 'bodyBatteryLevel': 'LOW', 'feedbackShortType': 'DAY_BALANCED_AND_EXERCISE', 'feedbackLongType': 'DAY_BALANCED_AND_EXERCISE_AND_BB_LOW_MORNING_AND_NOW'}","{'eventTimestampGmt': '2025-09-05T19:40:56', 'bodyBatteryLevel': 'VERY_LOW', 'feedbackShortType': 'SLEEP_TIME_PASSED_STRESSFUL_AND_EXERCISE', 'feedbackLongType': 'SLEEP_TIME_PASSED_STRESSFUL_AND_EXERCISE_AND_BB_LOW'}","[{'eventType': 'SLEEP', 'eventStartTimeGmt': '2025-09-04T19:58:41', 'timezoneOffset': 10800000, 'durationInMilliseconds': 24120000, 'bodyBatteryImpact': 44, 'feedbackType': 'NONE', 'shortFeedback': 'NONE', 'deviceId': 3423864303, 'activityName': None, 'activityType': None, 'activityId': None, 'eventUpdateTimeGmt': '2025-09-05T03:10:20'}, {'eventType': 'RECOVERY', 'eventStartTimeGmt': '2025-09-05T06:09:10', 'timezoneOffset': 10800000, 'durationInMilliseconds': 900000, 'bodyBatteryImpact': 2, 'feedbackType': 'RECOVERY_BODY_BATTERY_INCREASE', 'shortFeedback': 'BODY_BATTERY_RECHARGE', 'deviceId': 3423864303, 'activityName': None, 'activityType': None, 'activityId': None, 'eventUpdateTimeGmt': '2025-09-05T06:26:10'}, {'eventType': 'ACTIVITY', 'eventStartTimeGmt': '2025-09-05T11:56:06', 'timezoneOffset': 10800000, 'durationInMilliseconds': 1320000, 'bodyBatteryImpact': -1, 'feedbackType': 'EXERCISE_TRAINING_EFFECT_BELOW_2', 'shortFeedback': 'EASY_RECOVERY', 'deviceId': 3423864303, 'activityName': 'Helsinki Walking', 'activityType': 'walking', 'activityId': 20288002185, 'eventUpdateTimeGmt': '2025-09-05T12:18:57'}]",15.0,25.0,8.0,13.0,2025-09-05T20:59:00.0,200,2025-09-05
5652846,2607.0,569.0,2038.0,2607.0,,,3069.0,8512,2500,7094,7094,569.0,3069.0,5652846,2025-09-06,"{'typeId': 4, 'typeKey': 'groups'}",708b36116bb447c381778648d7d98ade,1500,2025-09-05T21:00:00.0,2025-09-06T00:00:00.0,2025-09-06T21:00:00.0,2025-09-07T00:00:00.0,86400000,,3159,3389,48592,31260,True,True,False,False,4,0,25.72,31.188,8.43832,10.23228,150,10,54,123,64,61,GARMIN,50,96,72780,2160,8340,1560,84840,39660,25260,7860.0,85.79,2.55,9.83,1.84,46.75,29.77,9.26,VERY_STRESSFUL,52140,31140,,56,120,22,22,27,5,5,22.0,27.0,3.0,2.0,,,,,,13.0,42.0,"{'eventTimestampGmt': '2025-09-06T17:50:02', 'bodyBatteryLevel': 'VERY_LOW', 'feedbackShortType': 'SLEEP_PREPARATION_STRESSFUL_AND_EXERCISE', 'feedbackLongType': 'SLEEP_PREPARATION_STRESSFUL_AND_EXERCISE_AND_BB_LOW'}","{'eventTimestampGmt': '2025-09-06T01:40:18', 'bodyBatteryLevel': 'MODERATE', 'feedbackShortType': 'SLEEP_TIME_PASSED_STRESSFUL_AND_INACTIVE', 'feedbackLongType': 'SLEEP_TIME_PASSED_STRESSFUL_AND_INACTIVE'}","[{'eventType': 'SLEEP', 'eventStartTimeGmt': '2025-09-05T22:10:57', 'timezoneOffset': 10800000, 'durationInMilliseconds': 31260000, 'bodyBatteryImpact': 22, 'feedbackType': 'NONE', 'shortFeedback': 'NONE', 'deviceId': 3423864303, 'activityName': None, 'activityType': None, 'activityId': None, 'eventUpdateTimeGmt': '2025-09-06T06:57:17'}, {'eventType': 'ACTIVITY', 'eventStartTimeGmt': '2025-09-06T13:59:47', 'timezoneOffset': 10800000, 'durationInMilliseconds': 1740000, 'bodyBatteryImpact': 0, 'feedbackType': 'EXERCISE_TRAINING_EFFECT_BELOW_2', 'shortFeedback': 'EASY_RECOVERY', 'deviceId': 3423864303, 'activityName': 'Helsinki Walking', 'activityType': 'walking', 'activityId': 20299818351, 'eventUpdateTimeGmt': '2025-09-06T14:29:50'}]",16.0,26.0,7.0,15.0,2025-09-06T21:00:00.0,200,2025-09-06
5652846,2612.0,574.0,2038.0,2612.0,,,3074.0,9075,2500,7569,7569,574.0,3074.0,5652846,2025-09-07,"{'typeId': 4, 'typeKey': 'groups'}",815832cd4f1a4261be514bb5464efeba,1500,2025-09-06T21:00:00.0,2025-09-07T00:00:00.0,2025-09-07T21:00:00.0,2025-09-08T00:00:00.0,86400000,,3382,3755,62343,16920,True,False,False,False,7,0,14.169,15.678,4.64862,5.1437,150,10,57,128,63,61,GARMIN,40,99,51780,18600,12720,2220,85320,31740,16140,3900.0,60.69,21.8,14.91,2.6,37.2,18.92,4.57,STRESSFUL,66720,16380,,60,128,29,29,34,5,5,26.0,31.0,3.0,,,,,,,32.0,,"{'eventTimestampGmt': '2025-09-07T17:50:00', 'bodyBatteryLevel': 'VERY_LOW', 'feedbackShortType': 'SLEEP_PREPARATION_STRESSFUL_AND_INACTIVE', 'feedbackLongType': 'SLEEP_PREPARATION_STRESSFUL_AND_INACTIVE_AND_BB_LOW'}","{'eventTimestampGmt': '2025-09-07T00:57:08', 'bodyBatteryLevel': 'LOW', 'feedbackShortType': 'SLEEP_TIME_PASSED_STRESSFUL_AND_INACTIVE', 'feedbackLongType': 'SLEEP_TIME_PASSED_STRESSFUL_AND_INACTIVE_AND_BB_LOW'}","[{'eventType': 'SLEEP', 'eventStartTimeGmt': '2025-09-06T23:20:50', 'timezoneOffset': 10800000, 'durationInMilliseconds': 16920000, 'bodyBatteryImpact': 26, 'feedbackType': 'NONE', 'shortFeedback': 'NONE', 'deviceId': 3423864303, 'activityName': None, 'activityType': None, 'activityId': None, 'eventUpdateTimeGmt': '2025-09-07T04:42:15'}]",15.0,24.0,7.0,10.0,2025-09-07T21:00:00.0,200,2025-09-07
5652846,2401.0,363.0,2038.0,2401.0,,,2863.0,9037,2500,7593,7593,363.0,2863.0,5652846,2025-09-08,"{'typeId': 4, 'typeKey': 'groups'}",b4d26c3061e44f7a96d880ffc9005113,1500,2025-09-07T21:00:00.0,2025-09-08T00:00:00.0,2025-09-08T21:00:00.0,2025-09-09T00:00:00.0,86400000,,4008,1810,55082,25500,True,True,False,False,4,0,50.564,50.578,16.58924,16.59383,150,10,58,121,62,62,GARMIN,30,92,35220,27960,8820,13560,85560,29100,5940,180.0,41.16,32.68,10.31,15.85,34.01,6.94,0.21,STRESSFUL,46920,25080,,59,119,27,26,29,5,6,24.0,29.0,3.0,,,,,,,12.0,62.0,"{'eventTimestampGmt': '2025-09-08T20:40:27', 'bodyBatteryLevel': 'LOW', 'feedbackShortType': 'SLEEP_PREPARATION_RECOVERING_AND_EXERCISE', 'feedbackLongType': 'SLEEP_PREPARATION_RECOVERING_AND_EXERCISE_AND_BB_LOW_MORNING_AND_NOW'}","{'eventTimestampGmt': '2025-09-08T00:27:29', 'bodyBatteryLevel': 'MODERATE', 'feedbackShortType': 'SLEEP_TIME_PASSED_STRESSFUL_AND_INACTIVE', 'feedbackLongType': 'SLEEP_TIME_PASSED_STRESSFUL_AND_INACTIVE'}","[{'eventType': 'SLEEP', 'eventStartTimeGmt': '2025-09-07T21:35:15', 'timezoneOffset': 10800000, 'durationInMilliseconds': 25500000, 'bodyBatteryImpact': 24, 'feedbackType': 'NONE', 'shortFeedback': 'NONE', 'deviceId': 3423864303, 'activityName': None, 'activityType': None, 'activityId': None, 'eventUpdateTimeGmt': '2025-09-08T04:44:02'}, {'eventType': 'ACTIVITY', 'eventStartTimeGmt': '2025-09-08T12:47:34', 'timezoneOffset': 10800000, 'durationInMilliseconds': 2580000, 'bodyBatteryImpact': -1, 'feedbackType': 'EXERCISE_TRAINING_EFFECT_BELOW_2', 'shortFeedback': 'EASY_RECOVERY', 'deviceId': 3423864303, 'activityName': 'Helsinki Walking', 'activityType': 'walking', 'activityId': 20320065607, 'eventUpdateTimeGmt': '2025-09-08T13:31:47'}]",15.0,24.0,7.0,8.0,2025-09-08T20:55:00.0,200,2025-09-08
5652846,2533.0,495.0,2038.0,2533.0,,,2995.0,12766,2500,10432,10432,495.0,2995.0,5652846,2025-09-09,"{'typeId': 4, 'typeKey': 'groups'}",649454a3ef7c415daf4e5851e50204ed,1500,2025-09-08T21:00:00.0,2025-09-09T00:00:00.0,2025-09-09T21:00:00.0,2025-09-10T00:00:00.0,86400000,,5220,2441,51482,27257,True,True,False,False,4,0,146.382,153.695,48.02559,50.42487,150,10,45,122,56,61,GARMIN,23,87,20640,49860,12420,1500,84420,17760,2760,120.0,24.45,59.06,14.71,1.78,21.04,3.27,0.14,BALANCED,56820,26100,,47,120,73,50,75,5,29,69.0,74.0,3.0,,,,,,,11.0,98.0,"{'eventTimestampGmt': '2025-09-09T17:50:00', 'bodyBatteryLevel': 'HIGH', 'feedbackShortType': 'SLEEP_PREPARATION_RECOVERING_AND_EXERCISE', 'feedbackLongType': 'SLEEP_PREPARATION_RECOVERING_AND_EXERCISE'}","{'eventTimestampGmt': '2025-09-08T23:44:02', 'bodyBatteryLevel': 'HIGH', 'feedbackShortType': 'SLEEP_TIME_PASSED_RECOVERING_AND_EXERCISE', 'feedbackLongType': 'SLEEP_TIME_PASSED_RECOVERING_AND_EXERCISE'}","[{'eventType': 'SLEEP', 'eventStartTimeGmt': '2025-09-08T21:19:47', 'timezoneOffset': 10800000, 'durationInMilliseconds': 26220000, 'bodyBatteryImpact': 69, 'feedbackType': 'NONE', 'shortFeedback': 'NONE', 'deviceId': 3423864303, 'activityName': None, 'activityType': None, 'activityId': None, 'eventUpdateTimeGmt': '2025-09-09T04:36:52'}, {'eventType': 'RECOVERY', 'eventStartTimeGmt': '2025-09-09T07:07:57', 'timezoneOffset': 10800000, 'durationInMilliseconds': 8100000, 'bodyBatteryImpact': 2, 'feedbackType': 'RECOVERY_LONG_BODY_BATTERY_INCREASE', 'shortFeedback': 'LONG_RESTFUL_PERIOD', 'deviceId': 3423864303, 'activityName': None, 'activityType': None, 'activityId': None, 'eventUpdateTimeGmt': '2025-09-09T09:25:54'}, {'eventType': 'ACTIVITY', 'eventStartTimeGmt': '2025-09-09T12:34:05', 'timezoneOffset': 10800000, 'durationInMilliseconds': 4140000, 'bodyBatteryImpact': -6, 'feedbackType': 'EXERCISE_TRAINING_EFFECT_BELOW_2', 'shortFeedback': 'EASY_RECOVERY', 'deviceId': 3423864303, 'activityName': 'Helsinki Walking', 'activityType': 'walking', 'activityId': 20331099595, 'eventUpdateTimeGmt': '2025-09-09T13:43:43'}, {'eventType': 'RECOVERY', 'eventStartTimeGmt': '2025-09-09T13:47:08', 'timezoneOffset': 10800000, 'durationInMilliseconds': 2520000, 'bodyBatteryImpact': 1, 'feedbackType': 'RECOVERY_BODY_BATTERY_INCREASE', 'shortFeedback': 'BODY_BATTERY_RECHARGE', 'deviceId': 3423864303, 'activityName': None, 'activityType': None, 'activityId': None, 'eventUpdateTimeGmt': '2025-09-09T14:33:55'}]",15.0,23.0,7.0,19.0,2025-09-09T21:00:00.0,200,2025-09-09
5652846,2377.0,339.0,2038.0,2377.0,,,2839.0,8416,2500,7158,7158,339.0,2839.0,5652846,2025-09-10,"{'typeId': 4, 'typeKey': 'groups'}",13a5a78999f54a8c962fc6e9b3d2dac3,1500,2025-09-09T21:00:00.0,2025-09-10T00:00:00.0,2025-09-10T21:00:00.0,2025-09-11T00:00:00.0,86400000,,4619,1028,56017,24736,True,True,False,False,0,0,42.672,50.722,14.0,16.64108,150,10,55,108,58,61,GARMIN,25,94,23340,50340,8340,1860,83880,20340,2520,480.0,27.83,60.01,9.94,2.22,24.25,3.0,0.57,BALANCED,57720,24300,,57,108,53,52,78,27,30,47.0,76.0,3.0,,,,,,,10.0,41.0,"{'eventTimestampGmt': '2025-09-10T17:50:00', 'bodyBatteryLevel': 'HIGH', 'feedbackShortType': 'SLEEP_PREPARATION_RECOVERING_AND_EXERCISE', 'feedbackLongType': 'SLEEP_PREPARATION_RECOVERING_AND_EXERCISE'}","{'eventTimestampGmt': '2025-09-10T20:15:57', 'bodyBatteryLevel': 'HIGH', 'feedbackShortType': 'SLEEP_TIME_PASSED_RECOVERING_AND_EXERCISE', 'feedbackLongType': 'SLEEP_TIME_PASSED_RECOVERING_AND_EXERCISE'}","[{'eventType': 'SLEEP', 'eventStartTimeGmt': '2025-09-09T20:42:43', 'timezoneOffset': 10800000, 'durationInMilliseconds': 23580000, 'bodyBatteryImpact': 47, 'feedbackType': 'NONE', 'shortFeedback': 'NONE', 'deviceId': 3423864303, 'activityName': None, 'activityType': None, 'activityId': None, 'eventUpdateTimeGmt': '2025-09-10T03:47:09'}, {'eventType': 'RECOVERY', 'eventStartTimeGmt': '2025-09-10T06:18:14', 'timezoneOffset': 10800000, 'durationInMilliseconds': 840000, 'bodyBatteryImpact': 1, 'feedbackType': 'RECOVERY_SHORT', 'shortFeedback': 'BODY_BATTERY_RECHARGE', 'deviceId': 3423864303, 'activityName': None, 'activityType': None, 'activityId': None, 'eventUpdateTimeGmt': '2025-09-10T06:34:31'}, {'eventType': 'ACTIVITY', 'eventStartTimeGmt': '2025-09-10T12:23:36', 'timezoneOffset': 10800000, 'durationInMilliseconds': 1680000, 'bodyBatteryImpact': -3, 'feedbackType': 'EXERCISE_TRAINING_EFFECT_BELOW_2', 'shortFeedback': 'EASY_RECOVERY', 'deviceId': 3423864303, 'activityName': 'Helsinki Walking', 'activityType': 'walking', 'activityId': 20341697425, 'eventUpdateTimeGmt': '2025-09-10T12:54:27'}, {'eventType': 'RECOVERY', 'eventStartTimeGmt': '2025-09-10T13:12:32', 'timezoneOffset': 10800000, 'durationInMilliseconds': 2280000, 'bodyBatteryImpact': 0, 'feedbackType': 'RECOVERY_BODY_BATTERY_NOT_INCREASE', 'shortFeedback': 'RESTFUL_PERIOD', 'deviceId': 3423864303, 'activityName': None, 'activityType': None, 'activityId': None, 'eventUpdateTimeGmt': '2025-09-10T13:54:00'}]",15.0,24.0,7.0,19.0,2025-09-10T21:00:00.0,200,2025-09-10
5652846,2852.0,814.0,2038.0,2852.0,,,3314.0,12904,2500,11362,11362,814.0,3314.0,5652846,2025-09-11,"{'typeId': 4, 'typeKey': 'groups'}",a9652b38ae6d49edb6c68c3d6eb309aa,1500,2025-09-10T21:00:00.0,2025-09-11T00:00:00.0,2025-09-11T21:00:00.0,2025-09-12T00:00:00.0,86400000,,6047,2312,52116,25925,True,True,False,False,48,16,247.702,260.656,81.26706,85.51706,150,10,56,225,59,61,GARMIN,34,97,35460,33480,7560,4620,81120,22860,8520,4080.0,43.71,41.27,9.32,5.7,28.18,10.5,5.03,BALANCED,54840,21660,,57,225,51,68,81,13,13,54.0,81.0,3.0,,,,,,,10.0,117.0,"{'eventTimestampGmt': '2025-09-11T20:16:43', 'bodyBatteryLevel': 'LOW', 'feedbackShortType': 'SLEEP_PREPARATION_BALANCED_AND_INTENSIVE_EXERCISE', 'feedbackLongType': 'SLEEP_PREPARATION_BALANCED_AND_INTENSIVE_EXERCISE_AND_BB_LOW'}",,"[{'eventType': 'SLEEP', 'eventStartTimeGmt': '2025-09-10T20:23:27', 'timezoneOffset': 10800000, 'durationInMilliseconds': 28020000, 'bodyBatteryImpact': 54, 'feedbackType': 'NONE', 'shortFeedback': 'NONE', 'deviceId': 3423864303, 'activityName': None, 'activityType': None, 'activityId': None, 'eventUpdateTimeGmt': '2025-09-11T04:11:24'}, {'eventType': 'ACTIVITY', 'eventStartTimeGmt': '2025-09-11T13:00:30', 'timezoneOffset': 10800000, 'durationInMilliseconds': 3540000, 'bodyBatteryImpact': -10, 'feedbackType': 'EXERCISE_TRAINING_EFFECT_3', 'shortFeedback': 'IMPROVING_AEROBIC', 'deviceId': 3423864303, 'activityName': 'Helsinki Trail Running', 'activityType': 'trail_running', 'activityId': 20353157502, 'eventUpdateTimeGmt': '2025-09-11T14:00:54'}, {'eventType': 'ACTIVITY', 'eventStartTimeGmt': '2025-09-11T14:05:35', 'timezoneOffset': 10800000, 'durationInMilliseconds': 1320000, 'bodyBatteryImpact': -3, 'feedbackType': 'NONE', 'shortFeedback': 'NONE', 'deviceId': 3423864303, 'activityName': 'Yoga', 'activityType': 'yoga', 'activityId': 20353157991, 'eventUpdateTimeGmt': '2025-09-11T14:28:22'}]",16.0,40.0,7.0,16.0,2025-09-11T21:00:00.0,200,2025-09-11
5652846,2279.0,241.0,2038.0,2279.0,,,2741.0,6972,2500,5760,5760,241.0,2741.0,5652846,2025-09-12,"{'typeId': 4, 'typeKey': 'groups'}",0ada03c631fc476eab744c7610e5b5b2,1500,2025-09-11T21:00:00.0,2025-09-12T00:00:00.0,2025-09-12T21:00:00.0,2025-09-13T00:00:00.0,86400000,,3401,2441,63444,17114,True,False,False,False,0,0,29.033,34.766,9.52526,11.40617,150,10,55,107,60,60,GARMIN,27,81,29580,41580,12660,1380,85200,24360,5100,120.0,34.72,48.8,14.86,1.62,28.59,5.99,0.14,BALANCED,67140,16680,,58,106,42,37,55,13,18,34.0,47.0,3.0,,,,,,,2.0,,"{'eventTimestampGmt': '2025-09-12T17:50:00', 'bodyBatteryLevel': 'MODERATE', 'feedbackShortType': 'SLEEP_PREPARATION_RECOVERING_AND_INACTIVE', 'feedbackLongType': 'SLEEP_PREPARATION_RECOVERING_AND_INACTIVE'}","{'eventTimestampGmt': '2025-09-12T19:23:00', 'bodyBatteryLevel': 'MODERATE', 'feedbackShortType': 'SLEEP_TIME_PASSED_RECOVERING_AND_INACTIVE', 'feedbackLongType': 'SLEEP_TIME_PASSED_RECOVERING_AND_INACTIVE'}","[{'eventType': 'SLEEP', 'eventStartTimeGmt': '2025-09-11T20:58:22', 'timezoneOffset': 10800000, 'durationInMilliseconds': 16980000, 'bodyBatteryImpact': 34, 'feedbackType': 'NONE', 'shortFeedback': 'NONE', 'deviceId': 3423864303, 'activityName': None, 'activityType': None, 'activityId': None, 'eventUpdateTimeGmt': '2025-09-12T03:22:08'}, {'eventType': 'RECOVERY', 'eventStartTimeGmt': '2025-09-12T03:36:58', 'timezoneOffset': 10800000, 'durationInMilliseconds': 3180000, 'bodyBatteryImpact': 2, 'feedbackType': 'RECOVERY_BODY_BATTERY_INCREASE', 'shortFeedback': 'BODY_BATTERY_RECHARGE', 'deviceId': 3423864303, 'activityName': None, 'activityType': None, 'activityId': None, 'eventUpdateTimeGmt': '2025-09-12T04:33:45'}, {'eventType': 'RECOVERY', 'eventStartTimeGmt': '2025-09-12T14:41:48', 'timezoneOffset': 10800000, 'durationInMilliseconds': 2040000, 'bodyBatteryImpact': 0, 'feedbackType': 'RECOVERY_BODY_BATTERY_NOT_INCREASE', 'shortFeedback': 'RESTFUL_PERIOD', 'deviceId': 3423864303, 'activityName': None, 'activityType': None, 'activityId': None, 'eventUpdateTimeGmt': '2025-09-12T15:19:49'}]",16.0,24.0,7.0,19.0,2025-09-12T21:00:00.0,200,2025-09-12
5652846,2648.0,610.0,2038.0,2648.0,,,3110.0,13733,2500,13601,13601,610.0,3110.0,5652846,2025-09-13,"{'typeId': 4, 'typeKey': 'groups'}",7a440a9e153848b89966eab89c3a0398,1500,2025-09-12T21:00:00.0,2025-09-13T00:00:00.0,2025-09-13T21:00:00.0,2025-09-14T00:00:00.0,86400000,,1151,13154,41410,30685,True,True,False,False,0,0,68.676,99.268,22.5315,32.56824,150,10,41,116,63,60,GARMIN,28,95,28440,30120,20820,5580,84960,24780,3060,600.0,33.47,35.45,24.51,6.57,29.17,3.6,0.71,BALANCED,57780,21600,,45,115,45,35,56,18,28,38.0,56.0,3.0,,,,,,,17.0,156.0,"{'eventTimestampGmt': '2025-09-13T17:50:01', 'bodyBatteryLevel': 'HIGH', 'feedbackShortType': 'SLEEP_PREPARATION_RECOVERING_AND_EXERCISE', 'feedbackLongType': 'SLEEP_PREPARATION_RECOVERING_AND_EXERCISE'}","{'eventTimestampGmt': '2025-09-13T20:59:17', 'bodyBatteryLevel': 'HIGH', 'feedbackShortType': 'SLEEP_TIME_PASSED_RECOVERING_AND_EXERCISE', 'feedbackLongType': 'SLEEP_TIME_PASSED_RECOVERING_AND_EXERCISE'}","[{'eventType': 'SLEEP', 'eventStartTimeGmt': '2025-09-12T20:56:08', 'timezoneOffset': 10800000, 'durationInMilliseconds': 25380000, 'bodyBatteryImpact': 38, 'feedbackType': 'NONE', 'shortFeedback': 'NONE', 'deviceId': 3423864303, 'activityName': None, 'activityType': None, 'activityId': None, 'eventUpdateTimeGmt': '2025-09-13T04:03:18'}, {'eventType': 'ACTIVITY', 'eventStartTimeGmt': '2025-09-13T07:24:43', 'timezoneOffset': 10800000, 'durationInMilliseconds': 6540000, 'bodyBatteryImpact': -5, 'feedbackType': 'EXERCISE_TRAINING_EFFECT_BELOW_2', 'shortFeedback': 'NONE', 'deviceId': 3423864303, 'activityName': 'Espoo Walking', 'activityType': 'walking', 'activityId': 20370186683, 'eventUpdateTimeGmt': '2025-09-13T09:14:43'}, {'eventType': 'RECOVERY', 'eventStartTimeGmt': '2025-09-13T12:05:08', 'timezoneOffset': 10800000, 'durationInMilliseconds': 3180000, 'bodyBatteryImpact': 0, 'feedbackType': 'RECOVERY_BODY_BATTERY_NOT_INCREASE', 'shortFeedback': 'RESTFUL_PERIOD', 'deviceId': 3423864303, 'activityName': None, 'activityType': None, 'activityId': None, 'eventUpdateTimeGmt': '2025-09-13T13:02:35'}, {'eventType': 'RECOVERY', 'eventStartTimeGmt': '2025-09-13T13:06:03', 'timezoneOffset': 10800000, 'durationInMilliseconds': 960000, 'bodyBatteryImpact': 2, 'feedbackType': 'RECOVERY_BODY_BATTERY_INCREASE', 'shortFeedback': 'BODY_BATTERY_RECHARGE', 'deviceId': 3423864303, 'activityName': None, 'activityType': None, 'activityId': None, 'eventUpdateTimeGmt': '2025-09-13T13:25:40'}]",15.0,25.0,7.0,17.0,2025-09-13T21:00:00.0,200,2025-09-13
5652846,2399.0,361.0,2038.0,2399.0,,,2861.0,7950,2500,6595,6595,361.0,2861.0,5652846,2025-09-14,"{'typeId': 4, 'typeKey': 'groups'}",792ab44a2fdd49cc8548f08e09c1e29d,1500,2025-09-13T21:00:00.0,2025-09-14T00:00:00.0,2025-09-14T21:00:00.0,2025-09-15T00:00:00.0,86400000,,1326,5171,47010,32893,True,True,False,False,0,0,44.934,49.596,14.74213,16.27165,150,10,56,120,59,60,GARMIN,28,98,30720,39420,11460,2760,84360,23760,6240,720.0,36.42,46.73,13.58,3.27,28.17,7.4,0.85,BALANCED,51780,29820,,57,119,57,52,74,24,33,47.0,74.0,3.0,,,,,,,15.0,99.0,"{'eventTimestampGmt': '2025-09-14T17:50:00', 'bodyBatteryLevel': 'HIGH', 'feedbackShortType': 'SLEEP_PREPARATION_RECOVERING_AND_EXERCISE', 'feedbackLongType': 'SLEEP_PREPARATION_RECOVERING_AND_EXERCISE'}","{'eventTimestampGmt': '2025-09-13T23:23:57', 'bodyBatteryLevel': 'HIGH', 'feedbackShortType': 'SLEEP_TIME_PASSED_RECOVERING_AND_EXERCISE', 'feedbackLongType': 'SLEEP_TIME_PASSED_RECOVERING_AND_EXERCISE'}","[{'eventType': 'SLEEP', 'eventStartTimeGmt': '2025-09-13T19:27:43', 'timezoneOffset': 10800000, 'durationInMilliseconds': 37860000, 'bodyBatteryImpact': 47, 'feedbackType': 'NONE', 'shortFeedback': 'NONE', 'deviceId': 3423864303, 'activityName': None, 'activityType': None, 'activityId': None, 'eventUpdateTimeGmt': '2025-09-14T05:59:19'}, {'eventType': 'ACTIVITY', 'eventStartTimeGmt': '2025-09-14T09:19:12', 'timezoneOffset': 10800000, 'durationInMilliseconds': 4140000, 'bodyBatteryImpact': -5, 'feedbackType': 'EXERCISE_TRAINING_EFFECT_BELOW_2', 'shortFeedback': 'NONE', 'deviceId': 3423864303, 'activityName': None, 'activityType': None, 'activityId': None, 'eventUpdateTimeGmt': '2025-09-14T10:29:06'}]",14.0,23.0,7.0,18.0,2025-09-14T21:00:00.0,200,2025-09-14
5652846,3199.0,1161.0,2038.0,3199.0,,,3661.0,16665,2500,15171,15171,1161.0,3661.0,5652846,2025-09-15,"{'typeId': 4, 'typeKey': 'groups'}",09a7ed53287b498ebc7f27e7a54fcdf3,1500,2025-09-14T21:00:00.0,2025-09-15T00:00:00.0,2025-09-15T21:00:00.0,2025-09-16T00:00:00.0,86400000,,5963,5698,49922,24817,True,True,False,False,108,19,318.523,320.526,104.5023,105.15945,150,10,45,194,57,59,GARMIN,24,97,17160,50460,7740,9900,85260,9480,5880,1800.0,20.13,59.18,9.08,11.61,11.12,6.9,2.11,BALANCED,50580,24780,,47,194,59,71,88,21,21,55.0,88.0,3.0,1.0,,,,,,10.0,168.0,"{'eventTimestampGmt': '2025-09-15T19:53:34', 'bodyBatteryLevel': 'MODERATE', 'feedbackShortType': 'SLEEP_PREPARATION_RECOVERING_AND_INTENSIVE_EXERCISE', 'feedbackLongType': 'SLEEP_PREPARATION_RECOVERING_AND_INTENSIVE_EXERCISE'}","{'eventTimestampGmt': '2025-09-15T20:36:16', 'bodyBatteryLevel': 'MODERATE', 'feedbackShortType': 'SLEEP_TIME_PASSED_RECOVERING_AND_INTENSIVE_EXERCISE', 'feedbackLongType': 'SLEEP_TIME_PASSED_RECOVERING_AND_INTENSIVE_EXERCISE'}","[{'eventType': 'SLEEP', 'eventStartTimeGmt': '2025-09-14T20:51:06', 'timezoneOffset': 10800000, 'durationInMilliseconds': 24300000, 'bodyBatteryImpact': 55, 'feedbackType': 'NONE', 'shortFeedback': 'NONE', 'deviceId': 3423864303, 'activityName': None, 'activityType': None, 'activityId': None, 'eventUpdateTimeGmt': '2025-09-15T03:46:12'}, {'eventType': 'RECOVERY', 'eventStartTimeGmt': '2025-09-15T06:53:52', 'timezoneOffset': 10800000, 'durationInMilliseconds': 3000000, 'bodyBatteryImpact': 0, 'feedbackType': 'RECOVERY_BODY_BATTERY_NOT_INCREASE', 'shortFeedback': 'RESTFUL_PERIOD', 'deviceId': 3423864303, 'activityName': None, 'activityType': None, 'activityId': None, 'eventUpdateTimeGmt': '2025-09-15T07:46:47'}, {'eventType': 'RECOVERY', 'eventStartTimeGmt': '2025-09-15T07:48:37', 'timezoneOffset': 10800000, 'durationInMilliseconds': 3480000, 'bodyBatteryImpact': 4, 'feedbackType': 'RECOVERY_BODY_BATTERY_INCREASE', 'shortFeedback': 'BODY_BATTERY_RECHARGE', 'deviceId': 3423864303, 'activityName': None, 'activityType': None, 'activityId': None, 'eventUpdateTimeGmt': '2025-09-15T08:50:17'}, {'eventType': 'ACTIVITY', 'eventStartTimeGmt': '2025-09-15T14:41:03', 'timezoneOffset': 10800000, 'durationInMilliseconds': 7260000, 'bodyBatteryImpact': -17, 'feedbackType': 'EXERCISE_TRAINING_EFFECT_3', 'shortFeedback': 'IMPROVING_AEROBIC_BASE', 'deviceId': 3423864303, 'activityName': 'Helsinki Trail Running', 'activityType': 'trail_running', 'activityId': 20395121436, 'eventUpdateTimeGmt': '2025-09-15T16:43:29'}]",16.0,37.0,6.0,16.0,2025-09-15T21:00:00.0,200,2025-09-15
5652846,2476.0,438.0,2038.0,2476.0,,,2938.0,9839,2500,8443,8443,438.0,2938.0,5652846,2025-09-16,"{'typeId': 4, 'typeKey': 'groups'}",8668179824af43cea45d6eab6734674a,1500,2025-09-15T21:00:00.0,2025-09-16T00:00:00.0,2025-09-16T21:00:00.0,2025-09-17T00:00:00.0,86400000,,4638,2195,55898,23669,True,True,False,False,0,0,78.285,58.02,25.68406,19.03543,150,10,56,119,62,60,GARMIN,29,90,36000,36900,10020,2340,85260,30360,5160,480.0,42.22,43.28,11.75,2.74,35.61,6.05,0.56,BALANCED,59340,23580,,59,117,41,42,60,20,20,39.0,60.0,3.0,,,,,,,14.0,44.0,"{'eventTimestampGmt': '2025-09-16T17:50:00', 'bodyBatteryLevel': 'MODERATE', 'feedbackShortType': 'SLEEP_PREPARATION_RECOVERING_AND_EXERCISE', 'feedbackLongType': 'SLEEP_PREPARATION_RECOVERING_AND_EXERCISE'}","{'eventTimestampGmt': '2025-09-16T20:34:42', 'bodyBatteryLevel': 'MODERATE', 'feedbackShortType': 'SLEEP_TIME_PASSED_RECOVERING_AND_EXERCISE', 'feedbackLongType': 'SLEEP_TIME_PASSED_RECOVERING_AND_EXERCISE'}","[{'eventType': 'SLEEP', 'eventStartTimeGmt': '2025-09-15T20:42:29', 'timezoneOffset': 10800000, 'durationInMilliseconds': 24720000, 'bodyBatteryImpact': 39, 'feedbackType': 'NONE', 'shortFeedback': 'NONE', 'deviceId': 3423864303, 'activityName': None, 'activityType': None, 'activityId': None, 'eventUpdateTimeGmt': '2025-09-16T03:36:41'}, {'eventType': 'ACTIVITY', 'eventStartTimeGmt': '2025-09-16T13:01:26', 'timezoneOffset': 10800000, 'durationInMilliseconds': 1800000, 'bodyBatteryImpact': -2, 'feedbackType': 'EXERCISE_TRAINING_EFFECT_BELOW_2', 'shortFeedback': 'EASY_RECOVERY', 'deviceId': 3423864303, 'activityName': 'Helsinki Walking', 'activityType': 'walking', 'activityId': 20403550906, 'eventUpdateTimeGmt': '2025-09-16T13:32:48'}]",14.0,25.0,6.0,11.0,2025-09-16T21:00:00.0,200,2025-09-16
5652846,3217.0,1179.0,2038.0,3217.0,,,3679.0,18874,2500,15415,15415,1179.0,3679.0,5652846,2025-09-17,"{'typeId': 4, 'typeKey': 'groups'}",e68e9e692897416a96feb6348c9fed0a,1500,2025-09-16T21:00:00.0,2025-09-17T00:00:00.0,2025-09-17T21:00:00.0,2025-09-18T00:00:00.0,86400000,,10099,3425,54925,17951,True,True,False,False,83,25,195.35,199.082,64.09121,65.31562,150,10,52,172,59,60,GARMIN,33,93,34200,33420,7860,9720,85200,20100,10740,3360.0,40.14,39.23,9.23,11.41,23.59,12.61,3.94,BALANCED,57480,18000,,56,168,52,67,71,5,5,50.0,69.0,3.0,1.0,,,,,,8.0,134.0,"{'eventTimestampGmt': '2025-09-17T18:56:20', 'bodyBatteryLevel': 'LOW', 'feedbackShortType': 'SLEEP_PREPARATION_BALANCED_AND_INTENSIVE_EXERCISE', 'feedbackLongType': 'SLEEP_PREPARATION_BALANCED_AND_INTENSIVE_EXERCISE_AND_BB_LOW'}","{'eventTimestampGmt': '2025-09-17T20:48:28', 'bodyBatteryLevel': 'VERY_LOW', 'feedbackShortType': 'SLEEP_TIME_PASSED_BALANCED_AND_INTENSIVE_EXERCISE', 'feedbackLongType': 'SLEEP_TIME_PASSED_BALANCED_AND_INTENSIVE_EXERCISE_AND_BB_LOW'}","[{'eventType': 'SLEEP', 'eventStartTimeGmt': '2025-09-16T21:50:48', 'timezoneOffset': 10800000, 'durationInMilliseconds': 17880000, 'bodyBatteryImpact': 50, 'feedbackType': 'NONE', 'shortFeedback': 'NONE', 'deviceId': 3423864303, 'activityName': None, 'activityType': None, 'activityId': None, 'eventUpdateTimeGmt': '2025-09-17T04:16:04'}, {'eventType': 'ACTIVITY', 'eventStartTimeGmt': '2025-09-17T14:40:01', 'timezoneOffset': 10800000, 'durationInMilliseconds': 7440000, 'bodyBatteryImpact': -11, 'feedbackType': 'EXERCISE_TRAINING_EFFECT_3', 'shortFeedback': 'IMPROVING_AEROBIC_BASE', 'deviceId': 3423864303, 'activityName': 'Helsinki Trail Running', 'activityType': 'trail_running', 'activityId': 20416267339, 'eventUpdateTimeGmt': '2025-09-17T16:44:49'}]",16.0,37.0,8.0,17.0,2025-09-17T21:00:00.0,200,2025-09-17
5652846,2621.0,583.0,2038.0,2621.0,,,3083.0,13534,2500,11988,11988,583.0,3083.0,5652846,2025-09-18,"{'typeId': 4, 'typeKey': 'groups'}",c2d01379c3814b1bbafb5ad732cdb52c,1500,2025-09-17T21:00:00.0,2025-09-18T00:00:00.0,2025-09-18T21:00:00.0,2025-09-19T00:00:00.0,86400000,,5976,3300,49619,27505,True,True,False,False,11,0,109.728,122.69,36.0,40.25262,150,10,50,139,61,60,GARMIN,26,86,24180,46020,11940,1800,83940,19620,4080,480.0,28.81,54.82,14.22,2.14,23.37,4.86,0.57,BALANCED,54960,27180,,54,130,52,30,54,5,27,48.0,53.0,3.0,,,,,,,12.0,93.0,"{'eventTimestampGmt': '2025-09-18T19:13:00', 'bodyBatteryLevel': 'HIGH', 'feedbackShortType': 'SLEEP_PREPARATION_RECOVERING_AND_EXERCISE', 'feedbackLongType': 'SLEEP_PREPARATION_RECOVERING_AND_EXERCISE'}","{'eventTimestampGmt': '2025-09-17T23:42:12', 'bodyBatteryLevel': 'HIGH', 'feedbackShortType': 'SLEEP_TIME_PASSED_BALANCED_AND_INTENSIVE_EXERCISE', 'feedbackLongType': 'SLEEP_TIME_PASSED_BALANCED_AND_INTENSIVE_EXERCISE'}","[{'eventType': 'SLEEP', 'eventStartTimeGmt': '2025-09-17T20:58:49', 'timezoneOffset': 10800000, 'durationInMilliseconds': 27540000, 'bodyBatteryImpact': 49, 'feedbackType': 'NONE', 'shortFeedback': 'NONE', 'deviceId': 3423864303, 'activityName': None, 'activityType': None, 'activityId': None, 'eventUpdateTimeGmt': '2025-09-18T04:43:36'}, {'eventType': 'RECOVERY', 'eventStartTimeGmt': '2025-09-18T07:41:01', 'timezoneOffset': 10800000, 'durationInMilliseconds': 3540000, 'bodyBatteryImpact': 0, 'feedbackType': 'RECOVERY_BODY_BATTERY_NOT_INCREASE', 'shortFeedback': 'RESTFUL_PERIOD', 'deviceId': 3423864303, 'activityName': None, 'activityType': None, 'activityId': None, 'eventUpdateTimeGmt': '2025-09-18T08:43:05'}, {'eventType': 'ACTIVITY', 'eventStartTimeGmt': '2025-09-18T12:51:02', 'timezoneOffset': 10800000, 'durationInMilliseconds': 3900000, 'bodyBatteryImpact': -5, 'feedbackType': 'EXERCISE_TRAINING_EFFECT_BELOW_2', 'shortFeedback': 'EASY_RECOVERY', 'deviceId': 3423864303, 'activityName': 'Helsinki Walking', 'activityType': 'walking', 'activityId': 20425061657, 'eventUpdateTimeGmt': '2025-09-18T13:57:24'}]",14.0,23.0,6.0,17.0,2025-09-18T21:00:00.0,200,2025-09-18
5652846,2406.0,368.0,2038.0,2406.0,,,2868.0,9953,2500,9776,9776,368.0,2868.0,5652846,2025-09-19,"{'typeId': 4, 'typeKey': 'groups'}",064e320cc6c64306a2bc387520553085,1500,2025-09-18T21:00:00.0,2025-09-19T00:00:00.0,2025-09-19T21:00:00.0,2025-09-20T00:00:00.0,86400000,,1467,5661,56868,22404,True,True,False,False,0,0,53.035,58.95,17.39993,19.34055,150,10,48,118,57,60,GARMIN,22,96,20940,50400,11040,2340,84720,18180,2100,660.0,24.72,59.49,13.03,2.76,21.46,2.48,0.78,BALANCED,61980,20400,,52,118,63,67,85,23,23,56.0,83.0,3.0,,,,,,,32.0,79.0,"{'eventTimestampGmt': '2025-09-19T17:50:01', 'bodyBatteryLevel': 'HIGH', 'feedbackShortType': 'SLEEP_PREPARATION_RECOVERING_AND_EXERCISE', 'feedbackLongType': 'SLEEP_PREPARATION_RECOVERING_AND_EXERCISE'}","{'eventTimestampGmt': '2025-09-19T20:33:13', 'bodyBatteryLevel': 'MODERATE', 'feedbackShortType': 'SLEEP_TIME_PASSED_RECOVERING_AND_EXERCISE', 'feedbackLongType': 'SLEEP_TIME_PASSED_RECOVERING_AND_EXERCISE'}","[{'eventType': 'SLEEP', 'eventStartTimeGmt': '2025-09-18T20:59:24', 'timezoneOffset': 10800000, 'durationInMilliseconds': 20580000, 'bodyBatteryImpact': 56, 'feedbackType': 'NONE', 'shortFeedback': 'NONE', 'deviceId': 3423864303, 'activityName': None, 'activityType': None, 'activityId': None, 'eventUpdateTimeGmt': '2025-09-19T03:03:57'}, {'eventType': 'RECOVERY', 'eventStartTimeGmt': '2025-09-19T07:11:07', 'timezoneOffset': 10800000, 'durationInMilliseconds': 3060000, 'bodyBatteryImpact': 2, 'feedbackType': 'RECOVERY_BODY_BATTERY_INCREASE', 'shortFeedback': 'BODY_BATTERY_RECHARGE', 'deviceId': 3423864303, 'activityName': None, 'activityType': None, 'activityId': None, 'eventUpdateTimeGmt': '2025-09-19T08:05:15'}, {'eventType': 'ACTIVITY', 'eventStartTimeGmt': '2025-09-19T13:07:22', 'timezoneOffset': 10800000, 'durationInMilliseconds': 3360000, 'bodyBatteryImpact': -6, 'feedbackType': 'EXERCISE_TRAINING_EFFECT_BELOW_2', 'shortFeedback': 'EASY_RECOVERY', 'deviceId': 3423864303, 'activityName': 'Lappeenranta Walking', 'activityType': 'walking', 'activityId': 20435433826, 'eventUpdateTimeGmt': '2025-09-19T14:03:34'}, {'eventType': 'NAP', 'eventStartTimeGmt': '2025-09-19T15:17:34', 'timezoneOffset': 10800000, 'durationInMilliseconds': 1860000, 'bodyBatteryImpact': 3, 'feedbackType': 'NAP_RECOVERING_BODY_BATTERY_INCREASE', 'shortFeedback': 'RESTFUL_NAP', 'deviceId': 3423864303, 'activityName': None, 'activityType': None, 'activityId': None, 'eventUpdateTimeGmt': '2025-09-19T15:53:45'}]",15.0,24.0,8.0,18.0,2025-09-19T21:00:00.0,200,2025-09-19
5652846,2426.0,388.0,2038.0,2426.0,,,2888.0,8684,2500,7411,7411,388.0,2888.0,5652846,2025-09-20,"{'typeId': 4, 'typeKey': 'groups'}",dcfc91412cc24d00bd023fadaeadbd83,1500,2025-09-19T21:00:00.0,2025-09-20T00:00:00.0,2025-09-20T21:00:00.0,2025-09-21T00:00:00.0,86400000,,1489,5953,54718,24240,True,True,False,False,0,0,90.766,81.546,29.77887,26.75394,150,10,53,126,57,59,GARMIN,29,91,29040,30720,11460,15120,86340,20820,7320,900.0,33.63,35.58,13.27,17.51,24.11,8.48,1.04,BALANCED,47520,23700,,54,124,66,69,85,20,20,63.0,83.0,3.0,,,,,,,84.0,88.0,"{'eventTimestampGmt': '2025-09-20T17:50:00', 'bodyBatteryLevel': 'MODERATE', 'feedbackShortType': 'SLEEP_PREPARATION_BALANCED_AND_EXERCISE', 'feedbackLongType': 'SLEEP_PREPARATION_BALANCED_AND_EXERCISE'}","{'eventTimestampGmt': '2025-09-19T23:15:52', 'bodyBatteryLevel': 'HIGH', 'feedbackShortType': 'SLEEP_TIME_PASSED_RECOVERING_AND_EXERCISE', 'feedbackLongType': 'SLEEP_TIME_PASSED_RECOVERING_AND_EXERCISE'}","[{'eventType': 'SLEEP', 'eventStartTimeGmt': '2025-09-19T22:01:34', 'timezoneOffset': 10800000, 'durationInMilliseconds': 24240000, 'bodyBatteryImpact': 64, 'feedbackType': 'NONE', 'shortFeedback': 'NONE', 'deviceId': 3423864303, 'activityName': None, 'activityType': None, 'activityId': None, 'eventUpdateTimeGmt': '2025-09-20T04:49:21'}, {'eventType': 'ACTIVITY', 'eventStartTimeGmt': '2025-09-20T08:44:28', 'timezoneOffset': 10800000, 'durationInMilliseconds': 18660000, 'bodyBatteryImpact': -17, 'feedbackType': 'EXERCISE_TRAINING_EFFECT_BELOW_2', 'shortFeedback': 'NONE', 'deviceId': 3423864303, 'activityName': 'Lappeenranta Walking', 'activityType': 'walking', 'activityId': 20445795180, 'eventUpdateTimeGmt': '2025-09-20T13:56:17'}]",14.0,24.0,7.0,16.0,2025-09-20T21:00:00.0,200,2025-09-20
5652846,2397.0,359.0,2038.0,2397.0,,,2859.0,8465,2500,6858,6858,359.0,2859.0,5652846,2025-09-21,"{'typeId': 4, 'typeKey': 'groups'}",73217cf77be34712b59604c9544fa40b,1500,2025-09-20T21:00:00.0,2025-09-21T00:00:00.0,2025-09-21T21:00:00.0,2025-09-22T00:00:00.0,86400000,,2093,4812,57378,22117,True,True,False,False,0,0,57.912,40.442,19.0,13.26837,150,10,59,119,62,59,GARMIN,38,98,46740,20340,10080,8580,85740,29220,14700,2820.0,54.51,23.72,11.76,10.01,34.08,17.14,3.29,STRESSFUL,63900,13260,,60,117,26,40,29,5,6,17.0,26.0,3.0,1.0,,,,,,75.0,39.0,"{'eventTimestampGmt': '2025-09-21T20:57:10', 'bodyBatteryLevel': 'LOW', 'feedbackShortType': 'SLEEP_PREPARATION_BALANCED_AND_EXERCISE', 'feedbackLongType': 'SLEEP_PREPARATION_BALANCED_AND_EXERCISE_AND_BB_LOW_MORNING_AND_NOW'}","{'eventTimestampGmt': '2025-09-20T23:31:26', 'bodyBatteryLevel': 'LOW', 'feedbackShortType': 'SLEEP_TIME_PASSED_BALANCED_AND_EXERCISE', 'feedbackLongType': 'SLEEP_TIME_PASSED_BALANCED_AND_EXERCISE_AND_BB_LOW'}","[{'eventType': 'SLEEP', 'eventStartTimeGmt': '2025-09-21T00:57:17', 'timezoneOffset': 10800000, 'durationInMilliseconds': 13260000, 'bodyBatteryImpact': 17, 'feedbackType': 'NONE', 'shortFeedback': 'NONE', 'deviceId': 3423864303, 'activityName': None, 'activityType': None, 'activityId': None, 'eventUpdateTimeGmt': '2025-09-21T04:38:41'}, {'eventType': 'NAP', 'eventStartTimeGmt': '2025-09-21T05:43:02', 'timezoneOffset': 10800000, 'durationInMilliseconds': 5760000, 'bodyBatteryImpact': 6, 'feedbackType': 'NAP_RECOVERING_BODY_BATTERY_INCREASE', 'shortFeedback': 'RESTFUL_NAP', 'deviceId': 3423864303, 'activityName': None, 'activityType': None, 'activityId': None, 'eventUpdateTimeGmt': '2025-09-21T07:23:15'}, {'eventType': 'ACTIVITY', 'eventStartTimeGmt': '2025-09-21T10:18:49', 'timezoneOffset': 10800000, 'durationInMilliseconds': 1620000, 'bodyBatteryImpact': -3, 'feedbackType': 'EXERCISE_TRAINING_EFFECT_BELOW_2', 'shortFeedback': 'EASY_RECOVERY', 'deviceId': 3423864303, 'activityName': 'Lappeenranta Walking', 'activityType': 'walking', 'activityId': 20454434315, 'eventUpdateTimeGmt': '2025-09-21T10:46:23'}]",17.0,25.0,9.0,18.0,2025-09-21T21:00:00.0,200,2025-09-21
5652846,3242.0,1204.0,2038.0,3242.0,,,3704.0,17196,2500,15114,15114,1204.0,3704.0,5652846,2025-09-22,"{'typeId': 4, 'typeKey': 'groups'}",89dabb0bab6640e481903243b82dbcda,1500,2025-09-21T21:00:00.0,2025-09-22T00:00:00.0,2025-09-22T21:00:00.0,2025-09-23T00:00:00.0,86400000,,7409,3646,50762,24583,True,True,False,False,59,36,259.08,256.639,85.0,84.19915,150,10,54,186,59,60,GARMIN,25,95,19980,46920,9600,8640,85140,13200,5100,1680.0,23.47,55.11,11.28,10.15,15.5,5.99,1.97,BALANCED,52440,24060,,58,176,64,57,70,6,13,64.0,69.0,3.0,,,,,,,55.0,124.0,"{'eventTimestampGmt': '2025-09-22T19:49:10', 'bodyBatteryLevel': 'LOW', 'feedbackShortType': 'SLEEP_PREPARATION_RECOVERING_AND_INTENSIVE_EXERCISE', 'feedbackLongType': 'SLEEP_PREPARATION_RECOVERING_AND_INTENSIVE_EXERCISE_AND_BB_LOW'}","{'eventTimestampGmt': '2025-09-22T20:20:31', 'bodyBatteryLevel': 'LOW', 'feedbackShortType': 'SLEEP_TIME_PASSED_RECOVERING_AND_INTENSIVE_EXERCISE', 'feedbackLongType': 'SLEEP_TIME_PASSED_RECOVERING_AND_INTENSIVE_EXERCISE_AND_BB_LOW'}","[{'eventType': 'SLEEP', 'eventStartTimeGmt': '2025-09-21T20:08:23', 'timezoneOffset': 10800000, 'durationInMilliseconds': 25920000, 'bodyBatteryImpact': 64, 'feedbackType': 'NONE', 'shortFeedback': 'NONE', 'deviceId': 3423864303, 'activityName': None, 'activityType': None, 'activityId': None, 'eventUpdateTimeGmt': '2025-09-22T03:23:52'}, {'eventType': 'RECOVERY', 'eventStartTimeGmt': '2025-09-22T06:46:57', 'timezoneOffset': 10800000, 'durationInMilliseconds': 3240000, 'bodyBatteryImpact': 0, 'feedbackType': 'RECOVERY_BODY_BATTERY_NOT_INCREASE', 'shortFeedback': 'RESTFUL_PERIOD', 'deviceId': 3423864303, 'activityName': None, 'activityType': None, 'activityId': None, 'eventUpdateTimeGmt': '2025-09-22T07:44:05'}, {'eventType': 'RECOVERY', 'eventStartTimeGmt': '2025-09-22T08:58:32', 'timezoneOffset': 10800000, 'durationInMilliseconds': 3780000, 'bodyBatteryImpact': -2, 'feedbackType': 'RECOVERY_LONG_BODY_BATTERY_NOT_INCREASE', 'shortFeedback': 'LONG_RESTFUL_PERIOD', 'deviceId': 3423864303, 'activityName': None, 'activityType': None, 'activityId': None, 'eventUpdateTimeGmt': '2025-09-22T10:06:15'}, {'eventType': 'ACTIVITY', 'eventStartTimeGmt': '2025-09-22T14:40:44', 'timezoneOffset': 10800000, 'durationInMilliseconds': 6780000, 'bodyBatteryImpact': -17, 'feedbackType': 'EXERCISE_TRAINING_EFFECT_3', 'shortFeedback': 'IMPROVING_TEMPO', 'deviceId': 3423864303, 'activityName': 'Helsinki Trail Running', 'activityType': 'trail_running', 'activityId': 20467311067, 'eventUpdateTimeGmt': '2025-09-22T16:36:40'}]",16.0,39.0,6.0,14.0,2025-09-22T21:00:00.0,200,2025-09-22
5652846,2384.0,346.0,2038.0,2384.0,,,2846.0,9398,2500,7958,7958,346.0,2846.0,5652846,2025-09-23,"{'typeId': 4, 'typeKey': 'groups'}",106460dcc4584f03bc87309b63e7b7c8,1500,2025-09-22T21:00:00.0,2025-09-23T00:00:00.0,2025-09-23T21:00:00.0,2025-09-24T00:00:00.0,86400000,,4983,1729,54365,25323,True,True,False,False,4,0,61.834,73.819,20.28675,24.21883,150,10,53,123,59,59,GARMIN,24,87,23880,47520,10380,1860,83640,21660,2100,120.0,28.55,56.81,12.41,2.22,25.9,2.51,0.14,BALANCED,59400,22380,,57,123,51,34,56,13,30,41.0,54.0,3.0,,,,,,,45.0,48.0,"{'eventTimestampGmt': '2025-09-23T17:50:00', 'bodyBatteryLevel': 'HIGH', 'feedbackShortType': 'SLEEP_PREPARATION_RECOVERING_AND_EXERCISE', 'feedbackLongType': 'SLEEP_PREPARATION_RECOVERING_AND_EXERCISE'}","{'eventTimestampGmt': '2025-09-23T20:20:20', 'bodyBatteryLevel': 'HIGH', 'feedbackShortType': 'SLEEP_TIME_PASSED_RECOVERING_AND_EXERCISE', 'feedbackLongType': 'SLEEP_TIME_PASSED_RECOVERING_AND_EXERCISE'}","[{'eventType': 'SLEEP', 'eventStartTimeGmt': '2025-09-22T20:30:40', 'timezoneOffset': 10800000, 'durationInMilliseconds': 24540000, 'bodyBatteryImpact': 41, 'feedbackType': 'NONE', 'shortFeedback': 'NONE', 'deviceId': 3423864303, 'activityName': None, 'activityType': None, 'activityId': None, 'eventUpdateTimeGmt': '2025-09-23T03:20:07'}, {'eventType': 'RECOVERY', 'eventStartTimeGmt': '2025-09-23T07:03:57', 'timezoneOffset': 10800000, 'durationInMilliseconds': 3840000, 'bodyBatteryImpact': 2, 'feedbackType': 'RECOVERY_LONG_BODY_BATTERY_INCREASE', 'shortFeedback': 'LONG_RESTFUL_PERIOD', 'deviceId': 3423864303, 'activityName': None, 'activityType': None, 'activityId': None, 'eventUpdateTimeGmt': '2025-09-23T08:11:17'}, {'eventType': 'ACTIVITY', 'eventStartTimeGmt': '2025-09-23T12:43:03', 'timezoneOffset': 10800000, 'durationInMilliseconds': 2340000, 'bodyBatteryImpact': -4, 'feedbackType': 'EXERCISE_TRAINING_EFFECT_BELOW_2', 'shortFeedback': 'EASY_RECOVERY', 'deviceId': 3423864303, 'activityName': 'Helsinki Walking', 'activityType': 'walking', 'activityId': 20476147782, 'eventUpdateTimeGmt': '2025-09-23T13:24:04'}]",14.0,22.0,6.0,17.0,2025-09-23T21:00:00.0,200,2025-09-23
5652846,2400.0,362.0,2038.0,2400.0,,,2862.0,8496,2500,7054,7054,362.0,2862.0,5652846,2025-09-24,"{'typeId': 4, 'typeKey': 'groups'}",ca95d841fbd1443dbbe94fec2d73fe5c,1500,2025-09-23T21:00:00.0,2025-09-24T00:00:00.0,2025-09-24T21:00:00.0,2025-09-25T00:00:00.0,86400000,,3903,1902,57405,23190,True,True,False,False,0,0,54.864,54.312,18.0,17.8189,150,10,52,131,59,59,GARMIN,22,88,16680,56220,9840,2400,85140,13980,2340,360.0,19.59,66.03,11.56,2.82,16.42,2.75,0.42,CALM,59760,22980,,54,123,59,52,84,30,37,55.0,83.0,3.0,,,,,,,49.0,37.0,"{'eventTimestampGmt': '2025-09-24T17:50:01', 'bodyBatteryLevel': 'HIGH', 'feedbackShortType': 'SLEEP_PREPARATION_RECOVERING_AND_EXERCISE', 'feedbackLongType': 'SLEEP_PREPARATION_RECOVERING_AND_EXERCISE'}","{'eventTimestampGmt': '2025-09-24T20:26:41', 'bodyBatteryLevel': 'HIGH', 'feedbackShortType': 'SLEEP_TIME_PASSED_RECOVERING_AND_EXERCISE', 'feedbackLongType': 'SLEEP_TIME_PASSED_RECOVERING_AND_EXERCISE'}","[{'eventType': 'SLEEP', 'eventStartTimeGmt': '2025-09-23T20:18:04', 'timezoneOffset': 10800000, 'durationInMilliseconds': 25680000, 'bodyBatteryImpact': 55, 'feedbackType': 'NONE', 'shortFeedback': 'NONE', 'deviceId': 3423864303, 'activityName': None, 'activityType': None, 'activityId': None, 'eventUpdateTimeGmt': '2025-09-24T03:26:30'}, {'eventType': 'RECOVERY', 'eventStartTimeGmt': '2025-09-24T06:21:21', 'timezoneOffset': 10800000, 'durationInMilliseconds': 5220000, 'bodyBatteryImpact': 2, 'feedbackType': 'RECOVERY_LONG_BODY_BATTERY_INCREASE', 'shortFeedback': 'LONG_RESTFUL_PERIOD', 'deviceId': 3423864303, 'activityName': None, 'activityType': None, 'activityId': None, 'eventUpdateTimeGmt': '2025-09-24T07:52:05'}, {'eventType': 'ACTIVITY', 'eventStartTimeGmt': '2025-09-24T12:38:02', 'timezoneOffset': 10800000, 'durationInMilliseconds': 1500000, 'bodyBatteryImpact': -2, 'feedbackType': 'EXERCISE_TRAINING_EFFECT_BELOW_2', 'shortFeedback': 'EASY_RECOVERY', 'deviceId': 3423864303, 'activityName': None, 'activityType': None, 'activityId': None, 'eventUpdateTimeGmt': '2025-09-24T13:04:16'}]",14.0,25.0,6.0,13.0,2025-09-24T21:00:00.0,200,2025-09-24
5652846,2426.0,388.0,2038.0,2426.0,,,2888.0,9369,2500,8279,8279,388.0,2888.0,5652846,2025-09-25,"{'typeId': 4, 'typeKey': 'groups'}",f909c4cbc7d9417b93c553c6ccb4533c,1500,2025-09-24T21:00:00.0,2025-09-25T00:00:00.0,2025-09-25T21:00:00.0,2025-09-26T00:00:00.0,86400000,,4326,2320,52575,27179,True,True,False,False,0,0,58.931,46.423,19.33432,15.23064,150,10,50,116,58,59,GARMIN,22,84,18120,54720,8760,1980,83580,15180,2640,300.0,21.68,65.47,10.48,2.37,18.16,3.16,0.36,CALM,61200,20400,,52,113,56,59,84,34,34,45.0,84.0,3.0,,,,,,,48.0,63.0,"{'eventTimestampGmt': '2025-09-25T17:50:00', 'bodyBatteryLevel': 'HIGH', 'feedbackShortType': 'SLEEP_PREPARATION_RECOVERING_AND_EXERCISE', 'feedbackLongType': 'SLEEP_PREPARATION_RECOVERING_AND_EXERCISE'}",,"[{'eventType': 'SLEEP', 'eventStartTimeGmt': '2025-09-24T21:54:16', 'timezoneOffset': 10800000, 'durationInMilliseconds': 22500000, 'bodyBatteryImpact': 45, 'feedbackType': 'NONE', 'shortFeedback': 'NONE', 'deviceId': 3423864303, 'activityName': None, 'activityType': None, 'activityId': None, 'eventUpdateTimeGmt': '2025-09-25T04:10:15'}, {'eventType': 'RECOVERY', 'eventStartTimeGmt': '2025-09-25T06:15:35', 'timezoneOffset': 10800000, 'durationInMilliseconds': 8640000, 'bodyBatteryImpact': 0, 'feedbackType': 'RECOVERY_LONG_BODY_BATTERY_NOT_INCREASE', 'shortFeedback': 'LONG_RESTFUL_PERIOD', 'deviceId': 3423864303, 'activityName': None, 'activityType': None, 'activityId': None, 'eventUpdateTimeGmt': '2025-09-25T08:42:15'}, {'eventType': 'ACTIVITY', 'eventStartTimeGmt': '2025-09-25T12:21:18', 'timezoneOffset': 10800000, 'durationInMilliseconds': 2640000, 'bodyBatteryImpact': -5, 'feedbackType': 'EXERCISE_TRAINING_EFFECT_BELOW_2', 'shortFeedback': 'EASY_RECOVERY', 'deviceId': 3423864303, 'activityName': 'Helsinki Walking', 'activityType': 'walking', 'activityId': 20496264193, 'eventUpdateTimeGmt': '2025-09-25T13:09:00'}, {'eventType': 'NAP', 'eventStartTimeGmt': '2025-09-25T13:52:00', 'timezoneOffset': 10800000, 'durationInMilliseconds': 3360000, 'bodyBatteryImpact': 3, 'feedbackType': 'NAP_RECOVERING_BODY_BATTERY_INCREASE', 'shortFeedback': 'RESTFUL_NAP', 'deviceId': 3423864303, 'activityName': None, 'activityType': None, 'activityId': None, 'eventUpdateTimeGmt': '2025-09-25T15:24:25'}]",15.0,24.0,7.0,18.0,2025-09-25T21:00:00.0,200,2025-09-25
5652846,3289.0,1251.0,2038.0,3289.0,,,3751.0,12346,2500,22786,11501,1251.0,3751.0,5652846,2025-09-26,"{'typeId': 4, 'typeKey': 'groups'}",dd782a64a6f74e7eacf6ae355655acf2,1500,2025-09-25T21:00:00.0,2025-09-26T00:00:00.0,2025-09-26T21:00:00.0,2025-09-27T00:00:00.0,86400000,,6906,3993,45264,30237,True,True,False,False,16,59,47.601,31.752,15.61713,10.41732,150,10,53,210,58,59,GARMIN,27,96,25260,41820,11340,7620,86040,18840,4140,2280.0,29.36,48.61,13.18,8.86,21.9,4.81,2.65,BALANCED,48240,30180,,56,175,51,63,80,18,22,45.0,79.0,3.0,,,,,,,49.0,94.0,"{'eventTimestampGmt': '2025-09-26T18:19:22', 'bodyBatteryLevel': 'MODERATE', 'feedbackShortType': 'SLEEP_PREPARATION_RECOVERING_AND_INTENSIVE_EXERCISE', 'feedbackLongType': 'SLEEP_PREPARATION_RECOVERING_AND_INTENSIVE_EXERCISE'}","{'eventTimestampGmt': '2025-09-25T21:10:39', 'bodyBatteryLevel': 'HIGH', 'feedbackShortType': 'SLEEP_TIME_PASSED_RECOVERING_AND_EXERCISE', 'feedbackLongType': 'SLEEP_TIME_PASSED_RECOVERING_AND_EXERCISE'}","[{'eventType': 'SLEEP', 'eventStartTimeGmt': '2025-09-25T20:39:00', 'timezoneOffset': 10800000, 'durationInMilliseconds': 27000000, 'bodyBatteryImpact': 46, 'feedbackType': 'NONE', 'shortFeedback': 'NONE', 'deviceId': 3423864303, 'activityName': None, 'activityType': None, 'activityId': None, 'eventUpdateTimeGmt': '2025-09-26T04:20:53'}, {'eventType': 'RECOVERY', 'eventStartTimeGmt': '2025-09-26T07:00:23', 'timezoneOffset': 10800000, 'durationInMilliseconds': 5640000, 'bodyBatteryImpact': 0, 'feedbackType': 'RECOVERY_LONG_BODY_BATTERY_NOT_INCREASE', 'shortFeedback': 'LONG_RESTFUL_PERIOD', 'deviceId': 3423864303, 'activityName': None, 'activityType': None, 'activityId': None, 'eventUpdateTimeGmt': '2025-09-26T08:36:15'}, {'eventType': 'ACTIVITY', 'eventStartTimeGmt': '2025-09-26T13:16:31', 'timezoneOffset': 10800000, 'durationInMilliseconds': 3960000, 'bodyBatteryImpact': -15, 'feedbackType': 'EXERCISE_TRAINING_EFFECT_4', 'shortFeedback': 'HIGHLY_IMPROVING_LACTATE_THRESHOLD', 'deviceId': 3423864303, 'activityName': 'Espoo Roller Skiing', 'activityType': 'cross_country_skiing_ws', 'activityId': 20506579451, 'eventUpdateTimeGmt': '2025-09-26T14:24:03'}]",17.0,40.0,6.0,16.0,2025-09-26T21:00:00.0,200,2025-09-26
5652846,3219.0,1181.0,2038.0,3219.0,,,3681.0,16435,2500,14152,14152,1181.0,3681.0,5652846,2025-09-27,"{'typeId': 4, 'typeKey': 'groups'}",6233befaab0046c7a5a3e2968e6a7738,1500,2025-09-26T21:00:00.0,2025-09-27T00:00:00.0,2025-09-27T21:00:00.0,2025-09-28T00:00:00.0,86400000,,7759,2777,55477,20387,True,True,False,False,52,40,197.387,207.668,64.75951,68.13255,150,10,45,185,60,59,GARMIN,33,99,37860,33540,6960,7920,86280,26040,9120,2700.0,43.88,38.87,8.07,9.18,30.18,10.57,3.13,BALANCED,58020,20340,,50,185,51,57,65,9,16,37.0,55.0,3.0,,,,,,,40.0,150.0,"{'eventTimestampGmt': '2025-09-27T17:50:00', 'bodyBatteryLevel': 'LOW', 'feedbackShortType': 'SLEEP_PREPARATION_BALANCED_AND_INTENSIVE_EXERCISE', 'feedbackLongType': 'SLEEP_PREPARATION_BALANCED_AND_INTENSIVE_EXERCISE_AND_BB_LOW_MORNING_AND_NOW'}","{'eventTimestampGmt': '2025-09-27T20:53:37', 'bodyBatteryLevel': 'MODERATE', 'feedbackShortType': 'SLEEP_TIME_PASSED_BALANCED_AND_INTENSIVE_EXERCISE', 'feedbackLongType': 'SLEEP_TIME_PASSED_BALANCED_AND_INTENSIVE_EXERCISE'}","[{'eventType': 'SLEEP', 'eventStartTimeGmt': '2025-09-26T19:45:03', 'timezoneOffset': 10800000, 'durationInMilliseconds': 20220000, 'bodyBatteryImpact': 37, 'feedbackType': 'NONE', 'shortFeedback': 'NONE', 'deviceId': 3423864303, 'activityName': None, 'activityType': None, 'activityId': None, 'eventUpdateTimeGmt': '2025-09-27T03:02:13'}, {'eventType': 'RECOVERY', 'eventStartTimeGmt': '2025-09-27T04:10:23', 'timezoneOffset': 10800000, 'durationInMilliseconds': 7020000, 'bodyBatteryImpact': 6, 'feedbackType': 'RECOVERY_LONG_BODY_BATTERY_INCREASE', 'shortFeedback': 'LONG_RESTFUL_PERIOD', 'deviceId': 3423864303, 'activityName': None, 'activityType': None, 'activityId': None, 'eventUpdateTimeGmt': '2025-09-27T06:11:35'}, {'eventType': 'ACTIVITY', 'eventStartTimeGmt': '2025-09-27T07:02:36', 'timezoneOffset': 10800000, 'durationInMilliseconds': 4980000, 'bodyBatteryImpact': -17, 'feedbackType': 'EXERCISE_TRAINING_EFFECT_3', 'shortFeedback': 'IMPROVING_TEMPO', 'deviceId': 3423864303, 'activityName': 'Helsinki - Base', 'activityType': 'trail_running', 'activityId': 20512909701, 'eventUpdateTimeGmt': '2025-09-27T08:27:03'}]",17.0,39.0,7.0,18.0,2025-09-27T21:00:00.0,200,2025-09-27
5652846,3578.0,1540.0,2038.0,3578.0,,,4040.0,23246,2500,19190,19190,1540.0,4040.0,5652846,2025-09-28,"{'typeId': 4, 'typeKey': 'groups'}",4897b0f3addb4f849eb7aacd3c31d986,1500,2025-09-27T21:00:00.0,2025-09-28T00:00:00.0,2025-09-28T21:00:00.0,2025-09-29T00:00:00.0,86400000,,10201,3871,39329,32999,True,True,False,False,134,20,291.206,289.63,95.54003,95.02297,150,10,54,189,59,59,GARMIN,30,99,30060,35640,8340,11880,85920,21780,5760,2520.0,34.99,41.48,9.71,13.83,25.35,6.7,2.93,BALANCED,41520,32520,,57,186,50,56,64,10,10,55.0,64.0,3.0,1.0,,,,,,44.0,287.0,"{'eventTimestampGmt': '2025-09-28T19:41:18', 'bodyBatteryLevel': 'LOW', 'feedbackShortType': 'SLEEP_PREPARATION_BALANCED_AND_INTENSIVE_EXERCISE', 'feedbackLongType': 'SLEEP_PREPARATION_BALANCED_AND_INTENSIVE_EXERCISE_AND_BB_LOW'}","{'eventTimestampGmt': '2025-09-27T22:27:34', 'bodyBatteryLevel': 'HIGH', 'feedbackShortType': 'SLEEP_TIME_PASSED_BALANCED_AND_INTENSIVE_EXERCISE', 'feedbackLongType': 'SLEEP_TIME_PASSED_BALANCED_AND_INTENSIVE_EXERCISE'}","[{'eventType': 'SLEEP', 'eventStartTimeGmt': '2025-09-27T19:42:16', 'timezoneOffset': 10800000, 'durationInMilliseconds': 35280000, 'bodyBatteryImpact': 54, 'feedbackType': 'NONE', 'shortFeedback': 'NONE', 'deviceId': 3423864303, 'activityName': None, 'activityType': None, 'activityId': None, 'eventUpdateTimeGmt': '2025-09-28T05:30:31'}, {'eventType': 'ACTIVITY', 'eventStartTimeGmt': '2025-09-28T07:49:34', 'timezoneOffset': 10800000, 'durationInMilliseconds': 8760000, 'bodyBatteryImpact': -21, 'feedbackType': 'EXERCISE_TRAINING_EFFECT_3', 'shortFeedback': 'IMPROVING_AEROBIC_ENDURANCE', 'deviceId': 3423864303, 'activityName': 'Espoo - Base', 'activityType': 'trail_running', 'activityId': 20524409179, 'eventUpdateTimeGmt': '2025-09-28T10:17:29'}, {'eventType': 'RECOVERY', 'eventStartTimeGmt': '2025-09-28T17:43:52', 'timezoneOffset': 10800000, 'durationInMilliseconds': 480000, 'bodyBatteryImpact': 2, 'feedbackType': 'RECOVERY_EVENING', 'shortFeedback': 'RESTFUL_PERIOD', 'deviceId': 3423864303, 'activityName': None, 'activityType': None, 'activityId': None, 'eventUpdateTimeGmt': '2025-09-28T17:54:25'}]",18.0,40.0,7.0,16.0,2025-09-28T21:00:00.0,200,2025-09-28
5652846,2568.0,530.0,2038.0,2568.0,,,3030.0,9767,2500,8230,8230,530.0,3030.0,5652846,2025-09-29,"{'typeId': 4, 'typeKey': 'groups'}",a45a4d2166b14b20a9242a42145e67f8,1500,2025-09-28T21:00:00.0,2025-09-29T00:00:00.0,2025-09-29T21:00:00.0,2025-09-30T00:00:00.0,86400000,,4777,1439,62647,17537,True,True,False,False,27,0,62.857,63.853,20.62238,20.94915,150,10,45,127,61,59,GARMIN,24,86,26760,46980,9960,2400,86100,23640,2880,240.0,31.08,54.56,11.57,2.79,27.46,3.34,0.28,BALANCED,66480,17220,,51,127,57,41,57,9,26,35.0,45.0,3.0,,,,,,,55.0,226.0,"{'eventTimestampGmt': '2025-09-29T17:50:02', 'bodyBatteryLevel': 'HIGH', 'feedbackShortType': 'SLEEP_PREPARATION_RECOVERING_AND_EXERCISE', 'feedbackLongType': 'SLEEP_PREPARATION_RECOVERING_AND_EXERCISE'}","{'eventTimestampGmt': '2025-09-29T20:48:29', 'bodyBatteryLevel': 'HIGH', 'feedbackShortType': 'SLEEP_TIME_PASSED_RECOVERING_AND_EXERCISE', 'feedbackLongType': 'SLEEP_TIME_PASSED_RECOVERING_AND_EXERCISE'}","[{'eventType': 'SLEEP', 'eventStartTimeGmt': '2025-09-28T20:20:17', 'timezoneOffset': 10800000, 'durationInMilliseconds': 19920000, 'bodyBatteryImpact': 35, 'feedbackType': 'NONE', 'shortFeedback': 'NONE', 'deviceId': 3423864303, 'activityName': None, 'activityType': None, 'activityId': None, 'eventUpdateTimeGmt': '2025-09-29T03:11:32'}, {'eventType': 'RECOVERY', 'eventStartTimeGmt': '2025-09-29T05:23:17', 'timezoneOffset': 10800000, 'durationInMilliseconds': 1920000, 'bodyBatteryImpact': -1, 'feedbackType': 'RECOVERY_BODY_BATTERY_NOT_INCREASE', 'shortFeedback': 'RESTFUL_PERIOD', 'deviceId': 3423864303, 'activityName': None, 'activityType': None, 'activityId': None, 'eventUpdateTimeGmt': '2025-09-29T05:59:59'}, {'eventType': 'RECOVERY', 'eventStartTimeGmt': '2025-09-29T07:22:22', 'timezoneOffset': 10800000, 'durationInMilliseconds': 3180000, 'bodyBatteryImpact': 2, 'feedbackType': 'RECOVERY_BODY_BATTERY_INCREASE', 'shortFeedback': 'BODY_BATTERY_RECHARGE', 'deviceId': 3423864303, 'activityName': None, 'activityType': None, 'activityId': None, 'eventUpdateTimeGmt': '2025-09-29T08:18:31'}, {'eventType': 'ACTIVITY', 'eventStartTimeGmt': '2025-09-29T13:14:51', 'timezoneOffset': 10800000, 'durationInMilliseconds': 2940000, 'bodyBatteryImpact': -6, 'feedbackType': 'EXERCISE_TRAINING_EFFECT_BELOW_2', 'shortFeedback': 'EASY_AEROBIC_BASE', 'deviceId': 3423864303, 'activityName': 'Helsinki Trail Running', 'activityType': 'trail_running', 'activityId': 20536260628, 'eventUpdateTimeGmt': '2025-09-29T14:05:46'}, {'eventType': 'RECOVERY', 'eventStartTimeGmt': '2025-09-29T14:31:46', 'timezoneOffset': 10800000, 'durationInMilliseconds': 1440000, 'bodyBatteryImpact': 2, 'feedbackType': 'RECOVERY_BODY_BATTERY_INCREASE', 'shortFeedback': 'BODY_BATTERY_RECHARGE', 'deviceId': 3423864303, 'activityName': None, 'activityType': None, 'activityId': None, 'eventUpdateTimeGmt': '2025-09-29T14:58:50'}, {'eventType': 'ACTIVITY', 'eventStartTimeGmt': '2025-09-29T15:25:41', 'timezoneOffset': 10800000, 'durationInMilliseconds': 6600000, 'bodyBatteryImpact': -7, 'feedbackType': 'NONE', 'shortFeedback': 'NONE', 'deviceId': 3423864303, 'activityName': 'Yoga', 'activityType': 'yoga', 'activityId': 20538265557, 'eventUpdateTimeGmt': '2025-09-29T17:16:02'}]",14.0,23.0,7.0,13.0,2025-09-29T20:58:00.0,200,2025-09-29
5652846,2449.0,411.0,2038.0,2449.0,,,2911.0,9648,2500,7954,7954,411.0,2911.0,5652846,2025-09-30,"{'typeId': 4, 'typeKey': 'groups'}",82f242525be04ff28065afc9a3041547,1500,2025-09-29T21:00:00.0,2025-09-30T00:00:00.0,2025-09-30T21:00:00.0,2025-10-01T00:00:00.0,86400000,,4345,2166,55365,24524,True,True,False,False,0,0,42.672,39.395,14.0,12.92487,150,10,54,118,58,59,GARMIN,24,90,22380,52440,9240,2160,86220,16500,5100,780.0,25.96,60.82,10.72,2.51,19.14,5.92,0.9,BALANCED,59640,24420,,57,111,72,65,89,26,33,59.0,86.0,3.0,,,,,,,51.0,61.0,"{'eventTimestampGmt': '2025-09-30T17:50:00', 'bodyBatteryLevel': 'HIGH', 'feedbackShortType': 'SLEEP_PREPARATION_RECOVERING_AND_EXERCISE', 'feedbackLongType': 'SLEEP_PREPARATION_RECOVERING_AND_EXERCISE'}","{'eventTimestampGmt': '2025-09-30T20:28:59', 'bodyBatteryLevel': 'HIGH', 'feedbackShortType': 'SLEEP_TIME_PASSED_RECOVERING_AND_EXERCISE', 'feedbackLongType': 'SLEEP_TIME_PASSED_RECOVERING_AND_EXERCISE'}","[{'eventType': 'SLEEP', 'eventStartTimeGmt': '2025-09-29T21:24:02', 'timezoneOffset': 10800000, 'durationInMilliseconds': 21840000, 'bodyBatteryImpact': 59, 'feedbackType': 'NONE', 'shortFeedback': 'NONE', 'deviceId': 3423864303, 'activityName': None, 'activityType': None, 'activityId': None, 'eventUpdateTimeGmt': '2025-09-30T03:28:48'}, {'eventType': 'ACTIVITY', 'eventStartTimeGmt': '2025-09-30T13:08:13', 'timezoneOffset': 10800000, 'durationInMilliseconds': 2580000, 'bodyBatteryImpact': -4, 'feedbackType': 'EXERCISE_TRAINING_EFFECT_BELOW_2', 'shortFeedback': 'EASY_RECOVERY', 'deviceId': 3423864303, 'activityName': 'Helsinki Trail Running', 'activityType': 'trail_running', 'activityId': 20547568741, 'eventUpdateTimeGmt': '2025-09-30T13:52:02'}]",14.0,24.0,7.0,17.0,2025-09-30T21:00:00.0,200,2025-09-30
5652846,2650.0,612.0,2038.0,2650.0,,,3112.0,11667,2500,10261,10261,612.0,3112.0,5652846,2025-10-01,"{'typeId': 4, 'typeKey': 'groups'}",2d9380356520443ab92d81a618466a8b,1500,2025-09-30T21:00:00.0,2025-10-01T00:00:00.0,2025-10-01T21:00:00.0,2025-10-02T00:00:00.0,86400000,,5619,1176,54009,25596,True,True,False,False,60,0,137.16,146.199,45.0,47.96555,150,10,55,152,60,59,GARMIN,35,97,36060,36600,10560,1860,85080,17280,11760,7020.0,42.38,43.02,12.41,2.19,20.31,13.82,8.25,BALANCED,57780,25440,,57,152,53,74,86,12,12,58.0,85.0,3.0,2.0,,,,,,51.0,103.0,"{'eventTimestampGmt': '2025-10-01T19:11:39', 'bodyBatteryLevel': 'LOW', 'feedbackShortType': 'SLEEP_PREPARATION_BALANCED_AND_EXERCISE', 'feedbackLongType': 'SLEEP_PREPARATION_BALANCED_AND_EXERCISE_AND_BB_LOW'}","{'eventTimestampGmt': '2025-10-01T20:49:12', 'bodyBatteryLevel': 'LOW', 'feedbackShortType': 'SLEEP_TIME_PASSED_BALANCED_AND_EXERCISE', 'feedbackLongType': 'SLEEP_TIME_PASSED_BALANCED_AND_EXERCISE_AND_BB_LOW'}","[{'eventType': 'SLEEP', 'eventStartTimeGmt': '2025-09-30T20:16:02', 'timezoneOffset': 10800000, 'durationInMilliseconds': 27180000, 'bodyBatteryImpact': 58, 'feedbackType': 'NONE', 'shortFeedback': 'NONE', 'deviceId': 3423864303, 'activityName': None, 'activityType': None, 'activityId': None, 'eventUpdateTimeGmt': '2025-10-01T04:01:42'}, {'eventType': 'STRESS', 'eventStartTimeGmt': '2025-10-01T10:18:42', 'timezoneOffset': 10800000, 'durationInMilliseconds': 1740000, 'bodyBatteryImpact': -5, 'feedbackType': 'STRESS', 'shortFeedback': 'STRESSFUL_PERIOD', 'deviceId': 3423864303, 'activityName': None, 'activityType': None, 'activityId': None, 'eventUpdateTimeGmt': '2025-10-01T10:50:45'}, {'eventType': 'ACTIVITY', 'eventStartTimeGmt': '2025-10-01T12:24:38', 'timezoneOffset': 10800000, 'durationInMilliseconds': 4320000, 'bodyBatteryImpact': -7, 'feedbackType': 'EXERCISE_TRAINING_EFFECT_2', 'shortFeedback': 'MAINTAINING_AEROBIC_BASE', 'deviceId': 3423864303, 'activityName': 'Helsinki Walking', 'activityType': 'walking', 'activityId': 20557062110, 'eventUpdateTimeGmt': '2025-10-01T13:37:26'}]",15.0,23.0,7.0,15.0,2025-10-01T21:00:00.0,200,2025-10-01
5652846,2581.0,543.0,2038.0,2581.0,,,3043.0,11878,2500,11870,11870,543.0,3043.0,5652846,2025-10-02,"{'typeId': 4, 'typeKey': 'groups'}",1b573e3c309c49de9d60d5e0f8319ff7,1500,2025-10-01T21:00:00.0,2025-10-02T00:00:00.0,2025-10-02T21:00:00.0,2025-10-03T00:00:00.0,86400000,,5553,1543,53525,25779,True,True,False,False,40,0,140.287,138.759,46.02592,45.52461,150,10,56,145,59,59,GARMIN,27,89,22920,48780,10020,2280,84000,14640,6780,1500.0,27.29,58.07,11.93,2.71,17.43,8.07,1.79,BALANCED,56100,25620,,57,140,62,43,68,12,31,56.0,68.0,3.0,,,,,,,51.0,83.0,"{'eventTimestampGmt': '2025-10-02T17:50:00', 'bodyBatteryLevel': 'HIGH', 'feedbackShortType': 'SLEEP_PREPARATION_RECOVERING_AND_EXERCISE', 'feedbackLongType': 'SLEEP_PREPARATION_RECOVERING_AND_EXERCISE'}","{'eventTimestampGmt': '2025-10-01T22:56:47', 'bodyBatteryLevel': 'HIGH', 'feedbackShortType': 'SLEEP_TIME_PASSED_BALANCED_AND_EXERCISE', 'feedbackLongType': 'SLEEP_TIME_PASSED_BALANCED_AND_EXERCISE'}","[{'eventType': 'SLEEP', 'eventStartTimeGmt': '2025-10-01T20:42:26', 'timezoneOffset': 10800000, 'durationInMilliseconds': 26820000, 'bodyBatteryImpact': 56, 'feedbackType': 'NONE', 'shortFeedback': 'NONE', 'deviceId': 3423864303, 'activityName': None, 'activityType': None, 'activityId': None, 'eventUpdateTimeGmt': '2025-10-02T04:09:39'}, {'eventType': 'RECOVERY', 'eventStartTimeGmt': '2025-10-02T06:26:54', 'timezoneOffset': 10800000, 'durationInMilliseconds': 2460000, 'bodyBatteryImpact': 0, 'feedbackType': 'RECOVERY_BODY_BATTERY_NOT_INCREASE', 'shortFeedback': 'RESTFUL_PERIOD', 'deviceId': 3423864303, 'activityName': None, 'activityType': None, 'activityId': None, 'eventUpdateTimeGmt': '2025-10-02T07:10:20'}, {'eventType': 'ACTIVITY', 'eventStartTimeGmt': '2025-10-02T12:40:04', 'timezoneOffset': 10800000, 'durationInMilliseconds': 3480000, 'bodyBatteryImpact': -5, 'feedbackType': 'EXERCISE_TRAINING_EFFECT_2', 'shortFeedback': 'MAINTAINING_AEROBIC_BASE', 'deviceId': 3423864303, 'activityName': 'Helsinki Walking', 'activityType': 'walking', 'activityId': 20567411954, 'eventUpdateTimeGmt': '2025-10-02T13:39:38'}, {'eventType': 'RECOVERY', 'eventStartTimeGmt': '2025-10-02T13:53:43', 'timezoneOffset': 10800000, 'durationInMilliseconds': 3300000, 'bodyBatteryImpact': 0, 'feedbackType': 'RECOVERY_BODY_BATTERY_NOT_INCREASE', 'shortFeedback': 'RESTFUL_PERIOD', 'deviceId': 3423864303, 'activityName': None, 'activityType': None, 'activityId': None, 'eventUpdateTimeGmt': '2025-10-02T14:52:13'}]",14.0,24.0,7.0,17.0,2025-10-02T21:00:00.0,200,2025-10-02
5652846,2398.0,360.0,2038.0,2398.0,,,2860.0,7916,2500,6584,6584,360.0,2860.0,5652846,2025-10-03,"{'typeId': 4, 'typeKey': 'groups'}",b83595e92f1c4acd9db5dab6ca4b9504,1500,2025-10-02T21:00:00.0,2025-10-03T00:00:00.0,2025-10-03T21:00:00.0,2025-10-04T00:00:00.0,86400000,,4277,2061,58784,21278,True,False,False,False,0,0,39.868,27.426,13.08005,8.99803,150,10,52,118,53,59,GARMIN,25,93,20460,44880,11940,6480,83760,11280,6960,2220.0,24.43,53.58,14.26,7.74,13.47,8.31,2.65,BALANCED,56340,20940,,52,114,64,75,92,19,20,60.0,92.0,3.0,,,,,,,70.0,,"{'eventTimestampGmt': '2025-10-03T19:02:11', 'bodyBatteryLevel': 'MODERATE', 'feedbackShortType': 'SLEEP_PREPARATION_RECOVERING_AND_INACTIVE', 'feedbackLongType': 'SLEEP_PREPARATION_RECOVERING_AND_INACTIVE'}","{'eventTimestampGmt': '2025-10-03T19:52:48', 'bodyBatteryLevel': 'MODERATE', 'feedbackShortType': 'SLEEP_TIME_PASSED_RECOVERING_AND_INACTIVE', 'feedbackLongType': 'SLEEP_TIME_PASSED_RECOVERING_AND_INACTIVE'}","[{'eventType': 'SLEEP', 'eventStartTimeGmt': '2025-10-02T21:05:38', 'timezoneOffset': 10800000, 'durationInMilliseconds': 20820000, 'bodyBatteryImpact': 61, 'feedbackType': 'NONE', 'shortFeedback': 'NONE', 'deviceId': 3423864303, 'activityName': None, 'activityType': None, 'activityId': None, 'eventUpdateTimeGmt': '2025-10-03T03:06:22'}, {'eventType': 'RECOVERY', 'eventStartTimeGmt': '2025-10-03T05:00:12', 'timezoneOffset': 10800000, 'durationInMilliseconds': 3120000, 'bodyBatteryImpact': -1, 'feedbackType': 'RECOVERY_BODY_BATTERY_NOT_INCREASE', 'shortFeedback': 'RESTFUL_PERIOD', 'deviceId': 3423864303, 'activityName': None, 'activityType': None, 'activityId': None, 'eventUpdateTimeGmt': '2025-10-03T05:55:40'}, {'eventType': 'RECOVERY', 'eventStartTimeGmt': '2025-10-03T12:50:02', 'timezoneOffset': 10800000, 'durationInMilliseconds': 2160000, 'bodyBatteryImpact': -1, 'feedbackType': 'RECOVERY_BODY_BATTERY_NOT_INCREASE', 'shortFeedback': 'RESTFUL_PERIOD', 'deviceId': 3423864303, 'activityName': None, 'activityType': None, 'activityId': None, 'eventUpdateTimeGmt': '2025-10-03T13:28:55'}]",14.0,24.0,6.0,20.0,2025-10-03T21:00:00.0,200,2025-10-03
5652846,3606.0,1568.0,2038.0,3606.0,,,4068.0,22076,2500,19354,19354,1568.0,4068.0,5652846,2025-10-04,"{'typeId': 4, 'typeKey': 'groups'}",a2cad8f4cf024a7aaff488ff52b3ee50,1500,2025-10-03T21:00:00.0,2025-10-04T00:00:00.0,2025-10-04T21:00:00.0,2025-10-05T00:00:00.0,86400000,,9923,2242,51233,23002,True,True,False,False,78,66,257.125,265.702,84.3586,87.17257,150,10,49,171,54,58,GARMIN,36,99,33180,30000,8340,11820,83340,12900,14520,5760.0,39.81,36.0,10.01,14.18,15.48,17.42,6.91,BALANCED,52500,19020,,52,170,72,89,90,5,5,62.0,82.0,3.0,3.0,,,,,,53.0,178.0,"{'eventTimestampGmt': '2025-10-04T17:50:01', 'bodyBatteryLevel': 'LOW', 'feedbackShortType': 'SLEEP_PREPARATION_STRESSFUL_AND_INTENSIVE_EXERCISE', 'feedbackLongType': 'SLEEP_PREPARATION_STRESSFUL_AND_INTENSIVE_EXERCISE_AND_BB_LOW'}","{'eventTimestampGmt': '2025-10-04T19:29:00', 'bodyBatteryLevel': 'VERY_LOW', 'feedbackShortType': 'SLEEP_TIME_PASSED_STRESSFUL_AND_INTENSIVE_EXERCISE', 'feedbackLongType': 'SLEEP_TIME_PASSED_STRESSFUL_AND_INTENSIVE_EXERCISE_AND_BB_LOW'}","[{'eventType': 'SLEEP', 'eventStartTimeGmt': '2025-10-03T20:52:22', 'timezoneOffset': 10800000, 'durationInMilliseconds': 20160000, 'bodyBatteryImpact': 62, 'feedbackType': 'NONE', 'shortFeedback': 'NONE', 'deviceId': 3423864303, 'activityName': None, 'activityType': None, 'activityId': None, 'eventUpdateTimeGmt': '2025-10-04T04:26:41'}, {'eventType': 'RECOVERY', 'eventStartTimeGmt': '2025-10-04T04:55:36', 'timezoneOffset': 10800000, 'durationInMilliseconds': 4200000, 'bodyBatteryImpact': 3, 'feedbackType': 'RECOVERY_LONG_BODY_BATTERY_INCREASE', 'shortFeedback': 'LONG_RESTFUL_PERIOD', 'deviceId': 3423864303, 'activityName': None, 'activityType': None, 'activityId': None, 'eventUpdateTimeGmt': '2025-10-04T06:09:10'}, {'eventType': 'ACTIVITY', 'eventStartTimeGmt': '2025-10-04T08:19:31', 'timezoneOffset': 10800000, 'durationInMilliseconds': 7680000, 'bodyBatteryImpact': -26, 'feedbackType': 'EXERCISE_TRAINING_EFFECT_4_GOOD_TIMING', 'shortFeedback': 'HIGHLY_IMPROVING_TEMPO', 'deviceId': 3423864303, 'activityName': 'Siuntio - Long Run', 'activityType': 'trail_running', 'activityId': 20585162672, 'eventUpdateTimeGmt': '2025-10-04T10:28:06'}, {'eventType': 'NAP', 'eventStartTimeGmt': '2025-10-04T14:30:06', 'timezoneOffset': 10800000, 'durationInMilliseconds': 3300000, 'bodyBatteryImpact': 0, 'feedbackType': 'NAP_NOT_RECOVERING_BODY_BATTERY_MAINTAIN', 'shortFeedback': 'NAP', 'deviceId': 3423864303, 'activityName': None, 'activityType': None, 'activityId': None, 'eventUpdateTimeGmt': '2025-10-04T15:36:15'}]",17.0,41.0,5.0,17.0,2025-10-04T21:00:00.0,200,2025-10-04
5652846,3688.0,1650.0,2038.0,3688.0,,,4150.0,26949,2500,23669,23669,1650.0,4150.0,5652846,2025-10-05,"{'typeId': 4, 'typeKey': 'groups'}",4bf372f2e5b648bd8f666238cc52f1d0,1500,2025-10-04T21:00:00.0,2025-10-05T00:00:00.0,2025-10-05T21:00:00.0,2025-10-06T00:00:00.0,86400000,,12101,2667,47267,24365,True,True,False,False,166,2,357.208,352.021,117.19423,115.49245,150,10,55,164,60,58,GARMIN,32,96,27360,35640,18780,4200,85980,16260,7920,3180.0,31.82,41.45,21.84,4.88,18.91,9.21,3.7,BALANCED,57540,24240,,57,159,60,59,65,5,6,59.0,64.0,3.0,1.0,,,,,,44.0,278.0,"{'eventTimestampGmt': '2025-10-05T17:50:00', 'bodyBatteryLevel': 'LOW', 'feedbackShortType': 'SLEEP_PREPARATION_BALANCED_AND_INTENSIVE_EXERCISE', 'feedbackLongType': 'SLEEP_PREPARATION_BALANCED_AND_INTENSIVE_EXERCISE_AND_BB_LOW'}","{'eventTimestampGmt': '2025-10-05T00:52:28', 'bodyBatteryLevel': 'HIGH', 'feedbackShortType': 'SLEEP_TIME_PASSED_STRESSFUL_AND_INACTIVE', 'feedbackLongType': 'SLEEP_TIME_PASSED_STRESSFUL_AND_INACTIVE'}","[{'eventType': 'SLEEP', 'eventStartTimeGmt': '2025-10-04T22:13:06', 'timezoneOffset': 10800000, 'durationInMilliseconds': 24240000, 'bodyBatteryImpact': 59, 'feedbackType': 'NONE', 'shortFeedback': 'NONE', 'deviceId': 3423864303, 'activityName': None, 'activityType': None, 'activityId': None, 'eventUpdateTimeGmt': '2025-10-05T05:00:15'}, {'eventType': 'ACTIVITY', 'eventStartTimeGmt': '2025-10-05T08:34:57', 'timezoneOffset': 10800000, 'durationInMilliseconds': 10500000, 'bodyBatteryImpact': -22, 'feedbackType': 'EXERCISE_TRAINING_EFFECT_3', 'shortFeedback': 'IMPROVING_AEROBIC_ENDURANCE', 'deviceId': 3423864303, 'activityName': 'Vantaa - Base', 'activityType': 'trail_running', 'activityId': 20595511037, 'eventUpdateTimeGmt': '2025-10-05T11:30:19'}]",15.0,23.0,8.0,20.0,2025-10-05T21:00:00.0,200,2025-10-05
5652846,2359.0,321.0,2038.0,2359.0,,,2821.0,6969,2500,6113,6113,321.0,2821.0,5652846,2025-10-06,"{'typeId': 4, 'typeKey': 'groups'}",381973c4d2634a259c182a7818929142,1500,2025-10-05T21:00:00.0,2025-10-06T00:00:00.0,2025-10-06T21:00:00.0,2025-10-07T00:00:00.0,86400000,,3112,1605,54628,27055,True,True,False,False,17,0,32.371,52.52,10.62041,17.23097,150,10,50,139,58,57,GARMIN,25,90,24780,50460,9180,1260,85680,20520,4020,240.0,28.92,58.89,10.71,1.47,23.95,4.69,0.28,BALANCED,57720,26700,,53,134,58,29,56,6,35,50.0,56.0,3.0,,,,,,,48.0,41.0,"{'eventTimestampGmt': '2025-10-06T17:50:01', 'bodyBatteryLevel': 'HIGH', 'feedbackShortType': 'SLEEP_PREPARATION_RECOVERING_AND_EXERCISE', 'feedbackLongType': 'SLEEP_PREPARATION_RECOVERING_AND_EXERCISE'}","{'eventTimestampGmt': '2025-10-05T23:51:12', 'bodyBatteryLevel': 'HIGH', 'feedbackShortType': 'SLEEP_TIME_PASSED_BALANCED_AND_INTENSIVE_EXERCISE', 'feedbackLongType': 'SLEEP_TIME_PASSED_BALANCED_AND_INTENSIVE_EXERCISE'}","[{'eventType': 'SLEEP', 'eventStartTimeGmt': '2025-10-05T20:57:55', 'timezoneOffset': 10800000, 'durationInMilliseconds': 27180000, 'bodyBatteryImpact': 50, 'feedbackType': 'NONE', 'shortFeedback': 'NONE', 'deviceId': 3423864303, 'activityName': None, 'activityType': None, 'activityId': None, 'eventUpdateTimeGmt': '2025-10-06T04:37:31'}, {'eventType': 'RECOVERY', 'eventStartTimeGmt': '2025-10-06T11:38:41', 'timezoneOffset': 10800000, 'durationInMilliseconds': 1920000, 'bodyBatteryImpact': 0, 'feedbackType': 'RECOVERY_BODY_BATTERY_NOT_INCREASE', 'shortFeedback': 'RESTFUL_PERIOD', 'deviceId': 3423864303, 'activityName': None, 'activityType': None, 'activityId': None, 'eventUpdateTimeGmt': '2025-10-06T12:14:35'}, {'eventType': 'ACTIVITY', 'eventStartTimeGmt': '2025-10-06T12:32:11', 'timezoneOffset': 10800000, 'durationInMilliseconds': 1800000, 'bodyBatteryImpact': -3, 'feedbackType': 'EXERCISE_TRAINING_EFFECT_BELOW_2', 'shortFeedback': 'EASY_RECOVERY', 'deviceId': 3423864303, 'activityName': 'Helsinki Walking', 'activityType': 'walking', 'activityId': 20605455835, 'eventUpdateTimeGmt': '2025-10-06T13:03:37'}, {'eventType': 'RECOVERY', 'eventStartTimeGmt': '2025-10-06T13:50:22', 'timezoneOffset': 10800000, 'durationInMilliseconds': 1560000, 'bodyBatteryImpact': 2, 'feedbackType': 'RECOVERY_BODY_BATTERY_INCREASE', 'shortFeedback': 'BODY_BATTERY_RECHARGE', 'deviceId': 3423864303, 'activityName': None, 'activityType': None, 'activityId': None, 'eventUpdateTimeGmt': '2025-10-06T14:20:06'}, {'eventType': 'RECOVERY', 'eventStartTimeGmt': '2025-10-06T14:38:42', 'timezoneOffset': 10800000, 'durationInMilliseconds': 5280000, 'bodyBatteryImpact': 4, 'feedbackType': 'RECOVERY_LONG_BODY_BATTERY_INCREASE', 'shortFeedback': 'LONG_RESTFUL_PERIOD', 'deviceId': 3423864303, 'activityName': None, 'activityType': None, 'activityId': None, 'eventUpdateTimeGmt': '2025-10-06T16:09:36'}]",14.0,23.0,7.0,17.0,2025-10-06T21:00:00.0,200,2025-10-06
5652846,2411.0,373.0,2038.0,2411.0,,,2873.0,8934,2500,7583,7583,373.0,2873.0,5652846,2025-10-07,"{'typeId': 4, 'typeKey': 'groups'}",9139d0e273eb47aca6748b4bd1407787,1500,2025-10-06T21:00:00.0,2025-10-07T00:00:00.0,2025-10-07T21:00:00.0,2025-10-08T00:00:00.0,86400000,,4818,896,59446,21240,True,True,False,False,0,0,28.419,41.084,9.32382,13.479,150,10,55,115,58,57,GARMIN,27,96,30720,44340,8940,1620,85620,21360,8400,960.0,35.88,51.79,10.44,1.89,24.95,9.81,1.12,BALANCED,63180,20820,,57,115,58,69,90,24,24,56.0,90.0,3.0,,,,,,,51.0,52.0,"{'eventTimestampGmt': '2025-10-07T19:10:55', 'bodyBatteryLevel': 'HIGH', 'feedbackShortType': 'SLEEP_PREPARATION_RECOVERING_AND_EXERCISE', 'feedbackLongType': 'SLEEP_PREPARATION_RECOVERING_AND_EXERCISE'}","{'eventTimestampGmt': '2025-10-07T20:48:44', 'bodyBatteryLevel': 'HIGH', 'feedbackShortType': 'SLEEP_TIME_PASSED_RECOVERING_AND_EXERCISE', 'feedbackLongType': 'SLEEP_TIME_PASSED_RECOVERING_AND_EXERCISE'}","[{'eventType': 'SLEEP', 'eventStartTimeGmt': '2025-10-06T21:54:37', 'timezoneOffset': 10800000, 'durationInMilliseconds': 21240000, 'bodyBatteryImpact': 56, 'feedbackType': 'NONE', 'shortFeedback': 'NONE', 'deviceId': 3423864303, 'activityName': None, 'activityType': None, 'activityId': None, 'eventUpdateTimeGmt': '2025-10-07T04:11:08'}, {'eventType': 'ACTIVITY', 'eventStartTimeGmt': '2025-10-07T12:49:57', 'timezoneOffset': 10800000, 'durationInMilliseconds': 2160000, 'bodyBatteryImpact': -3, 'feedbackType': 'EXERCISE_TRAINING_EFFECT_BELOW_2', 'shortFeedback': 'EASY_RECOVERY', 'deviceId': 3423864303, 'activityName': 'Helsinki Walking', 'activityType': 'walking', 'activityId': 20615936025, 'eventUpdateTimeGmt': '2025-10-07T13:27:18'}, {'eventType': 'RECOVERY', 'eventStartTimeGmt': '2025-10-07T13:42:18', 'timezoneOffset': 10800000, 'durationInMilliseconds': 3360000, 'bodyBatteryImpact': 2, 'feedbackType': 'RECOVERY_BODY_BATTERY_INCREASE', 'shortFeedback': 'BODY_BATTERY_RECHARGE', 'deviceId': 3423864303, 'activityName': None, 'activityType': None, 'activityId': None, 'eventUpdateTimeGmt': '2025-10-07T14:42:00'}]",14.0,26.0,6.0,13.0,2025-10-07T21:00:00.0,200,2025-10-07
5652846,2482.0,444.0,2038.0,2482.0,,,2944.0,7929,2500,6828,6828,444.0,2944.0,5652846,2025-10-08,"{'typeId': 4, 'typeKey': 'groups'}",eb27c783dfe44d22aaaaad3d295ddf4a,1500,2025-10-07T21:00:00.0,2025-10-08T00:00:00.0,2025-10-08T21:00:00.0,2025-10-09T00:00:00.0,86400000,,3712,2303,58605,21780,True,True,False,False,0,0,18.288,26.913,6.0,8.82972,150,10,53,115,59,57,GARMIN,23,90,19980,54480,8520,2100,85080,16440,3000,540.0,23.48,64.03,10.01,2.47,19.32,3.53,0.63,BALANCED,61620,21360,,54,113,59,50,74,23,33,51.0,74.0,3.0,,,,,,,50.0,48.0,"{'eventTimestampGmt': '2025-10-08T17:50:01', 'bodyBatteryLevel': 'HIGH', 'feedbackShortType': 'SLEEP_PREPARATION_RECOVERING_AND_EXERCISE', 'feedbackLongType': 'SLEEP_PREPARATION_RECOVERING_AND_EXERCISE'}","{'eventTimestampGmt': '2025-10-08T20:42:27', 'bodyBatteryLevel': 'HIGH', 'feedbackShortType': 'SLEEP_TIME_PASSED_RECOVERING_AND_EXERCISE', 'feedbackLongType': 'SLEEP_TIME_PASSED_RECOVERING_AND_EXERCISE'}","[{'eventType': 'SLEEP', 'eventStartTimeGmt': '2025-10-07T21:39:18', 'timezoneOffset': 10800000, 'durationInMilliseconds': 21780000, 'bodyBatteryImpact': 51, 'feedbackType': 'NONE', 'shortFeedback': 'NONE', 'deviceId': 3423864303, 'activityName': None, 'activityType': None, 'activityId': None, 'eventUpdateTimeGmt': '2025-10-08T04:00:39'}, {'eventType': 'RECOVERY', 'eventStartTimeGmt': '2025-10-08T06:52:54', 'timezoneOffset': 10800000, 'durationInMilliseconds': 8220000, 'bodyBatteryImpact': 3, 'feedbackType': 'RECOVERY_LONG_BODY_BATTERY_INCREASE', 'shortFeedback': 'LONG_RESTFUL_PERIOD', 'deviceId': 3423864303, 'activityName': None, 'activityType': None, 'activityId': None, 'eventUpdateTimeGmt': '2025-10-08T09:13:30'}, {'eventType': 'ACTIVITY', 'eventStartTimeGmt': '2025-10-08T12:37:16', 'timezoneOffset': 10800000, 'durationInMilliseconds': 2940000, 'bodyBatteryImpact': -6, 'feedbackType': 'EXERCISE_TRAINING_EFFECT_BELOW_2', 'shortFeedback': 'EASY_RECOVERY', 'deviceId': 3423864303, 'activityName': 'Helsinki Walking', 'activityType': 'walking', 'activityId': 20626718756, 'eventUpdateTimeGmt': '2025-10-08T13:27:48'}, {'eventType': 'RECOVERY', 'eventStartTimeGmt': '2025-10-08T15:39:33', 'timezoneOffset': 10800000, 'durationInMilliseconds': 2160000, 'bodyBatteryImpact': 0, 'feedbackType': 'RECOVERY_BODY_BATTERY_NOT_INCREASE', 'shortFeedback': 'RESTFUL_PERIOD', 'deviceId': 3423864303, 'activityName': None, 'activityType': None, 'activityId': None, 'eventUpdateTimeGmt': '2025-10-08T16:16:50'}]",14.0,23.0,6.0,15.0,2025-10-08T21:00:00.0,200,2025-10-08
5652846,2363.0,325.0,2038.0,2363.0,,,2825.0,8167,2500,6840,6840,325.0,2825.0,5652846,2025-10-09,"{'typeId': 4, 'typeKey': 'groups'}",6e41244cb4fd415db753a91e0902b98c,1500,2025-10-08T21:00:00.0,2025-10-09T00:00:00.0,2025-10-09T21:00:00.0,2025-10-10T00:00:00.0,86400000,,4230,720,58194,23256,True,True,False,False,0,0,49.242,43.057,16.15551,14.12631,150,10,53,116,59,57,GARMIN,27,87,28380,46740,8280,2100,85500,21900,5880,600.0,33.19,54.67,9.68,2.46,25.61,6.88,0.7,BALANCED,61860,21540,,55,114,51,63,79,21,21,46.0,78.0,3.0,,,,,,,51.0,57.0,"{'eventTimestampGmt': '2025-10-09T20:01:04', 'bodyBatteryLevel': 'MODERATE', 'feedbackShortType': 'SLEEP_PREPARATION_RECOVERING_AND_EXERCISE', 'feedbackLongType': 'SLEEP_PREPARATION_RECOVERING_AND_EXERCISE'}","{'eventTimestampGmt': '2025-10-09T20:16:01', 'bodyBatteryLevel': 'MODERATE', 'feedbackShortType': 'SLEEP_TIME_PASSED_RECOVERING_AND_EXERCISE', 'feedbackLongType': 'SLEEP_TIME_PASSED_RECOVERING_AND_EXERCISE'}","[{'eventType': 'SLEEP', 'eventStartTimeGmt': '2025-10-08T21:10:48', 'timezoneOffset': 10800000, 'durationInMilliseconds': 21900000, 'bodyBatteryImpact': 46, 'feedbackType': 'NONE', 'shortFeedback': 'NONE', 'deviceId': 3423864303, 'activityName': None, 'activityType': None, 'activityId': None, 'eventUpdateTimeGmt': '2025-10-09T03:21:15'}, {'eventType': 'RECOVERY', 'eventStartTimeGmt': '2025-10-09T07:12:50', 'timezoneOffset': 10800000, 'durationInMilliseconds': 6300000, 'bodyBatteryImpact': 0, 'feedbackType': 'RECOVERY_LONG_BODY_BATTERY_NOT_INCREASE', 'shortFeedback': 'LONG_RESTFUL_PERIOD', 'deviceId': 3423864303, 'activityName': None, 'activityType': None, 'activityId': None, 'eventUpdateTimeGmt': '2025-10-09T09:01:55'}, {'eventType': 'ACTIVITY', 'eventStartTimeGmt': '2025-10-09T13:09:51', 'timezoneOffset': 10800000, 'durationInMilliseconds': 2400000, 'bodyBatteryImpact': -4, 'feedbackType': 'EXERCISE_TRAINING_EFFECT_BELOW_2', 'shortFeedback': 'EASY_RECOVERY', 'deviceId': 3423864303, 'activityName': 'Helsinki Walking', 'activityType': 'walking', 'activityId': 20640657697, 'eventUpdateTimeGmt': '2025-10-09T13:51:24'}]",14.0,24.0,6.0,17.0,2025-10-09T21:00:00.0,200,2025-10-09
5652846,2497.0,459.0,2038.0,2497.0,,,2959.0,9298,2500,7628,7628,459.0,2959.0,5652846,2025-10-10,"{'typeId': 4, 'typeKey': 'groups'}",c6d0529570d54234958db8667301f836,1500,2025-10-09T21:00:00.0,2025-10-10T00:00:00.0,2025-10-10T21:00:00.0,2025-10-11T00:00:00.0,86400000,,3729,3626,53792,25253,True,True,False,False,0,0,57.019,63.64,18.70702,20.87927,150,10,54,117,59,58,GARMIN,30,93,30540,37080,14880,1440,83940,21720,6900,1920.0,36.38,44.17,17.73,1.72,25.88,8.22,2.29,BALANCED,57480,25020,,55,116,46,58,60,9,9,38.0,59.0,3.0,,,,,,,53.0,51.0,"{'eventTimestampGmt': '2025-10-10T17:50:01', 'bodyBatteryLevel': 'LOW', 'feedbackShortType': 'SLEEP_PREPARATION_BALANCED_AND_EXERCISE', 'feedbackLongType': 'SLEEP_PREPARATION_BALANCED_AND_EXERCISE_AND_BB_LOW_MORNING_AND_NOW'}","{'eventTimestampGmt': '2025-10-09T21:51:40', 'bodyBatteryLevel': 'HIGH', 'feedbackShortType': 'SLEEP_TIME_PASSED_RECOVERING_AND_EXERCISE', 'feedbackLongType': 'SLEEP_TIME_PASSED_RECOVERING_AND_EXERCISE'}","[{'eventType': 'SLEEP', 'eventStartTimeGmt': '2025-10-09T20:37:24', 'timezoneOffset': 10800000, 'durationInMilliseconds': 26580000, 'bodyBatteryImpact': 38, 'feedbackType': 'NONE', 'shortFeedback': 'NONE', 'deviceId': 3423864303, 'activityName': None, 'activityType': None, 'activityId': None, 'eventUpdateTimeGmt': '2025-10-10T04:00:53'}, {'eventType': 'RECOVERY', 'eventStartTimeGmt': '2025-10-10T12:13:48', 'timezoneOffset': 10800000, 'durationInMilliseconds': 3000000, 'bodyBatteryImpact': 5, 'feedbackType': 'RECOVERY_BODY_BATTERY_INCREASE', 'shortFeedback': 'BODY_BATTERY_RECHARGE', 'deviceId': 3423864303, 'activityName': None, 'activityType': None, 'activityId': None, 'eventUpdateTimeGmt': '2025-10-10T13:06:30'}, {'eventType': 'ACTIVITY', 'eventStartTimeGmt': '2025-10-10T14:56:04', 'timezoneOffset': 10800000, 'durationInMilliseconds': 2160000, 'bodyBatteryImpact': -2, 'feedbackType': 'EXERCISE_TRAINING_EFFECT_BELOW_2', 'shortFeedback': 'EASY_RECOVERY', 'deviceId': 3423864303, 'activityName': 'Helsinki Walking', 'activityType': 'walking', 'activityId': 20647638542, 'eventUpdateTimeGmt': '2025-10-10T15:32:43'}]",15.0,25.0,8.0,19.0,2025-10-10T21:00:00.0,200,2025-10-10
5652846,2864.0,826.0,2038.0,2864.0,,,3326.0,18719,2500,15835,15835,826.0,3326.0,5652846,2025-10-11,"{'typeId': 4, 'typeKey': 'groups'}",5da97fa718634a99afeeee5ec91d93ba,1500,2025-10-10T21:00:00.0,2025-10-11T00:00:00.0,2025-10-11T21:00:00.0,2025-10-12T00:00:00.0,86400000,,7223,4812,48565,25800,True,True,False,False,56,1,152.4,152.072,50.0,49.89239,150,10,59,161,65,60,GARMIN,38,92,46380,15300,18240,6180,86100,34800,10200,1380.0,53.87,17.77,21.18,7.18,40.42,11.85,1.6,STRESSFUL,57180,22740,,59,155,38,37,39,6,10,33.0,39.0,3.0,,,,,,,37.0,160.0,"{'eventTimestampGmt': '2025-10-11T17:50:00', 'bodyBatteryLevel': 'LOW', 'feedbackShortType': 'SLEEP_PREPARATION_BALANCED_AND_EXERCISE', 'feedbackLongType': 'SLEEP_PREPARATION_BALANCED_AND_EXERCISE_AND_BB_LOW_MORNING_AND_NOW'}","{'eventTimestampGmt': '2025-10-11T01:24:07', 'bodyBatteryLevel': 'HIGH', 'feedbackShortType': 'SLEEP_TIME_PASSED_BALANCED_AND_INACTIVE', 'feedbackLongType': 'SLEEP_TIME_PASSED_BALANCED_AND_INACTIVE'}","[{'eventType': 'SLEEP', 'eventStartTimeGmt': '2025-10-10T22:03:43', 'timezoneOffset': 10800000, 'durationInMilliseconds': 25800000, 'bodyBatteryImpact': 33, 'feedbackType': 'NONE', 'shortFeedback': 'NONE', 'deviceId': 3423864303, 'activityName': None, 'activityType': None, 'activityId': None, 'eventUpdateTimeGmt': '2025-10-11T05:21:40'}, {'eventType': 'ACTIVITY', 'eventStartTimeGmt': '2025-10-11T07:06:37', 'timezoneOffset': 10800000, 'durationInMilliseconds': 7080000, 'bodyBatteryImpact': -5, 'feedbackType': 'EXERCISE_TRAINING_EFFECT_2', 'shortFeedback': 'MAINTAINING_AEROBIC_BASE', 'deviceId': 3423864303, 'activityName': None, 'activityType': None, 'activityId': None, 'eventUpdateTimeGmt': '2025-10-11T09:05:37'}, {'eventType': 'RECOVERY', 'eventStartTimeGmt': '2025-10-11T17:04:42', 'timezoneOffset': 10800000, 'durationInMilliseconds': 1860000, 'bodyBatteryImpact': 0, 'feedbackType': 'RECOVERY_BODY_BATTERY_NOT_INCREASE', 'shortFeedback': 'RESTFUL_PERIOD', 'deviceId': 3423864303, 'activityName': None, 'activityType': None, 'activityId': None, 'eventUpdateTimeGmt': '2025-10-11T17:40:45'}, {'eventType': 'RECOVERY', 'eventStartTimeGmt': '2025-10-11T18:10:02', 'timezoneOffset': 10800000, 'durationInMilliseconds': 720000, 'bodyBatteryImpact': 2, 'feedbackType': 'RECOVERY_EVENING', 'shortFeedback': 'RESTFUL_PERIOD', 'deviceId': 3423864303, 'activityName': None, 'activityType': None, 'activityId': None, 'eventUpdateTimeGmt': '2025-10-11T18:25:10'}]",15.0,25.0,6.0,20.0,2025-10-11T21:00:00.0,200,2025-10-11
5652846,4437.0,2399.0,2038.0,4437.0,,,4899.0,33670,2500,30112,30112,2399.0,4899.0,5652846,2025-10-12,"{'typeId': 4, 'typeKey': 'groups'}",9ea568056f5647d98b29ab93dd9f72f3,1500,2025-10-11T21:00:00.0,2025-10-12T00:00:00.0,2025-10-12T21:00:00.0,2025-10-13T00:00:00.0,86400000,,13625,8231,38984,25560,True,True,False,False,156,107,448.056,449.785,147.0,147.56726,150,10,56,187,62,60,GARMIN,35,98,27360,27900,11160,19560,85980,14880,8400,4080.0,31.82,32.45,12.98,22.75,17.31,9.77,4.75,BALANCED,41880,24540,,60,187,53,58,61,5,5,51.0,59.0,3.0,1.0,,,,,,16.0,331.0,"{'eventTimestampGmt': '2025-10-12T18:57:51', 'bodyBatteryLevel': 'VERY_LOW', 'feedbackShortType': 'SLEEP_PREPARATION_STRESSFUL_AND_INTENSIVE_EXERCISE', 'feedbackLongType': 'SLEEP_PREPARATION_STRESSFUL_AND_INTENSIVE_EXERCISE_AND_BB_LOW'}","{'eventTimestampGmt': '2025-10-12T00:20:56', 'bodyBatteryLevel': 'HIGH', 'feedbackShortType': 'SLEEP_TIME_PASSED_BALANCED_AND_INACTIVE', 'feedbackLongType': 'SLEEP_TIME_PASSED_BALANCED_AND_INACTIVE'}","[{'eventType': 'SLEEP', 'eventStartTimeGmt': '2025-10-11T21:37:37', 'timezoneOffset': 10800000, 'durationInMilliseconds': 24180000, 'bodyBatteryImpact': 52, 'feedbackType': 'NONE', 'shortFeedback': 'NONE', 'deviceId': 3423864303, 'activityName': None, 'activityType': None, 'activityId': None, 'eventUpdateTimeGmt': '2025-10-12T04:44:42'}, {'eventType': 'ACTIVITY', 'eventStartTimeGmt': '2025-10-12T07:31:58', 'timezoneOffset': 10800000, 'durationInMilliseconds': 13980000, 'bodyBatteryImpact': -27, 'feedbackType': 'EXERCISE_TRAINING_EFFECT_4_GOOD_TIMING', 'shortFeedback': 'HIGHLY_IMPROVING_TEMPO', 'deviceId': 3423864303, 'activityName': 'Vantaa Trail Running', 'activityType': 'trail_running', 'activityId': 20665459521, 'eventUpdateTimeGmt': '2025-10-12T11:27:00'}]",21.0,40.0,7.0,20.0,2025-10-12T21:00:00.0,200,2025-10-12
5652846,2366.0,328.0,2038.0,2366.0,,,2828.0,7430,2500,6333,6333,328.0,2828.0,5652846,2025-10-13,"{'typeId': 4, 'typeKey': 'groups'}",a0e31c6fb3654022b7c8f9a05a299148,1500,2025-10-12T21:00:00.0,2025-10-13T00:00:00.0,2025-10-13T21:00:00.0,2025-10-14T00:00:00.0,86400000,,3751,1035,55394,26220,True,True,False,False,27,3,63.088,66.782,20.69816,21.9101,150,10,49,167,61,60,GARMIN,22,82,21240,49140,8220,6420,85020,16320,4740,180.0,24.98,57.8,9.67,7.55,19.2,5.58,0.21,BALANCED,59760,18840,,54,165,51,16,47,5,40,23.0,28.0,3.0,1.0,,,,,,10.0,42.0,"{'eventTimestampGmt': '2025-10-13T17:50:00', 'bodyBatteryLevel': 'HIGH', 'feedbackShortType': 'SLEEP_PREPARATION_RECOVERING_AND_EXERCISE', 'feedbackLongType': 'SLEEP_PREPARATION_RECOVERING_AND_EXERCISE'}","{'eventTimestampGmt': '2025-10-13T20:01:17', 'bodyBatteryLevel': 'HIGH', 'feedbackShortType': 'SLEEP_TIME_PASSED_RECOVERING_AND_EXERCISE', 'feedbackLongType': 'SLEEP_TIME_PASSED_RECOVERING_AND_EXERCISE'}","[{'eventType': 'SLEEP', 'eventStartTimeGmt': '2025-10-12T20:37:00', 'timezoneOffset': 10800000, 'durationInMilliseconds': 23040000, 'bodyBatteryImpact': 23, 'feedbackType': 'NONE', 'shortFeedback': 'NONE', 'deviceId': 3423864303, 'activityName': None, 'activityType': None, 'activityId': None, 'eventUpdateTimeGmt': '2025-10-13T03:17:13'}, {'eventType': 'RECOVERY', 'eventStartTimeGmt': '2025-10-13T07:27:48', 'timezoneOffset': 10800000, 'durationInMilliseconds': 4680000, 'bodyBatteryImpact': 5, 'feedbackType': 'RECOVERY_LONG_BODY_BATTERY_INCREASE', 'shortFeedback': 'LONG_RESTFUL_PERIOD', 'deviceId': 3423864303, 'activityName': None, 'activityType': None, 'activityId': None, 'eventUpdateTimeGmt': '2025-10-13T08:50:30'}, {'eventType': 'RECOVERY', 'eventStartTimeGmt': '2025-10-13T10:42:19', 'timezoneOffset': 10800000, 'durationInMilliseconds': 5700000, 'bodyBatteryImpact': 6, 'feedbackType': 'RECOVERY_LONG_BODY_BATTERY_INCREASE', 'shortFeedback': 'LONG_RESTFUL_PERIOD', 'deviceId': 3423864303, 'activityName': None, 'activityType': None, 'activityId': None, 'eventUpdateTimeGmt': '2025-10-13T12:20:09'}, {'eventType': 'ACTIVITY', 'eventStartTimeGmt': '2025-10-13T12:20:09', 'timezoneOffset': 10800000, 'durationInMilliseconds': 1740000, 'bodyBatteryImpact': -4, 'feedbackType': 'EXERCISE_TRAINING_EFFECT_BELOW_2', 'shortFeedback': 'EASY_RECOVERY', 'deviceId': 3423864303, 'activityName': 'Helsinki Walking', 'activityType': 'walking', 'activityId': 20675661127, 'eventUpdateTimeGmt': '2025-10-13T12:50:23'}, {'eventType': 'NAP', 'eventStartTimeGmt': '2025-10-13T13:46:23', 'timezoneOffset': 10800000, 'durationInMilliseconds': 4560000, 'bodyBatteryImpact': 12, 'feedbackType': 'NAP_RECOVERING_BODY_BATTERY_INCREASE', 'shortFeedback': 'RESTFUL_NAP', 'deviceId': 3423864303, 'activityName': None, 'activityType': None, 'activityId': None, 'eventUpdateTimeGmt': '2025-10-13T15:13:35'}]",14.0,24.0,7.0,16.0,2025-10-13T20:56:00.0,200,2025-10-13
5652846,2335.0,297.0,2038.0,2335.0,,,2797.0,7291,2500,6085,6085,297.0,2797.0,5652846,2025-10-14,"{'typeId': 4, 'typeKey': 'groups'}",e297f56c2f984180836d38d05438cac5,1500,2025-10-13T21:00:00.0,2025-10-14T00:00:00.0,2025-10-14T21:00:00.0,2025-10-15T00:00:00.0,86400000,,3957,639,58104,23700,True,True,False,False,9,0,33.528,35.647,11.0,11.69521,150,10,47,146,58,60,GARMIN,19,90,15000,53820,14340,2940,86100,12780,1860,360.0,17.42,62.51,16.66,3.41,14.84,2.16,0.42,CALM,60120,23040,,48,146,62,67,93,32,35,55.0,93.0,3.0,,,,,,,10.0,74.0,"{'eventTimestampGmt': '2025-10-14T18:14:09', 'bodyBatteryLevel': 'HIGH', 'feedbackShortType': 'SLEEP_PREPARATION_RECOVERING_AND_EXERCISE', 'feedbackLongType': 'SLEEP_PREPARATION_RECOVERING_AND_EXERCISE'}","{'eventTimestampGmt': '2025-10-14T20:51:29', 'bodyBatteryLevel': 'HIGH', 'feedbackShortType': 'SLEEP_TIME_PASSED_RECOVERING_AND_EXERCISE', 'feedbackLongType': 'SLEEP_TIME_PASSED_RECOVERING_AND_EXERCISE'}","[{'eventType': 'SLEEP', 'eventStartTimeGmt': '2025-10-13T21:16:23', 'timezoneOffset': 10800000, 'durationInMilliseconds': 23700000, 'bodyBatteryImpact': 55, 'feedbackType': 'NONE', 'shortFeedback': 'NONE', 'deviceId': 3423864303, 'activityName': None, 'activityType': None, 'activityId': None, 'eventUpdateTimeGmt': '2025-10-14T03:59:08'}, {'eventType': 'RECOVERY', 'eventStartTimeGmt': '2025-10-14T05:42:33', 'timezoneOffset': 10800000, 'durationInMilliseconds': 2220000, 'bodyBatteryImpact': -2, 'feedbackType': 'RECOVERY_BODY_BATTERY_NOT_INCREASE', 'shortFeedback': 'RESTFUL_PERIOD', 'deviceId': 3423864303, 'activityName': None, 'activityType': None, 'activityId': None, 'eventUpdateTimeGmt': '2025-10-14T06:23:55'}, {'eventType': 'RECOVERY', 'eventStartTimeGmt': '2025-10-14T07:02:03', 'timezoneOffset': 10800000, 'durationInMilliseconds': 7260000, 'bodyBatteryImpact': -3, 'feedbackType': 'RECOVERY_LONG_BODY_BATTERY_NOT_INCREASE', 'shortFeedback': 'LONG_RESTFUL_PERIOD', 'deviceId': 3423864303, 'activityName': None, 'activityType': None, 'activityId': None, 'eventUpdateTimeGmt': '2025-10-14T09:07:07'}, {'eventType': 'ACTIVITY', 'eventStartTimeGmt': '2025-10-14T12:44:07', 'timezoneOffset': 10800000, 'durationInMilliseconds': 1800000, 'bodyBatteryImpact': -5, 'feedbackType': 'EXERCISE_TRAINING_EFFECT_BELOW_2', 'shortFeedback': 'EASY_RECOVERY', 'deviceId': 3423864303, 'activityName': 'Helsinki Walking', 'activityType': 'walking', 'activityId': 20688597203, 'eventUpdateTimeGmt': '2025-10-14T13:15:11'}, {'eventType': 'RECOVERY', 'eventStartTimeGmt': '2025-10-14T14:19:01', 'timezoneOffset': 10800000, 'durationInMilliseconds': 2280000, 'bodyBatteryImpact': -1, 'feedbackType': 'RECOVERY_BODY_BATTERY_NOT_INCREASE', 'shortFeedback': 'RESTFUL_PERIOD', 'deviceId': 3423864303, 'activityName': None, 'activityType': None, 'activityId': None, 'eventUpdateTimeGmt': '2025-10-14T15:07:25'}]",14.0,24.0,7.0,20.0,2025-10-14T21:00:00.0,200,2025-10-14
5652846,2488.0,450.0,2038.0,2488.0,,,2950.0,10722,2500,8902,8902,450.0,2950.0,5652846,2025-10-15,"{'typeId': 4, 'typeKey': 'groups'}",b7d4183ded3e42bdaaacb32acf45a155,1500,2025-10-14T21:00:00.0,2025-10-15T00:00:00.0,2025-10-15T21:00:00.0,2025-10-16T00:00:00.0,86400000,,4804,2415,59793,19388,True,True,False,False,44,1,111.342,116.791,36.52953,38.31726,150,10,51,157,60,61,GARMIN,23,83,17700,54780,10380,3240,86100,13980,3420,300.0,20.56,63.62,12.06,3.76,16.24,3.97,0.35,CALM,64260,18600,,55,153,47,54,80,28,28,40.0,75.0,3.0,,,,,,,14.0,84.0,"{'eventTimestampGmt': '2025-10-15T17:50:01', 'bodyBatteryLevel': 'HIGH', 'feedbackShortType': 'SLEEP_PREPARATION_RECOVERING_AND_EXERCISE', 'feedbackLongType': 'SLEEP_PREPARATION_RECOVERING_AND_EXERCISE'}","{'eventTimestampGmt': '2025-10-15T19:13:19', 'bodyBatteryLevel': 'HIGH', 'feedbackShortType': 'SLEEP_TIME_PASSED_RECOVERING_AND_EXERCISE', 'feedbackLongType': 'SLEEP_TIME_PASSED_RECOVERING_AND_EXERCISE'}","[{'eventType': 'SLEEP', 'eventStartTimeGmt': '2025-10-14T21:01:08', 'timezoneOffset': 10800000, 'durationInMilliseconds': 18720000, 'bodyBatteryImpact': 40, 'feedbackType': 'NONE', 'shortFeedback': 'NONE', 'deviceId': 3423864303, 'activityName': None, 'activityType': None, 'activityId': None, 'eventUpdateTimeGmt': '2025-10-15T03:32:41'}, {'eventType': 'RECOVERY', 'eventStartTimeGmt': '2025-10-15T05:52:21', 'timezoneOffset': 10800000, 'durationInMilliseconds': 2700000, 'bodyBatteryImpact': 0, 'feedbackType': 'RECOVERY_BODY_BATTERY_NOT_INCREASE', 'shortFeedback': 'RESTFUL_PERIOD', 'deviceId': 3423864303, 'activityName': None, 'activityType': None, 'activityId': None, 'eventUpdateTimeGmt': '2025-10-15T06:42:00'}, {'eventType': 'RECOVERY', 'eventStartTimeGmt': '2025-10-15T06:47:41', 'timezoneOffset': 10800000, 'durationInMilliseconds': 6000000, 'bodyBatteryImpact': 0, 'feedbackType': 'RECOVERY_LONG_BODY_BATTERY_NOT_INCREASE', 'shortFeedback': 'LONG_RESTFUL_PERIOD', 'deviceId': 3423864303, 'activityName': None, 'activityType': None, 'activityId': None, 'eventUpdateTimeGmt': '2025-10-15T08:31:46'}, {'eventType': 'ACTIVITY', 'eventStartTimeGmt': '2025-10-15T12:29:56', 'timezoneOffset': 10800000, 'durationInMilliseconds': 3540000, 'bodyBatteryImpact': -8, 'feedbackType': 'EXERCISE_TRAINING_EFFECT_2', 'shortFeedback': 'MAINTAINING_AEROBIC_BASE', 'deviceId': 3423864303, 'activityName': 'Helsinki Walking', 'activityType': 'walking', 'activityId': 20697075424, 'eventUpdateTimeGmt': '2025-10-15T13:29:52'}]",14.0,24.0,6.0,18.0,2025-10-15T21:00:00.0,200,2025-10-15
5652846,2704.0,666.0,2038.0,2704.0,,,3166.0,13414,2500,11209,13663,666.0,3166.0,5652846,2025-10-16,"{'typeId': 4, 'typeKey': 'groups'}",5a33482bc17941d89c3b43ce1ec899a9,1500,2025-10-15T21:00:00.0,2025-10-16T00:00:00.0,2025-10-16T21:00:00.0,2025-10-17T00:00:00.0,86400000,,6854,1493,51241,26812,True,True,False,False,43,2,118.872,117.927,39.0,38.68996,150,10,50,157,59,61,GARMIN,30,99,28080,39120,11880,2940,82020,16980,9360,1740.0,34.24,47.7,14.48,3.58,20.7,11.41,2.12,BALANCED,54300,24780,,52,154,62,66,85,24,24,57.0,85.0,3.0,,,,,,,13.0,86.0,"{'eventTimestampGmt': '2025-10-16T20:54:19', 'bodyBatteryLevel': 'MODERATE', 'feedbackShortType': 'SLEEP_PREPARATION_BALANCED_AND_EXERCISE', 'feedbackLongType': 'SLEEP_PREPARATION_BALANCED_AND_EXERCISE'}",,"[{'eventType': 'SLEEP', 'eventStartTimeGmt': '2025-10-15T20:48:52', 'timezoneOffset': 10800000, 'durationInMilliseconds': 27480000, 'bodyBatteryImpact': 57, 'feedbackType': 'NONE', 'shortFeedback': 'NONE', 'deviceId': 3423864303, 'activityName': None, 'activityType': None, 'activityId': None, 'eventUpdateTimeGmt': '2025-10-16T04:27:01'}, {'eventType': 'ACTIVITY', 'eventStartTimeGmt': '2025-10-16T12:36:50', 'timezoneOffset': 10800000, 'durationInMilliseconds': 3600000, 'bodyBatteryImpact': -6, 'feedbackType': 'EXERCISE_TRAINING_EFFECT_2', 'shortFeedback': 'MAINTAINING_AEROBIC_BASE', 'deviceId': 3423864303, 'activityName': 'Helsinki Walking', 'activityType': 'walking', 'activityId': 20717100067, 'eventUpdateTimeGmt': '2025-10-16T13:39:34'}, {'eventType': 'RECOVERY', 'eventStartTimeGmt': '2025-10-16T14:43:04', 'timezoneOffset': 10800000, 'durationInMilliseconds': 2760000, 'bodyBatteryImpact': 2, 'feedbackType': 'RECOVERY_BODY_BATTERY_INCREASE', 'shortFeedback': 'BODY_BATTERY_RECHARGE', 'deviceId': 3423864303, 'activityName': None, 'activityType': None, 'activityId': None, 'eventUpdateTimeGmt': '2025-10-16T15:30:50'}]",15.0,24.0,7.0,13.0,2025-10-16T21:00:00.0,200,2025-10-16
5652846,3357.0,1319.0,2038.0,3357.0,,,3819.0,20717,2500,17157,17157,1319.0,3819.0,5652846,2025-10-17,"{'typeId': 4, 'typeKey': 'groups'}",7d9bc442c5c442a6a81971f0cf496fed,1500,2025-10-16T21:00:00.0,2025-10-17T00:00:00.0,2025-10-17T21:00:00.0,2025-10-18T00:00:00.0,86400000,,8901,3781,50647,23071,True,True,False,False,37,61,184.626,199.215,60.57283,65.35925,150,10,55,187,57,60,GARMIN,29,99,22320,41340,11820,8040,83520,12840,6060,3420.0,26.72,49.5,14.15,9.63,15.37,7.26,4.09,BALANCED,52560,22920,,57,175,60,72,80,12,12,55.0,80.0,3.0,,,,,,,9.0,121.0,"{'eventTimestampGmt': '2025-10-17T19:10:00', 'bodyBatteryLevel': 'LOW', 'feedbackShortType': 'SLEEP_PREPARATION_BALANCED_AND_INTENSIVE_EXERCISE', 'feedbackLongType': 'SLEEP_PREPARATION_BALANCED_AND_INTENSIVE_EXERCISE_AND_BB_LOW'}","{'eventTimestampGmt': '2025-10-17T20:56:53', 'bodyBatteryLevel': 'LOW', 'feedbackShortType': 'SLEEP_TIME_PASSED_BALANCED_AND_INTENSIVE_EXERCISE', 'feedbackLongType': 'SLEEP_TIME_PASSED_BALANCED_AND_INTENSIVE_EXERCISE_AND_BB_LOW'}","[{'eventType': 'SLEEP', 'eventStartTimeGmt': '2025-10-16T21:51:34', 'timezoneOffset': 10800000, 'durationInMilliseconds': 21900000, 'bodyBatteryImpact': 55, 'feedbackType': 'NONE', 'shortFeedback': 'NONE', 'deviceId': 3423864303, 'activityName': None, 'activityType': None, 'activityId': None, 'eventUpdateTimeGmt': '2025-10-17T04:07:34'}, {'eventType': 'RECOVERY', 'eventStartTimeGmt': '2025-10-17T06:49:29', 'timezoneOffset': 10800000, 'durationInMilliseconds': 2820000, 'bodyBatteryImpact': -2, 'feedbackType': 'RECOVERY_BODY_BATTERY_NOT_INCREASE', 'shortFeedback': 'RESTFUL_PERIOD', 'deviceId': 3423864303, 'activityName': None, 'activityType': None, 'activityId': None, 'eventUpdateTimeGmt': '2025-10-17T07:39:25'}, {'eventType': 'RECOVERY', 'eventStartTimeGmt': '2025-10-17T07:54:24', 'timezoneOffset': 10800000, 'durationInMilliseconds': 2700000, 'bodyBatteryImpact': 1, 'feedbackType': 'RECOVERY_BODY_BATTERY_INCREASE', 'shortFeedback': 'BODY_BATTERY_RECHARGE', 'deviceId': 3423864303, 'activityName': None, 'activityType': None, 'activityId': None, 'eventUpdateTimeGmt': '2025-10-17T08:43:41'}, {'eventType': 'RECOVERY', 'eventStartTimeGmt': '2025-10-17T11:40:44', 'timezoneOffset': 10800000, 'durationInMilliseconds': 3780000, 'bodyBatteryImpact': 2, 'feedbackType': 'RECOVERY_LONG_BODY_BATTERY_INCREASE', 'shortFeedback': 'LONG_RESTFUL_PERIOD', 'deviceId': 3423864303, 'activityName': None, 'activityType': None, 'activityId': None, 'eventUpdateTimeGmt': '2025-10-17T12:45:19'}, {'eventType': 'ACTIVITY', 'eventStartTimeGmt': '2025-10-17T15:01:00', 'timezoneOffset': 10800000, 'durationInMilliseconds': 5160000, 'bodyBatteryImpact': -13, 'feedbackType': 'EXERCISE_TRAINING_EFFECT_3', 'shortFeedback': 'IMPROVING_LACTATE_THRESHOLD', 'deviceId': 3423864303, 'activityName': 'Helsinki Trail Running', 'activityType': 'trail_running', 'activityId': 20718132888, 'eventUpdateTimeGmt': '2025-10-17T16:28:29'}]",17.0,40.0,7.0,20.0,2025-10-17T21:00:00.0,200,2025-10-17
5652846,2703.0,665.0,2038.0,2703.0,,,3165.0,10471,2500,8837,8837,665.0,3165.0,5652846,2025-10-18,"{'typeId': 4, 'typeKey': 'groups'}",1bec56be088548fa8d12bbeae29a5cbc,1500,2025-10-17T21:00:00.0,2025-10-18T00:00:00.0,2025-10-18T21:00:00.0,2025-10-19T00:00:00.0,86400000,,3273,6669,45401,31057,True,False,False,False,5,0,54.864,30.873,18.0,10.12894,150,10,57,136,63,60,GARMIN,42,96,52680,20640,9720,3060,86100,27000,18780,6900.0,61.18,23.97,11.29,3.55,31.36,21.81,8.01,STRESSFUL,59640,23400,,57,124,39,44,43,5,7,27.0,39.0,3.0,1.0,,,,,,52.0,,"{'eventTimestampGmt': '2025-10-18T20:12:08', 'bodyBatteryLevel': 'LOW', 'feedbackShortType': 'SLEEP_PREPARATION_STRESSFUL_AND_INACTIVE', 'feedbackLongType': 'SLEEP_PREPARATION_STRESSFUL_AND_INACTIVE_AND_BB_LOW'}","{'eventTimestampGmt': '2025-10-18T20:35:40', 'bodyBatteryLevel': 'LOW', 'feedbackShortType': 'SLEEP_TIME_PASSED_STRESSFUL_AND_INACTIVE', 'feedbackLongType': 'SLEEP_TIME_PASSED_STRESSFUL_AND_INACTIVE_AND_BB_LOW'}","[{'eventType': 'SLEEP', 'eventStartTimeGmt': '2025-10-17T20:40:29', 'timezoneOffset': 10800000, 'durationInMilliseconds': 24900000, 'bodyBatteryImpact': 27, 'feedbackType': 'NONE', 'shortFeedback': 'NONE', 'deviceId': 3423864303, 'activityName': None, 'activityType': None, 'activityId': None, 'eventUpdateTimeGmt': '2025-10-18T03:43:47'}, {'eventType': 'RECOVERY', 'eventStartTimeGmt': '2025-10-18T06:57:22', 'timezoneOffset': 10800000, 'durationInMilliseconds': 3600000, 'bodyBatteryImpact': 4, 'feedbackType': 'RECOVERY_LONG_BODY_BATTERY_INCREASE', 'shortFeedback': 'LONG_RESTFUL_PERIOD', 'deviceId': 3423864303, 'activityName': None, 'activityType': None, 'activityId': None, 'eventUpdateTimeGmt': '2025-10-18T07:59:38'}, {'eventType': 'STRESS', 'eventStartTimeGmt': '2025-10-18T12:38:07', 'timezoneOffset': 10800000, 'durationInMilliseconds': 3840000, 'bodyBatteryImpact': -6, 'feedbackType': 'STRESS', 'shortFeedback': 'STRESSFUL_PERIOD', 'deviceId': 3423864303, 'activityName': None, 'activityType': None, 'activityId': None, 'eventUpdateTimeGmt': '2025-10-18T13:46:10'}]",16.0,24.0,8.0,21.0,2025-10-18T21:00:00.0,200,2025-10-18
5652846,2271.0,233.0,2038.0,2271.0,,,2733.0,4386,2500,3748,3748,233.0,2733.0,5652846,2025-10-19,"{'typeId': 4, 'typeKey': 'groups'}",a20921631dea4df6b20cc0a5ede9e58a,1500,2025-10-18T21:00:00.0,2025-10-19T00:00:00.0,2025-10-19T21:00:00.0,2025-10-20T00:00:00.0,86400000,,1161,2755,46938,35546,True,False,False,False,4,0,15.379,18.799,5.0456,6.16765,150,10,47,125,70,61,GARMIN,42,92,69540,8040,6900,1620,86100,52860,12780,3900.0,80.77,9.34,8.01,1.88,61.39,14.84,4.53,VERY_STRESSFUL,49020,35460,,50,123,30,27,32,7,11,27.0,32.0,3.0,2.0,,,,,,48.0,,"{'eventTimestampGmt': '2025-10-19T17:50:00', 'bodyBatteryLevel': 'LOW', 'feedbackShortType': 'SLEEP_PREPARATION_STRESSFUL_AND_INACTIVE', 'feedbackLongType': 'SLEEP_PREPARATION_STRESSFUL_AND_INACTIVE_AND_BB_LOW'}","{'eventTimestampGmt': '2025-10-19T00:42:09', 'bodyBatteryLevel': 'HIGH', 'feedbackShortType': 'SLEEP_TIME_PASSED_STRESSFUL_AND_INACTIVE', 'feedbackLongType': 'SLEEP_TIME_PASSED_STRESSFUL_AND_INACTIVE'}","[{'eventType': 'SLEEP', 'eventStartTimeGmt': '2025-10-18T18:57:52', 'timezoneOffset': 10800000, 'durationInMilliseconds': 38220000, 'bodyBatteryImpact': 27, 'feedbackType': 'NONE', 'shortFeedback': 'NONE', 'deviceId': 3423864303, 'activityName': None, 'activityType': None, 'activityId': None, 'eventUpdateTimeGmt': '2025-10-19T05:35:26'}, {'eventType': 'RECOVERY', 'eventStartTimeGmt': '2025-10-19T15:40:26', 'timezoneOffset': 10800000, 'durationInMilliseconds': 540000, 'bodyBatteryImpact': 2, 'feedbackType': 'RECOVERY_SHORT', 'shortFeedback': 'BODY_BATTERY_RECHARGE', 'deviceId': 3423864303, 'activityName': None, 'activityType': None, 'activityId': None, 'eventUpdateTimeGmt': '2025-10-19T15:52:05'}]",17.0,26.0,8.0,19.0,2025-10-19T21:00:00.0,200,2025-10-19
5652846,2594.0,556.0,2038.0,2594.0,,,3056.0,9998,2500,8306,8306,556.0,3056.0,5652846,2025-10-20,"{'typeId': 4, 'typeKey': 'groups'}",63cb983601094f0d949da77bde5729ba,1500,2025-10-19T21:00:00.0,2025-10-20T00:00:00.0,2025-10-20T21:00:00.0,2025-10-21T00:00:00.0,86400000,,4688,2269,53317,26126,True,True,False,False,56,2,94.55,106.021,31.02034,34.78379,150,10,48,172,60,61,GARMIN,32,96,39240,32940,11520,2400,86100,25140,12360,1740.0,45.57,38.26,13.38,2.79,29.2,14.36,2.02,BALANCED,57660,26040,,50,162,73,64,84,11,20,76.0,83.0,3.0,,,,,,,7.0,67.0,"{'eventTimestampGmt': '2025-10-20T17:50:01', 'bodyBatteryLevel': 'MODERATE', 'feedbackShortType': 'SLEEP_PREPARATION_BALANCED_AND_EXERCISE', 'feedbackLongType': 'SLEEP_PREPARATION_BALANCED_AND_EXERCISE'}","{'eventTimestampGmt': '2025-10-20T01:26:42', 'bodyBatteryLevel': 'HIGH', 'feedbackShortType': 'SLEEP_TIME_PASSED_BALANCED_AND_INACTIVE', 'feedbackLongType': 'SLEEP_TIME_PASSED_BALANCED_AND_INACTIVE'}","[{'eventType': 'SLEEP', 'eventStartTimeGmt': '2025-10-19T19:42:26', 'timezoneOffset': 10800000, 'durationInMilliseconds': 30780000, 'bodyBatteryImpact': 76, 'feedbackType': 'NONE', 'shortFeedback': 'NONE', 'deviceId': 3423864303, 'activityName': None, 'activityType': None, 'activityId': None, 'eventUpdateTimeGmt': '2025-10-20T04:15:36'}, {'eventType': 'ACTIVITY', 'eventStartTimeGmt': '2025-10-20T13:07:49', 'timezoneOffset': 10800000, 'durationInMilliseconds': 3000000, 'bodyBatteryImpact': -3, 'feedbackType': 'EXERCISE_TRAINING_EFFECT_2', 'shortFeedback': 'MAINTAINING_AEROBIC_BASE', 'deviceId': 3423864303, 'activityName': 'Helsinki Walking', 'activityType': 'walking', 'activityId': 20745495292, 'eventUpdateTimeGmt': '2025-10-20T14:00:01'}]",14.0,24.0,8.0,21.0,2025-10-20T20:59:00.0,200,2025-10-20
5652846,2403.0,365.0,2038.0,2403.0,,,2865.0,9366,2500,8221,8221,365.0,2865.0,5652846,2025-10-21,"{'typeId': 4, 'typeKey': 'groups'}",fe276f14e12f4a6cb7c2a57511d74faf,1500,2025-10-20T21:00:00.0,2025-10-21T00:00:00.0,2025-10-21T21:00:00.0,2025-10-22T00:00:00.0,86400000,,4995,1263,59497,20645,True,True,False,False,21,0,61.51,61.036,20.18045,20.02493,150,10,48,146,62,62,GARMIN,27,86,28680,44460,10140,2640,85920,24000,4380,300.0,33.38,51.75,11.8,3.07,27.93,5.1,0.35,BALANCED,64620,18660,,51,144,45,40,59,20,25,38.0,58.0,3.0,,,,,,,8.0,42.0,"{'eventTimestampGmt': '2025-10-21T19:00:04', 'bodyBatteryLevel': 'MODERATE', 'feedbackShortType': 'SLEEP_PREPARATION_RECOVERING_AND_EXERCISE', 'feedbackLongType': 'SLEEP_PREPARATION_RECOVERING_AND_EXERCISE'}","{'eventTimestampGmt': '2025-10-21T20:53:06', 'bodyBatteryLevel': 'HIGH', 'feedbackShortType': 'SLEEP_TIME_PASSED_RECOVERING_AND_EXERCISE', 'feedbackLongType': 'SLEEP_TIME_PASSED_RECOVERING_AND_EXERCISE'}","[{'eventType': 'SLEEP', 'eventStartTimeGmt': '2025-10-20T21:10:01', 'timezoneOffset': 10800000, 'durationInMilliseconds': 18720000, 'bodyBatteryImpact': 38, 'feedbackType': 'NONE', 'shortFeedback': 'NONE', 'deviceId': 3423864303, 'activityName': None, 'activityType': None, 'activityId': None, 'eventUpdateTimeGmt': '2025-10-21T03:02:45'}, {'eventType': 'RECOVERY', 'eventStartTimeGmt': '2025-10-21T10:13:30', 'timezoneOffset': 10800000, 'durationInMilliseconds': 1560000, 'bodyBatteryImpact': 3, 'feedbackType': 'RECOVERY_BODY_BATTERY_INCREASE', 'shortFeedback': 'BODY_BATTERY_RECHARGE', 'deviceId': 3423864303, 'activityName': None, 'activityType': None, 'activityId': None, 'eventUpdateTimeGmt': '2025-10-21T10:42:45'}, {'eventType': 'ACTIVITY', 'eventStartTimeGmt': '2025-10-21T12:52:37', 'timezoneOffset': 10800000, 'durationInMilliseconds': 1740000, 'bodyBatteryImpact': -3, 'feedbackType': 'EXERCISE_TRAINING_EFFECT_BELOW_2', 'shortFeedback': 'EASY_RECOVERY', 'deviceId': 3423864303, 'activityName': 'Helsinki Walking', 'activityType': 'walking', 'activityId': 20755068090, 'eventUpdateTimeGmt': '2025-10-21T13:22:55'}]",15.0,24.0,7.0,17.0,2025-10-21T21:00:00.0,200,2025-10-21
5652846,2385.0,347.0,2038.0,2385.0,,,2847.0,7845,2500,6714,6714,347.0,2847.0,5652846,2025-10-22,"{'typeId': 4, 'typeKey': 'groups'}",a7b59d9c3d0c47bbb7d5db81717f38b5,1500,2025-10-21T21:00:00.0,2025-10-22T00:00:00.0,2025-10-22T21:00:00.0,2025-10-23T00:00:00.0,86400000,,3984,1248,54616,26552,True,True,False,False,22,0,33.528,46.652,11.0,15.30577,150,10,52,139,60,62,GARMIN,28,87,30300,43260,8460,2880,84900,24240,5400,660.0,35.69,50.95,9.96,3.39,28.55,6.36,0.78,BALANCED,55560,26460,,58,134,50,54,75,21,21,53.0,75.0,3.0,,,,,,,7.0,44.0,"{'eventTimestampGmt': '2025-10-22T18:59:50', 'bodyBatteryLevel': 'MODERATE', 'feedbackShortType': 'SLEEP_PREPARATION_RECOVERING_AND_EXERCISE', 'feedbackLongType': 'SLEEP_PREPARATION_RECOVERING_AND_EXERCISE'}","{'eventTimestampGmt': '2025-10-22T20:33:39', 'bodyBatteryLevel': 'MODERATE', 'feedbackShortType': 'SLEEP_TIME_PASSED_RECOVERING_AND_EXERCISE', 'feedbackLongType': 'SLEEP_TIME_PASSED_RECOVERING_AND_EXERCISE'}","[{'eventType': 'SLEEP', 'eventStartTimeGmt': '2025-10-21T20:27:55', 'timezoneOffset': 10800000, 'durationInMilliseconds': 25500000, 'bodyBatteryImpact': 53, 'feedbackType': 'NONE', 'shortFeedback': 'NONE', 'deviceId': 3423864303, 'activityName': None, 'activityType': None, 'activityId': None, 'eventUpdateTimeGmt': '2025-10-22T03:33:26'}, {'eventType': 'RECOVERY', 'eventStartTimeGmt': '2025-10-22T07:39:56', 'timezoneOffset': 10800000, 'durationInMilliseconds': 1860000, 'bodyBatteryImpact': 0, 'feedbackType': 'RECOVERY_BODY_BATTERY_NOT_INCREASE', 'shortFeedback': 'RESTFUL_PERIOD', 'deviceId': 3423864303, 'activityName': None, 'activityType': None, 'activityId': None, 'eventUpdateTimeGmt': '2025-10-22T08:14:00'}, {'eventType': 'ACTIVITY', 'eventStartTimeGmt': '2025-10-22T12:20:15', 'timezoneOffset': 10800000, 'durationInMilliseconds': 1800000, 'bodyBatteryImpact': -3, 'feedbackType': 'EXERCISE_TRAINING_EFFECT_BELOW_2', 'shortFeedback': 'EASY_RECOVERY', 'deviceId': 3423864303, 'activityName': None, 'activityType': None, 'activityId': None, 'eventUpdateTimeGmt': '2025-10-22T12:51:54'}]",14.0,24.0,7.0,19.0,2025-10-22T21:00:00.0,200,2025-10-22
5652846,2479.0,441.0,2038.0,2479.0,,,2941.0,8729,2500,7278,7278,441.0,2941.0,5652846,2025-10-23,"{'typeId': 4, 'typeKey': 'groups'}",a08f1b057b1a4aadbc29591d8f89d139,1500,2025-10-22T21:00:00.0,2025-10-23T00:00:00.0,2025-10-23T21:00:00.0,2025-10-24T00:00:00.0,86400000,,4203,1554,54560,26083,True,True,False,False,28,0,34.092,37.44,11.18504,12.28346,150,10,54,152,64,62,GARMIN,27,93,26640,41100,15780,2040,85560,22680,3540,420.0,31.14,48.04,18.44,2.38,26.51,4.14,0.49,BALANCED,57600,25920,,56,147,47,42,65,21,26,44.0,65.0,3.0,,,,,,,11.0,37.0,"{'eventTimestampGmt': '2025-10-23T17:59:55', 'bodyBatteryLevel': 'HIGH', 'feedbackShortType': 'SLEEP_PREPARATION_RECOVERING_AND_EXERCISE', 'feedbackLongType': 'SLEEP_PREPARATION_RECOVERING_AND_EXERCISE'}","{'eventTimestampGmt': '2025-10-22T21:25:09', 'bodyBatteryLevel': 'HIGH', 'feedbackShortType': 'SLEEP_TIME_PASSED_RECOVERING_AND_EXERCISE', 'feedbackLongType': 'SLEEP_TIME_PASSED_RECOVERING_AND_EXERCISE'}","[{'eventType': 'SLEEP', 'eventStartTimeGmt': '2025-10-22T20:10:54', 'timezoneOffset': 10800000, 'durationInMilliseconds': 28980000, 'bodyBatteryImpact': 44, 'feedbackType': 'NONE', 'shortFeedback': 'NONE', 'deviceId': 3423864303, 'activityName': None, 'activityType': None, 'activityId': None, 'eventUpdateTimeGmt': '2025-10-23T04:14:43'}, {'eventType': 'ACTIVITY', 'eventStartTimeGmt': '2025-10-23T12:35:01', 'timezoneOffset': 10800000, 'durationInMilliseconds': 1560000, 'bodyBatteryImpact': -3, 'feedbackType': 'EXERCISE_TRAINING_EFFECT_BELOW_2', 'shortFeedback': 'EASY_RECOVERY', 'deviceId': 3423864303, 'activityName': 'Helsinki Walking', 'activityType': 'walking', 'activityId': 20774565117, 'eventUpdateTimeGmt': '2025-10-23T13:02:11'}]",14.0,23.0,7.0,14.0,2025-10-23T21:00:00.0,200,2025-10-23
5652846,2420.0,382.0,2038.0,2420.0,,,2882.0,9320,2500,10990,10990,382.0,2882.0,5652846,2025-10-24,"{'typeId': 4, 'typeKey': 'groups'}",cf076baae99d42e98735e29358517503,1500,2025-10-23T21:00:00.0,2025-10-24T00:00:00.0,2025-10-24T21:00:00.0,2025-10-25T00:00:00.0,86400000,,4316,3039,53365,25680,True,True,False,False,4,0,48.044,57.696,15.76247,18.92913,150,10,56,124,62,63,GARMIN,33,92,40320,29400,13320,2040,85080,31080,7560,1680.0,47.39,34.56,15.66,2.4,36.53,8.89,1.97,STRESSFUL,58440,24600,,58,121,42,55,66,13,13,40.0,66.0,3.0,1.0,,,,,,33.0,68.0,"{'eventTimestampGmt': '2025-10-24T20:03:26', 'bodyBatteryLevel': 'LOW', 'feedbackShortType': 'SLEEP_PREPARATION_BALANCED_AND_EXERCISE', 'feedbackLongType': 'SLEEP_PREPARATION_BALANCED_AND_EXERCISE_AND_BB_LOW'}","{'eventTimestampGmt': '2025-10-23T21:14:57', 'bodyBatteryLevel': 'HIGH', 'feedbackShortType': 'SLEEP_TIME_PASSED_RECOVERING_AND_EXERCISE', 'feedbackLongType': 'SLEEP_TIME_PASSED_RECOVERING_AND_EXERCISE'}","[{'eventType': 'SLEEP', 'eventStartTimeGmt': '2025-10-23T21:11:11', 'timezoneOffset': 10800000, 'durationInMilliseconds': 25680000, 'bodyBatteryImpact': 40, 'feedbackType': 'NONE', 'shortFeedback': 'NONE', 'deviceId': 3423864303, 'activityName': None, 'activityType': None, 'activityId': None, 'eventUpdateTimeGmt': '2025-10-24T04:21:37'}, {'eventType': 'ACTIVITY', 'eventStartTimeGmt': '2025-10-24T13:33:43', 'timezoneOffset': 10800000, 'durationInMilliseconds': 2880000, 'bodyBatteryImpact': -3, 'feedbackType': 'EXERCISE_TRAINING_EFFECT_BELOW_2', 'shortFeedback': 'EASY_RECOVERY', 'deviceId': 3423864303, 'activityName': 'Lappeenranta Walking', 'activityType': 'walking', 'activityId': 20784196080, 'eventUpdateTimeGmt': '2025-10-24T14:21:55'}]",16.0,24.0,7.0,18.0,2025-10-24T21:00:00.0,200,2025-10-24
5652846,4039.0,2001.0,2038.0,4039.0,,,4501.0,25879,2500,26137,26137,2001.0,4501.0,5652846,2025-10-25,"{'typeId': 4, 'typeKey': 'groups'}",3c90afec8a0d43d8b62d31a70d67e45e,1500,2025-10-24T21:00:00.0,2025-10-25T00:00:00.0,2025-10-25T21:00:00.0,2025-10-26T00:00:00.0,86400000,,13503,8604,34713,29580,True,True,False,False,220,23,417.974,395.881,137.13058,129.88222,150,10,57,174,60,63,GARMIN,39,95,39720,20820,6000,17820,84360,20280,15900,3540.0,47.08,24.68,7.11,21.12,24.04,18.85,4.2,STRESSFUL,37200,29340,,58,169,57,64,68,6,6,56.0,67.0,3.0,1.0,,,,,,88.0,312.0,"{'eventTimestampGmt': '2025-10-25T18:25:12', 'bodyBatteryLevel': 'LOW', 'feedbackShortType': 'SLEEP_PREPARATION_STRESSFUL_AND_INTENSIVE_EXERCISE', 'feedbackLongType': 'SLEEP_PREPARATION_STRESSFUL_AND_INTENSIVE_EXERCISE_AND_BB_LOW'}","{'eventTimestampGmt': '2025-10-25T00:28:13', 'bodyBatteryLevel': 'HIGH', 'feedbackShortType': 'SLEEP_TIME_PASSED_BALANCED_AND_INACTIVE', 'feedbackLongType': 'SLEEP_TIME_PASSED_BALANCED_AND_INACTIVE'}","[{'eventType': 'SLEEP', 'eventStartTimeGmt': '2025-10-24T21:49:55', 'timezoneOffset': 10800000, 'durationInMilliseconds': 29580000, 'bodyBatteryImpact': 56, 'feedbackType': 'NONE', 'shortFeedback': 'NONE', 'deviceId': 3423864303, 'activityName': None, 'activityType': None, 'activityId': None, 'eventUpdateTimeGmt': '2025-10-25T06:03:35'}, {'eventType': 'ACTIVITY', 'eventStartTimeGmt': '2025-10-25T09:15:15', 'timezoneOffset': 10800000, 'durationInMilliseconds': 14580000, 'bodyBatteryImpact': -26, 'feedbackType': 'EXERCISE_TRAINING_EFFECT_4', 'shortFeedback': 'HIGHLY_IMPROVING_AEROBIC_ENDURANCE', 'deviceId': 3423864303, 'activityName': 'Lappeenranta Trail Running', 'activityType': 'trail_running', 'activityId': 20792892782, 'eventUpdateTimeGmt': '2025-10-25T13:18:48'}]",21.0,40.0,7.0,19.0,2025-10-25T21:00:00.0,200,2025-10-25
5652846,2451.0,413.0,2038.0,2451.0,,,2913.0,9689,2500,9012,9012,413.0,2913.0,5652846,2025-10-26,"{'typeId': 4, 'typeKey': 'groups'}",a794069485b7400fa2eed07fb49b7bdb,1500,2025-10-25T22:00:00.0,2025-10-26T00:00:00.0,2025-10-26T22:00:00.0,2025-10-27T00:00:00.0,86400000,,2001,5771,48568,30060,True,True,False,False,9,0,26.701,28.812,8.76017,9.45276,150,10,56,136,60,61,GARMIN,26,93,27480,42120,12060,2520,84180,23460,3840,180.0,32.64,50.04,14.33,2.99,27.87,4.56,0.21,BALANCED,52920,28740,,58,132,56,27,55,7,36,49.0,55.0,3.0,,,,,,,75.0,38.0,"{'eventTimestampGmt': '2025-10-26T20:11:22', 'bodyBatteryLevel': 'HIGH', 'feedbackShortType': 'SLEEP_PREPARATION_RECOVERING_AND_EXERCISE', 'feedbackLongType': 'SLEEP_PREPARATION_RECOVERING_AND_EXERCISE'}","{'eventTimestampGmt': '2025-10-26T00:55:08', 'bodyBatteryLevel': 'HIGH', 'feedbackShortType': 'SLEEP_TIME_PASSED_STRESSFUL_AND_INACTIVE', 'feedbackLongType': 'SLEEP_TIME_PASSED_STRESSFUL_AND_INACTIVE'}","[{'eventType': 'SLEEP', 'eventStartTimeGmt': '2025-10-25T21:13:48', 'timezoneOffset': 7200000, 'durationInMilliseconds': 32280000, 'bodyBatteryImpact': 49, 'feedbackType': 'NONE', 'shortFeedback': 'NONE', 'deviceId': 3423864303, 'activityName': None, 'activityType': None, 'activityId': None, 'eventUpdateTimeGmt': '2025-10-26T06:12:39'}, {'eventType': 'ACTIVITY', 'eventStartTimeGmt': '2025-10-26T09:42:11', 'timezoneOffset': 7200000, 'durationInMilliseconds': 1680000, 'bodyBatteryImpact': -2, 'feedbackType': 'EXERCISE_TRAINING_EFFECT_BELOW_2', 'shortFeedback': 'EASY_RECOVERY', 'deviceId': 3423864303, 'activityName': 'Lappeenranta Walking', 'activityType': 'walking', 'activityId': 20801297702, 'eventUpdateTimeGmt': '2025-10-26T10:11:48'}]",14.0,24.0,7.0,15.0,2025-10-26T22:00:00.0,200,2025-10-26
5652846,2426.0,388.0,2038.0,2426.0,,,2888.0,9182,2500,7648,7648,388.0,2888.0,5652846,2025-10-27,"{'typeId': 4, 'typeKey': 'groups'}",64cda8917a024f90988203171636850b,1500,2025-10-26T22:00:00.0,2025-10-27T00:00:00.0,2025-10-27T22:00:00.0,2025-10-28T00:00:00.0,86400000,,4576,1742,53788,26294,True,True,False,False,10,0,36.576,39.864,12.0,13.07874,150,10,43,129,59,61,GARMIN,19,82,12180,60120,10380,2100,84780,10080,1800,300.0,14.37,70.91,12.24,2.48,11.89,2.12,0.35,CALM,56640,26040,,44,122,64,59,94,36,41,59.0,94.0,3.0,,,,,,,40.0,55.0,"{'eventTimestampGmt': '2025-10-27T18:50:00', 'bodyBatteryLevel': 'HIGH', 'feedbackShortType': 'SLEEP_PREPARATION_RECOVERING_AND_EXERCISE', 'feedbackLongType': 'SLEEP_PREPARATION_RECOVERING_AND_EXERCISE'}","{'eventTimestampGmt': '2025-10-26T22:15:17', 'bodyBatteryLevel': 'HIGH', 'feedbackShortType': 'SLEEP_TIME_PASSED_RECOVERING_AND_EXERCISE', 'feedbackLongType': 'SLEEP_TIME_PASSED_RECOVERING_AND_EXERCISE'}","[{'eventType': 'SLEEP', 'eventStartTimeGmt': '2025-10-26T21:50:48', 'timezoneOffset': 7200000, 'durationInMilliseconds': 26820000, 'bodyBatteryImpact': 59, 'feedbackType': 'NONE', 'shortFeedback': 'NONE', 'deviceId': 3423864303, 'activityName': None, 'activityType': None, 'activityId': None, 'eventUpdateTimeGmt': '2025-10-27T05:18:14'}, {'eventType': 'RECOVERY', 'eventStartTimeGmt': '2025-10-27T07:23:34', 'timezoneOffset': 7200000, 'durationInMilliseconds': 3000000, 'bodyBatteryImpact': 0, 'feedbackType': 'RECOVERY_BODY_BATTERY_NOT_INCREASE', 'shortFeedback': 'RESTFUL_PERIOD', 'deviceId': 3423864303, 'activityName': None, 'activityType': None, 'activityId': None, 'eventUpdateTimeGmt': '2025-10-27T08:17:45'}, {'eventType': 'RECOVERY', 'eventStartTimeGmt': '2025-10-27T11:45:54', 'timezoneOffset': 7200000, 'durationInMilliseconds': 2100000, 'bodyBatteryImpact': -1, 'feedbackType': 'RECOVERY_BODY_BATTERY_NOT_INCREASE', 'shortFeedback': 'RESTFUL_PERIOD', 'deviceId': 3423864303, 'activityName': None, 'activityType': None, 'activityId': None, 'eventUpdateTimeGmt': '2025-10-27T12:24:23'}, {'eventType': 'ACTIVITY', 'eventStartTimeGmt': '2025-10-27T13:58:44', 'timezoneOffset': 7200000, 'durationInMilliseconds': 3540000, 'bodyBatteryImpact': -7, 'feedbackType': 'EXERCISE_TRAINING_EFFECT_BELOW_2', 'shortFeedback': 'EASY_RECOVERY', 'deviceId': 3423864303, 'activityName': 'Helsinki Walking', 'activityType': 'walking', 'activityId': 20812379465, 'eventUpdateTimeGmt': '2025-10-27T14:58:52'}]",14.0,23.0,7.0,17.0,2025-10-27T22:00:00.0,200,2025-10-27
5652846,2363.0,325.0,2038.0,2363.0,,,2825.0,7302,2500,6060,6060,325.0,2825.0,5652846,2025-10-28,"{'typeId': 4, 'typeKey': 'groups'}",a99e7c5da6f64a179f44d1195d0b87bb,1500,2025-10-27T22:00:00.0,2025-10-28T00:00:00.0,2025-10-28T22:00:00.0,2025-10-29T00:00:00.0,86400000,,4664,1871,56765,23100,True,True,False,False,0,0,18.288,19.02,6.0,6.24016,150,10,47,115,58,60,GARMIN,31,96,33780,35340,8460,1320,78900,22560,9720,1500.0,42.81,44.79,10.72,1.67,28.59,12.32,1.9,BALANCED,60060,17520,,51,112,52,72,91,21,21,50.0,91.0,3.0,,,,,,,44.0,36.0,"{'eventTimestampGmt': '2025-10-28T19:54:00', 'bodyBatteryLevel': 'MODERATE', 'feedbackShortType': 'SLEEP_PREPARATION_BALANCED_AND_EXERCISE', 'feedbackLongType': 'SLEEP_PREPARATION_BALANCED_AND_EXERCISE'}","{'eventTimestampGmt': '2025-10-28T21:34:06', 'bodyBatteryLevel': 'MODERATE', 'feedbackShortType': 'SLEEP_TIME_PASSED_BALANCED_AND_EXERCISE', 'feedbackLongType': 'SLEEP_TIME_PASSED_BALANCED_AND_EXERCISE'}","[{'eventType': 'SLEEP', 'eventStartTimeGmt': '2025-10-27T22:08:52', 'timezoneOffset': 7200000, 'durationInMilliseconds': 23100000, 'bodyBatteryImpact': 50, 'feedbackType': 'NONE', 'shortFeedback': 'NONE', 'deviceId': 3423864303, 'activityName': None, 'activityType': None, 'activityId': None, 'eventUpdateTimeGmt': '2025-10-28T04:36:37'}, {'eventType': 'RECOVERY', 'eventStartTimeGmt': '2025-10-28T08:02:37', 'timezoneOffset': 7200000, 'durationInMilliseconds': 1020000, 'bodyBatteryImpact': 2, 'feedbackType': 'RECOVERY_BODY_BATTERY_INCREASE', 'shortFeedback': 'BODY_BATTERY_RECHARGE', 'deviceId': 3423864303, 'activityName': None, 'activityType': None, 'activityId': None, 'eventUpdateTimeGmt': '2025-10-28T08:23:35'}, {'eventType': 'ACTIVITY', 'eventStartTimeGmt': '2025-10-28T13:53:52', 'timezoneOffset': 7200000, 'durationInMilliseconds': 1500000, 'bodyBatteryImpact': -3, 'feedbackType': 'NONE', 'shortFeedback': 'NONE', 'deviceId': 3423864303, 'activityName': 'Yoga', 'activityType': 'yoga', 'activityId': 20821609288, 'eventUpdateTimeGmt': '2025-10-28T14:19:26'}]",15.0,24.0,7.0,17.0,2025-10-28T22:00:00.0,200,2025-10-28
5652846,2909.0,871.0,2038.0,2909.0,,,3371.0,11763,2500,10522,10522,871.0,3371.0,5652846,2025-10-29,"{'typeId': 4, 'typeKey': 'groups'}",b73e52a22ca645f3ad95db11f25e3a17,1500,2025-10-28T22:00:00.0,2025-10-29T00:00:00.0,2025-10-29T22:00:00.0,2025-10-30T00:00:00.0,86400000,,6110,1434,56048,22808,True,True,False,False,46,27,257.994,271.889,84.6437,89.20243,150,10,54,184,59,60,GARMIN,30,99,29640,41700,6960,6120,84420,18960,7380,3300.0,35.11,49.4,8.24,7.25,22.46,8.74,3.91,BALANCED,55680,22620,,57,180,54,61,74,14,14,50.0,70.0,3.0,,,,,,,40.0,133.0,"{'eventTimestampGmt': '2025-10-29T20:46:06', 'bodyBatteryLevel': 'LOW', 'feedbackShortType': 'SLEEP_PREPARATION_RECOVERING_AND_INTENSIVE_EXERCISE', 'feedbackLongType': 'SLEEP_PREPARATION_RECOVERING_AND_INTENSIVE_EXERCISE_AND_BB_LOW'}","{'eventTimestampGmt': '2025-10-29T20:56:33', 'bodyBatteryLevel': 'LOW', 'feedbackShortType': 'SLEEP_TIME_PASSED_RECOVERING_AND_INTENSIVE_EXERCISE', 'feedbackLongType': 'SLEEP_TIME_PASSED_RECOVERING_AND_INTENSIVE_EXERCISE_AND_BB_LOW'}","[{'eventType': 'SLEEP', 'eventStartTimeGmt': '2025-10-28T22:10:26', 'timezoneOffset': 7200000, 'durationInMilliseconds': 20760000, 'bodyBatteryImpact': 50, 'feedbackType': 'NONE', 'shortFeedback': 'NONE', 'deviceId': 3423864303, 'activityName': None, 'activityType': None, 'activityId': None, 'eventUpdateTimeGmt': '2025-10-29T05:16:50'}, {'eventType': 'RECOVERY', 'eventStartTimeGmt': '2025-10-29T07:49:00', 'timezoneOffset': 7200000, 'durationInMilliseconds': 3840000, 'bodyBatteryImpact': 0, 'feedbackType': 'RECOVERY_LONG_BODY_BATTERY_NOT_INCREASE', 'shortFeedback': 'LONG_RESTFUL_PERIOD', 'deviceId': 3423864303, 'activityName': None, 'activityType': None, 'activityId': None, 'eventUpdateTimeGmt': '2025-10-29T08:56:09'}, {'eventType': 'ACTIVITY', 'eventStartTimeGmt': '2025-10-29T13:28:17', 'timezoneOffset': 7200000, 'durationInMilliseconds': 3720000, 'bodyBatteryImpact': -13, 'feedbackType': 'EXERCISE_TRAINING_EFFECT_3', 'shortFeedback': 'IMPROVING_LACTATE_THRESHOLD', 'deviceId': 3423864303, 'activityName': 'Helsinki Trail Running', 'activityType': 'trail_running', 'activityId': 20831691982, 'eventUpdateTimeGmt': '2025-10-29T14:30:46'}, {'eventType': 'ACTIVITY', 'eventStartTimeGmt': '2025-10-29T14:35:38', 'timezoneOffset': 7200000, 'durationInMilliseconds': 2040000, 'bodyBatteryImpact': -3, 'feedbackType': 'NONE', 'shortFeedback': 'NONE', 'deviceId': 3423864303, 'activityName': 'Yoga', 'activityType': 'yoga', 'activityId': 20832002502, 'eventUpdateTimeGmt': '2025-10-29T15:09:52'}]",16.0,42.0,7.0,17.0,2025-10-29T22:00:00.0,200,2025-10-29
5652846,2335.0,297.0,2038.0,2335.0,,,2797.0,6899,2500,5914,5914,297.0,2797.0,5652846,2025-10-30,"{'typeId': 4, 'typeKey': 'groups'}",3e13c48d3cd2484888474e66b7d2ee6e,1500,2025-10-29T22:00:00.0,2025-10-30T00:00:00.0,2025-10-30T22:00:00.0,2025-10-31T00:00:00.0,86400000,,3618,1187,66790,14805,True,True,False,False,11,0,30.48,26.694,10.0,8.75787,150,10,46,135,58,59,GARMIN,22,93,16200,56340,8460,1200,82200,14760,1020,420.0,19.71,68.54,10.29,1.46,17.96,1.24,0.51,CALM,67020,13980,,48,132,48,32,50,14,30,29.0,43.0,3.0,,,,,,,37.0,37.0,"{'eventTimestampGmt': '2025-10-30T18:50:00', 'bodyBatteryLevel': 'HIGH', 'feedbackShortType': 'SLEEP_PREPARATION_RECOVERING_AND_EXERCISE', 'feedbackLongType': 'SLEEP_PREPARATION_RECOVERING_AND_EXERCISE'}","{'eventTimestampGmt': '2025-10-30T19:01:04', 'bodyBatteryLevel': 'HIGH', 'feedbackShortType': 'SLEEP_TIME_PASSED_RECOVERING_AND_EXERCISE', 'feedbackLongType': 'SLEEP_TIME_PASSED_RECOVERING_AND_EXERCISE'}","[{'eventType': 'SLEEP', 'eventStartTimeGmt': '2025-10-29T21:25:52', 'timezoneOffset': 7200000, 'durationInMilliseconds': 16500000, 'bodyBatteryImpact': 30, 'feedbackType': 'NONE', 'shortFeedback': 'NONE', 'deviceId': 3423864303, 'activityName': None, 'activityType': None, 'activityId': None, 'eventUpdateTimeGmt': '2025-10-30T04:07:17'}, {'eventType': 'RECOVERY', 'eventStartTimeGmt': '2025-10-30T04:52:42', 'timezoneOffset': 7200000, 'durationInMilliseconds': 720000, 'bodyBatteryImpact': 2, 'feedbackType': 'RECOVERY_SHORT', 'shortFeedback': 'BODY_BATTERY_RECHARGE', 'deviceId': 3423864303, 'activityName': None, 'activityType': None, 'activityId': None, 'eventUpdateTimeGmt': '2025-10-30T05:07:30'}, {'eventType': 'RECOVERY', 'eventStartTimeGmt': '2025-10-30T07:42:07', 'timezoneOffset': 7200000, 'durationInMilliseconds': 3960000, 'bodyBatteryImpact': 4, 'feedbackType': 'RECOVERY_LONG_BODY_BATTERY_INCREASE', 'shortFeedback': 'LONG_RESTFUL_PERIOD', 'deviceId': 3423864303, 'activityName': None, 'activityType': None, 'activityId': None, 'eventUpdateTimeGmt': '2025-10-30T08:51:58'}, {'eventType': 'RECOVERY', 'eventStartTimeGmt': '2025-10-30T12:41:12', 'timezoneOffset': 7200000, 'durationInMilliseconds': 1020000, 'bodyBatteryImpact': 2, 'feedbackType': 'RECOVERY_BODY_BATTERY_INCREASE', 'shortFeedback': 'BODY_BATTERY_RECHARGE', 'deviceId': 3423864303, 'activityName': None, 'activityType': None, 'activityId': None, 'eventUpdateTimeGmt': '2025-10-30T13:01:32'}, {'eventType': 'ACTIVITY', 'eventStartTimeGmt': '2025-10-30T13:24:01', 'timezoneOffset': 7200000, 'durationInMilliseconds': 1500000, 'bodyBatteryImpact': -3, 'feedbackType': 'EXERCISE_TRAINING_EFFECT_BELOW_2', 'shortFeedback': 'EASY_RECOVERY', 'deviceId': 3423864303, 'activityName': 'Helsinki Walking', 'activityType': 'walking', 'activityId': 20841799825, 'eventUpdateTimeGmt': '2025-10-30T13:50:07'}, {'eventType': 'RECOVERY', 'eventStartTimeGmt': '2025-10-30T13:58:52', 'timezoneOffset': 7200000, 'durationInMilliseconds': 3900000, 'bodyBatteryImpact': 4, 'feedbackType': 'RECOVERY_LONG_BODY_BATTERY_INCREASE', 'shortFeedback': 'LONG_RESTFUL_PERIOD', 'deviceId': 3423864303, 'activityName': None, 'activityType': None, 'activityId': None, 'eventUpdateTimeGmt': '2025-10-30T15:06:40'}]",15.0,23.0,7.0,16.0,2025-10-30T21:59:00.0,200,2025-10-30
5652846,2447.0,409.0,2038.0,2447.0,,,2909.0,9045,2500,7631,7631,409.0,2909.0,5652846,2025-10-31,"{'typeId': 4, 'typeKey': 'groups'}",3dfcece0895a435495899f45b1bd35bb,1500,2025-10-30T22:00:00.0,2025-10-31T00:00:00.0,2025-10-31T22:00:00.0,2025-11-01T00:00:00.0,86400000,,4016,2343,54354,25687,True,True,False,False,3,0,44.006,46.705,14.43766,15.32316,150,10,52,119,57,59,GARMIN,29,95,30600,38160,14160,1260,84180,19080,10080,1440.0,36.35,45.33,16.82,1.5,22.67,11.97,1.71,BALANCED,57540,25380,,53,115,66,78,96,18,18,66.0,96.0,3.0,,,,,,,33.0,41.0,"{'eventTimestampGmt': '2025-10-31T18:50:01', 'bodyBatteryLevel': 'MODERATE', 'feedbackShortType': 'SLEEP_PREPARATION_BALANCED_AND_EXERCISE', 'feedbackLongType': 'SLEEP_PREPARATION_BALANCED_AND_EXERCISE'}",,"[{'eventType': 'SLEEP', 'eventStartTimeGmt': '2025-10-30T21:54:07', 'timezoneOffset': 7200000, 'durationInMilliseconds': 26040000, 'bodyBatteryImpact': 66, 'feedbackType': 'NONE', 'shortFeedback': 'NONE', 'deviceId': 3423864303, 'activityName': None, 'activityType': None, 'activityId': None, 'eventUpdateTimeGmt': '2025-10-31T05:13:31'}, {'eventType': 'ACTIVITY', 'eventStartTimeGmt': '2025-10-31T13:30:38', 'timezoneOffset': 7200000, 'durationInMilliseconds': 1740000, 'bodyBatteryImpact': -3, 'feedbackType': 'EXERCISE_TRAINING_EFFECT_BELOW_2', 'shortFeedback': 'EASY_RECOVERY', 'deviceId': 3423864303, 'activityName': None, 'activityType': None, 'activityId': None, 'eventUpdateTimeGmt': '2025-10-31T13:59:55'}]",15.0,24.0,8.0,15.0,2025-10-31T22:00:00.0,200,2025-10-31
5652846,3449.0,1411.0,2038.0,3449.0,,,3911.0,24116,2500,20342,20342,1411.0,3911.0,5652846,2025-11-01,"{'typeId': 4, 'typeKey': 'groups'}",22ed1d8715f14c3683ee2ee9eeaf7f59,1500,2025-10-31T22:00:00.0,2025-11-01T00:00:00.0,2025-11-01T22:00:00.0,2025-11-02T00:00:00.0,86400000,,7369,7842,48509,22680,True,True,False,False,50,25,282.635,286.657,92.72802,94.04757,150,10,60,204,63,59,GARMIN,42,98,48780,9300,15000,10500,83580,31200,14820,2760.0,58.36,11.13,17.95,12.56,37.33,17.73,3.3,VERY_STRESSFUL,50400,22680,,63,204,21,34,35,5,5,21.0,35.0,3.0,1.0,,,,,,27.0,93.0,"{'eventTimestampGmt': '2025-11-01T19:29:47', 'bodyBatteryLevel': 'VERY_LOW', 'feedbackShortType': 'SLEEP_PREPARATION_BALANCED_AND_INTENSIVE_EXERCISE', 'feedbackLongType': 'SLEEP_PREPARATION_BALANCED_AND_INTENSIVE_EXERCISE_AND_BB_LOW_MORNING_AND_NOW'}","{'eventTimestampGmt': '2025-11-01T02:09:11', 'bodyBatteryLevel': 'HIGH', 'feedbackShortType': 'SLEEP_TIME_PASSED_BALANCED_AND_INACTIVE', 'feedbackLongType': 'SLEEP_TIME_PASSED_BALANCED_AND_INACTIVE'}","[{'eventType': 'SLEEP', 'eventStartTimeGmt': '2025-10-31T23:23:55', 'timezoneOffset': 7200000, 'durationInMilliseconds': 22680000, 'bodyBatteryImpact': 21, 'feedbackType': 'NONE', 'shortFeedback': 'NONE', 'deviceId': 3423864303, 'activityName': None, 'activityType': None, 'activityId': None, 'eventUpdateTimeGmt': '2025-11-01T05:57:43'}, {'eventType': 'ACTIVITY', 'eventStartTimeGmt': '2025-11-01T08:30:55', 'timezoneOffset': 7200000, 'durationInMilliseconds': 3900000, 'bodyBatteryImpact': -9, 'feedbackType': 'EXERCISE_TRAINING_EFFECT_3', 'shortFeedback': 'IMPROVING_TEMPO', 'deviceId': 3423864303, 'activityName': 'Helsinki Trail Running', 'activityType': 'trail_running', 'activityId': 20857548482, 'eventUpdateTimeGmt': '2025-11-01T09:38:35'}]",18.0,38.0,8.0,22.0,2025-11-01T22:00:00.0,200,2025-11-01
5652846,2904.0,866.0,2038.0,2904.0,,,3366.0,15632,2500,13981,13981,866.0,3366.0,5652846,2025-11-02,"{'typeId': 4, 'typeKey': 'groups'}",45677f851e4e4c4499a5458452439c4c,1500,2025-11-01T22:00:00.0,2025-11-02T00:00:00.0,2025-11-02T22:00:00.0,2025-11-03T00:00:00.0,86400000,,6433,3384,49583,27000,True,True,False,False,22,34,52.365,41.809,17.18012,13.71686,150,10,55,198,62,59,GARMIN,26,93,23760,41040,11400,9600,85800,18660,3720,1380.0,27.69,47.83,13.29,11.19,21.75,4.34,1.61,BALANCED,50280,25920,,55,179,48,30,47,5,23,42.0,47.0,3.0,,,,,,,56.0,69.0,"{'eventTimestampGmt': '2025-11-02T19:54:24', 'bodyBatteryLevel': 'MODERATE', 'feedbackShortType': 'SLEEP_PREPARATION_RECOVERING_AND_INTENSIVE_EXERCISE', 'feedbackLongType': 'SLEEP_PREPARATION_RECOVERING_AND_INTENSIVE_EXERCISE'}","{'eventTimestampGmt': '2025-11-02T01:35:52', 'bodyBatteryLevel': 'MODERATE', 'feedbackShortType': 'SLEEP_TIME_PASSED_BALANCED_AND_INACTIVE', 'feedbackLongType': 'SLEEP_TIME_PASSED_BALANCED_AND_INACTIVE'}","[{'eventType': 'SLEEP', 'eventStartTimeGmt': '2025-11-01T22:43:35', 'timezoneOffset': 7200000, 'durationInMilliseconds': 27000000, 'bodyBatteryImpact': 42, 'feedbackType': 'NONE', 'shortFeedback': 'NONE', 'deviceId': 3423864303, 'activityName': None, 'activityType': None, 'activityId': None, 'eventUpdateTimeGmt': '2025-11-02T06:13:46'}, {'eventType': 'ACTIVITY', 'eventStartTimeGmt': '2025-11-02T10:15:25', 'timezoneOffset': 7200000, 'durationInMilliseconds': 3180000, 'bodyBatteryImpact': -11, 'feedbackType': 'EXERCISE_TRAINING_EFFECT_4_GOOD_TIMING', 'shortFeedback': 'HIGHLY_IMPROVING_VO2MAX', 'deviceId': 3423864303, 'activityName': 'Indoor Running', 'activityType': 'indoor_running', 'activityId': 20868102119, 'eventUpdateTimeGmt': '2025-11-02T11:10:46'}, {'eventType': 'RECOVERY', 'eventStartTimeGmt': '2025-11-02T15:56:56', 'timezoneOffset': 7200000, 'durationInMilliseconds': 3600000, 'bodyBatteryImpact': 0, 'feedbackType': 'RECOVERY_LONG_BODY_BATTERY_NOT_INCREASE', 'shortFeedback': 'LONG_RESTFUL_PERIOD', 'deviceId': 3423864303, 'activityName': None, 'activityType': None, 'activityId': None, 'eventUpdateTimeGmt': '2025-11-02T17:01:50'}]",15.0,41.0,6.0,19.0,2025-11-02T21:59:00.0,200,2025-11-02
5652846,2370.0,332.0,2038.0,2370.0,,,2832.0,6966,2500,5882,5882,332.0,2832.0,5652846,2025-11-03,"{'typeId': 4, 'typeKey': 'groups'}",b188801216354122ace331cc09479205,1500,2025-11-02T22:00:00.0,2025-11-03T00:00:00.0,2025-11-03T22:00:00.0,2025-11-04T00:00:00.0,86400000,,3668,558,55249,26925,True,True,False,False,8,0,36.723,46.521,12.04823,15.2628,150,10,50,123,59,59,GARMIN,19,96,12420,63840,7320,1800,85380,10620,1320,480.0,14.55,74.77,8.57,2.11,12.44,1.55,0.56,CALM,58620,24960,,52,120,69,49,85,23,43,62.0,85.0,3.0,,,,,,,42.0,77.0,"{'eventTimestampGmt': '2025-11-03T18:50:01', 'bodyBatteryLevel': 'HIGH', 'feedbackShortType': 'SLEEP_PREPARATION_RECOVERING_AND_EXERCISE', 'feedbackLongType': 'SLEEP_PREPARATION_RECOVERING_AND_EXERCISE'}","{'eventTimestampGmt': '2025-11-02T22:47:02', 'bodyBatteryLevel': 'HIGH', 'feedbackShortType': 'SLEEP_TIME_PASSED_RECOVERING_AND_INTENSIVE_EXERCISE', 'feedbackLongType': 'SLEEP_TIME_PASSED_RECOVERING_AND_INTENSIVE_EXERCISE'}","[{'eventType': 'SLEEP', 'eventStartTimeGmt': '2025-11-02T22:11:46', 'timezoneOffset': 7200000, 'durationInMilliseconds': 25320000, 'bodyBatteryImpact': 62, 'feedbackType': 'NONE', 'shortFeedback': 'NONE', 'deviceId': 3423864303, 'activityName': None, 'activityType': None, 'activityId': None, 'eventUpdateTimeGmt': '2025-11-03T05:14:31'}, {'eventType': 'RECOVERY', 'eventStartTimeGmt': '2025-11-03T08:13:16', 'timezoneOffset': 7200000, 'durationInMilliseconds': 4560000, 'bodyBatteryImpact': 1, 'feedbackType': 'RECOVERY_LONG_BODY_BATTERY_INCREASE', 'shortFeedback': 'LONG_RESTFUL_PERIOD', 'deviceId': 3423864303, 'activityName': None, 'activityType': None, 'activityId': None, 'eventUpdateTimeGmt': '2025-11-03T09:32:37'}, {'eventType': 'ACTIVITY', 'eventStartTimeGmt': '2025-11-03T13:24:40', 'timezoneOffset': 7200000, 'durationInMilliseconds': 1800000, 'bodyBatteryImpact': -5, 'feedbackType': 'EXERCISE_TRAINING_EFFECT_BELOW_2', 'shortFeedback': 'EASY_RECOVERY', 'deviceId': 3423864303, 'activityName': 'Helsinki Walking', 'activityType': 'walking', 'activityId': 20879107350, 'eventUpdateTimeGmt': '2025-11-03T13:56:26'}, {'eventType': 'ACTIVITY', 'eventStartTimeGmt': '2025-11-03T14:07:03', 'timezoneOffset': 7200000, 'durationInMilliseconds': 1440000, 'bodyBatteryImpact': -3, 'feedbackType': 'NONE', 'shortFeedback': 'NONE', 'deviceId': 3423864303, 'activityName': 'Yoga', 'activityType': 'yoga', 'activityId': 20879391481, 'eventUpdateTimeGmt': '2025-11-03T14:31:20'}, {'eventType': 'NAP', 'eventStartTimeGmt': '2025-11-03T15:18:20', 'timezoneOffset': 7200000, 'durationInMilliseconds': 1560000, 'bodyBatteryImpact': 4, 'feedbackType': 'NAP_RECOVERING_BODY_BATTERY_INCREASE', 'shortFeedback': 'RESTFUL_NAP', 'deviceId': 3423864303, 'activityName': None, 'activityType': None, 'activityId': None, 'eventUpdateTimeGmt': '2025-11-03T16:02:30'}]",14.0,24.0,7.0,22.0,2025-11-03T22:00:00.0,200,2025-11-03
5652846,2570.0,532.0,2038.0,2570.0,,,3032.0,8347,2500,7212,7212,532.0,3032.0,5652846,2025-11-04,"{'typeId': 4, 'typeKey': 'groups'}",53f507b281ae4a81a843642d17692ead,1500,2025-11-03T22:00:00.0,2025-11-04T00:00:00.0,2025-11-04T22:00:00.0,2025-11-05T00:00:00.0,86400000,,4790,1401,53968,26241,True,True,False,False,20,8,30.48,31.409,10.0,10.30479,150,10,49,169,60,60,GARMIN,25,94,22380,44040,7740,11160,85320,17460,3420,1500.0,26.23,51.62,9.07,13.08,20.46,4.01,1.76,BALANCED,48180,25980,,53,168,44,69,83,18,18,41.0,83.0,3.0,,,,,,,34.0,67.0,"{'eventTimestampGmt': '2025-11-04T18:50:00', 'bodyBatteryLevel': 'MODERATE', 'feedbackShortType': 'SLEEP_PREPARATION_RECOVERING_AND_EXERCISE', 'feedbackLongType': 'SLEEP_PREPARATION_RECOVERING_AND_EXERCISE'}","{'eventTimestampGmt': '2025-11-03T22:14:49', 'bodyBatteryLevel': 'HIGH', 'feedbackShortType': 'SLEEP_TIME_PASSED_RECOVERING_AND_EXERCISE', 'feedbackLongType': 'SLEEP_TIME_PASSED_RECOVERING_AND_EXERCISE'}","[{'eventType': 'SLEEP', 'eventStartTimeGmt': '2025-11-03T22:21:20', 'timezoneOffset': 7200000, 'durationInMilliseconds': 25260000, 'bodyBatteryImpact': 40, 'feedbackType': 'NONE', 'shortFeedback': 'NONE', 'deviceId': 3423864303, 'activityName': None, 'activityType': None, 'activityId': None, 'eventUpdateTimeGmt': '2025-11-04T05:23:11'}, {'eventType': 'ACTIVITY', 'eventStartTimeGmt': '2025-11-04T13:29:38', 'timezoneOffset': 7200000, 'durationInMilliseconds': 1440000, 'bodyBatteryImpact': -5, 'feedbackType': 'EXERCISE_TRAINING_EFFECT_2', 'shortFeedback': 'MAINTAINING_AEROBIC', 'deviceId': 3423864303, 'activityName': 'Helsinki - Benchmark Run', 'activityType': 'running', 'activityId': 20889630380, 'eventUpdateTimeGmt': '2025-11-04T13:54:11'}, {'eventType': 'ACTIVITY', 'eventStartTimeGmt': '2025-11-04T14:07:09', 'timezoneOffset': 7200000, 'durationInMilliseconds': 1380000, 'bodyBatteryImpact': -3, 'feedbackType': 'NONE', 'shortFeedback': 'NONE', 'deviceId': 3423864303, 'activityName': 'Yoga', 'activityType': 'yoga', 'activityId': 20889632202, 'eventUpdateTimeGmt': '2025-11-04T14:30:30'}]",15.0,37.0,7.0,20.0,2025-11-04T22:00:00.0,200,2025-11-04
5652846,2408.0,370.0,2038.0,2408.0,,,2870.0,8613,2500,7152,7152,370.0,2870.0,5652846,2025-11-05,"{'typeId': 4, 'typeKey': 'groups'}",fa8b46777e8145cdba30033b162455cc,1500,2025-11-04T22:00:00.0,2025-11-05T00:00:00.0,2025-11-05T22:00:00.0,2025-11-06T00:00:00.0,86400000,,3739,3405,57002,22254,True,True,False,False,0,0,33.743,45.383,11.07054,14.88944,150,10,52,123,60,60,GARMIN,24,93,22560,51180,9120,2760,85620,19080,2940,540.0,26.35,59.78,10.65,3.22,22.28,3.43,0.63,BALANCED,61860,21000,,54,117,66,50,75,17,34,53.0,71.0,3.0,,,,,,,45.0,29.0,"{'eventTimestampGmt': '2025-11-05T18:50:00', 'bodyBatteryLevel': 'HIGH', 'feedbackShortType': 'SLEEP_PREPARATION_RECOVERING_AND_INACTIVE', 'feedbackLongType': 'SLEEP_PREPARATION_RECOVERING_AND_INACTIVE'}","{'eventTimestampGmt': '2025-11-05T20:51:45', 'bodyBatteryLevel': 'HIGH', 'feedbackShortType': 'SLEEP_TIME_PASSED_RECOVERING_AND_INACTIVE', 'feedbackLongType': 'SLEEP_TIME_PASSED_RECOVERING_AND_INACTIVE'}","[{'eventType': 'SLEEP', 'eventStartTimeGmt': '2025-11-04T21:44:30', 'timezoneOffset': 7200000, 'durationInMilliseconds': 22020000, 'bodyBatteryImpact': 54, 'feedbackType': 'NONE', 'shortFeedback': 'NONE', 'deviceId': 3423864303, 'activityName': None, 'activityType': None, 'activityId': None, 'eventUpdateTimeGmt': '2025-11-05T04:54:24'}, {'eventType': 'RECOVERY', 'eventStartTimeGmt': '2025-11-05T07:47:04', 'timezoneOffset': 7200000, 'durationInMilliseconds': 2100000, 'bodyBatteryImpact': 0, 'feedbackType': 'RECOVERY_BODY_BATTERY_NOT_INCREASE', 'shortFeedback': 'RESTFUL_PERIOD', 'deviceId': 3423864303, 'activityName': None, 'activityType': None, 'activityId': None, 'eventUpdateTimeGmt': '2025-11-05T08:27:00'}, {'eventType': 'RECOVERY', 'eventStartTimeGmt': '2025-11-05T08:44:34', 'timezoneOffset': 7200000, 'durationInMilliseconds': 2340000, 'bodyBatteryImpact': 3, 'feedbackType': 'RECOVERY_BODY_BATTERY_INCREASE', 'shortFeedback': 'BODY_BATTERY_RECHARGE', 'deviceId': 3423864303, 'activityName': None, 'activityType': None, 'activityId': None, 'eventUpdateTimeGmt': '2025-11-05T09:26:33'}, {'eventType': 'ACTIVITY', 'eventStartTimeGmt': '2025-11-05T18:05:50', 'timezoneOffset': 7200000, 'durationInMilliseconds': 1200000, 'bodyBatteryImpact': -1, 'feedbackType': 'NONE', 'shortFeedback': 'NONE', 'deviceId': 3423864303, 'activityName': 'Yoga', 'activityType': 'yoga', 'activityId': 20902715704, 'eventUpdateTimeGmt': '2025-11-05T18:26:36'}]",14.0,22.0,6.0,17.0,2025-11-05T22:00:00.0,200,2025-11-05
5652846,2494.0,456.0,2038.0,2494.0,,,2956.0,10259,2500,9424,9424,456.0,2956.0,5652846,2025-11-06,"{'typeId': 4, 'typeKey': 'groups'}",279a872dd20741c89fded4f9369caa66,1500,2025-11-05T22:00:00.0,2025-11-06T00:00:00.0,2025-11-06T22:00:00.0,2025-11-07T00:00:00.0,86400000,,5083,961,53320,27036,True,True,False,False,15,0,51.816,61.344,17.0,20.12598,150,10,51,130,56,60,GARMIN,23,97,21660,52140,8220,3660,85680,16260,4140,1260.0,25.28,60.85,9.59,4.27,18.98,4.83,1.47,BALANCED,55140,26880,,53,125,70,66,100,34,38,67.0,100.0,3.0,,,,,,,33.0,42.0,"{'eventTimestampGmt': '2025-11-06T18:50:01', 'bodyBatteryLevel': 'HIGH', 'feedbackShortType': 'SLEEP_PREPARATION_RECOVERING_AND_EXERCISE', 'feedbackLongType': 'SLEEP_PREPARATION_RECOVERING_AND_EXERCISE'}",,"[{'eventType': 'SLEEP', 'eventStartTimeGmt': '2025-11-05T21:40:36', 'timezoneOffset': 7200000, 'durationInMilliseconds': 28200000, 'bodyBatteryImpact': 68, 'feedbackType': 'NONE', 'shortFeedback': 'NONE', 'deviceId': 3423864303, 'activityName': None, 'activityType': None, 'activityId': None, 'eventUpdateTimeGmt': '2025-11-06T05:30:52'}, {'eventType': 'ACTIVITY', 'eventStartTimeGmt': '2025-11-06T14:01:14', 'timezoneOffset': 7200000, 'durationInMilliseconds': 2100000, 'bodyBatteryImpact': -3, 'feedbackType': 'EXERCISE_TRAINING_EFFECT_BELOW_2', 'shortFeedback': 'EASY_RECOVERY', 'deviceId': 3423864303, 'activityName': 'Helsinki Walking', 'activityType': 'walking', 'activityId': 20910130223, 'eventUpdateTimeGmt': '2025-11-06T14:37:58'}, {'eventType': 'RECOVERY', 'eventStartTimeGmt': '2025-11-06T15:40:58', 'timezoneOffset': 7200000, 'durationInMilliseconds': 1620000, 'bodyBatteryImpact': 2, 'feedbackType': 'RECOVERY_BODY_BATTERY_INCREASE', 'shortFeedback': 'BODY_BATTERY_RECHARGE', 'deviceId': 3423864303, 'activityName': None, 'activityType': None, 'activityId': None, 'eventUpdateTimeGmt': '2025-11-06T16:15:10'}]",14.0,25.0,6.0,11.0,2025-11-06T21:28:00.0,200,2025-11-06
5652846,2615.0,577.0,2038.0,2615.0,,,3077.0,10503,2500,9114,9114,577.0,3077.0,5652846,2025-11-07,"{'typeId': 4, 'typeKey': 'groups'}",e51572b3fda64bc392db0db38ed09c48,1500,2025-11-06T22:00:00.0,2025-11-07T00:00:00.0,2025-11-07T22:00:00.0,2025-11-08T00:00:00.0,86400000,,6491,1328,58541,20040,True,True,False,False,25,2,34.751,54.735,11.40125,17.95768,150,10,46,169,59,60,GARMIN,26,96,25380,48180,8400,4140,86100,19860,3420,2100.0,29.48,55.96,9.76,4.81,23.07,3.97,2.44,BALANCED,62280,19680,,50,164,52,65,85,25,25,44.0,80.0,3.0,,,,,,,33.0,76.0,"{'eventTimestampGmt': '2025-11-07T18:50:01', 'bodyBatteryLevel': 'HIGH', 'feedbackShortType': 'SLEEP_PREPARATION_RECOVERING_AND_EXERCISE', 'feedbackLongType': 'SLEEP_PREPARATION_RECOVERING_AND_EXERCISE'}","{'eventTimestampGmt': '2025-11-07T21:09:23', 'bodyBatteryLevel': 'HIGH', 'feedbackShortType': 'SLEEP_TIME_PASSED_RECOVERING_AND_EXERCISE', 'feedbackLongType': 'SLEEP_TIME_PASSED_RECOVERING_AND_EXERCISE'}","[{'eventType': 'SLEEP', 'eventStartTimeGmt': '2025-11-06T22:34:58', 'timezoneOffset': 7200000, 'durationInMilliseconds': 20040000, 'bodyBatteryImpact': 44, 'feedbackType': 'NONE', 'shortFeedback': 'NONE', 'deviceId': 3423864303, 'activityName': None, 'activityType': None, 'activityId': None, 'eventUpdateTimeGmt': '2025-11-07T05:07:31'}, {'eventType': 'RECOVERY', 'eventStartTimeGmt': '2025-11-07T07:16:31', 'timezoneOffset': 7200000, 'durationInMilliseconds': 1800000, 'bodyBatteryImpact': -1, 'feedbackType': 'RECOVERY_BODY_BATTERY_NOT_INCREASE', 'shortFeedback': 'RESTFUL_PERIOD', 'deviceId': 3423864303, 'activityName': None, 'activityType': None, 'activityId': None, 'eventUpdateTimeGmt': '2025-11-07T07:49:10'}, {'eventType': 'RECOVERY', 'eventStartTimeGmt': '2025-11-07T07:54:06', 'timezoneOffset': 7200000, 'durationInMilliseconds': 3960000, 'bodyBatteryImpact': 3, 'feedbackType': 'RECOVERY_LONG_BODY_BATTERY_INCREASE', 'shortFeedback': 'LONG_RESTFUL_PERIOD', 'deviceId': 3423864303, 'activityName': None, 'activityType': None, 'activityId': None, 'eventUpdateTimeGmt': '2025-11-07T09:03:15'}, {'eventType': 'ACTIVITY', 'eventStartTimeGmt': '2025-11-07T13:10:04', 'timezoneOffset': 7200000, 'durationInMilliseconds': 1740000, 'bodyBatteryImpact': -6, 'feedbackType': 'EXERCISE_TRAINING_EFFECT_2', 'shortFeedback': 'MAINTAINING_AEROBIC', 'deviceId': 3423864303, 'activityName': 'Helsinki - Drill Workout', 'activityType': 'running', 'activityId': 20919142510, 'eventUpdateTimeGmt': '2025-11-07T13:40:15'}, {'eventType': 'ACTIVITY', 'eventStartTimeGmt': '2025-11-07T13:44:58', 'timezoneOffset': 7200000, 'durationInMilliseconds': 1500000, 'bodyBatteryImpact': -4, 'feedbackType': 'NONE', 'shortFeedback': 'NONE', 'deviceId': 3423864303, 'activityName': None, 'activityType': None, 'activityId': None, 'eventUpdateTimeGmt': '2025-11-07T14:10:06'}]",15.0,35.0,7.0,21.0,2025-11-07T22:00:00.0,200,2025-11-07
5652846,2584.0,546.0,2038.0,2584.0,,,3046.0,12100,2500,10151,10151,546.0,3046.0,5652846,2025-11-08,"{'typeId': 4, 'typeKey': 'groups'}",a63d81cb2e754e76962fff322bf80a10,1500,2025-11-07T22:00:00.0,2025-11-08T00:00:00.0,2025-11-08T22:00:00.0,2025-11-09T00:00:00.0,86400000,,6221,1252,57087,21840,True,True,False,False,42,2,146.304,149.048,48.0,48.90026,150,10,53,159,60,59,GARMIN,25,93,23160,47580,12660,1800,85200,18120,4620,420.0,27.18,55.85,14.86,2.11,21.27,5.42,0.49,BALANCED,62040,21360,,56,157,60,59,81,24,26,53.0,79.0,3.0,,,,,,,35.0,85.0,"{'eventTimestampGmt': '2025-11-08T18:50:00', 'bodyBatteryLevel': 'HIGH', 'feedbackShortType': 'SLEEP_PREPARATION_RECOVERING_AND_EXERCISE', 'feedbackLongType': 'SLEEP_PREPARATION_RECOVERING_AND_EXERCISE'}","{'eventTimestampGmt': '2025-11-07T22:32:09', 'bodyBatteryLevel': 'HIGH', 'feedbackShortType': 'SLEEP_TIME_PASSED_RECOVERING_AND_EXERCISE', 'feedbackLongType': 'SLEEP_TIME_PASSED_RECOVERING_AND_EXERCISE'}","[{'eventType': 'SLEEP', 'eventStartTimeGmt': '2025-11-07T23:19:06', 'timezoneOffset': 7200000, 'durationInMilliseconds': 21840000, 'bodyBatteryImpact': 53, 'feedbackType': 'NONE', 'shortFeedback': 'NONE', 'deviceId': 3423864303, 'activityName': None, 'activityType': None, 'activityId': None, 'eventUpdateTimeGmt': '2025-11-08T05:52:42'}, {'eventType': 'ACTIVITY', 'eventStartTimeGmt': '2025-11-08T11:07:54', 'timezoneOffset': 7200000, 'durationInMilliseconds': 3600000, 'bodyBatteryImpact': -7, 'feedbackType': 'EXERCISE_TRAINING_EFFECT_2', 'shortFeedback': 'MAINTAINING_AEROBIC_BASE', 'deviceId': 3423864303, 'activityName': 'Helsinki Walking', 'activityType': 'walking', 'activityId': 20927845831, 'eventUpdateTimeGmt': '2025-11-08T12:08:51'}, {'eventType': 'RECOVERY', 'eventStartTimeGmt': '2025-11-08T12:58:51', 'timezoneOffset': 7200000, 'durationInMilliseconds': 1380000, 'bodyBatteryImpact': 3, 'feedbackType': 'RECOVERY_BODY_BATTERY_INCREASE', 'shortFeedback': 'BODY_BATTERY_RECHARGE', 'deviceId': 3423864303, 'activityName': None, 'activityType': None, 'activityId': None, 'eventUpdateTimeGmt': '2025-11-08T13:39:00'}]",15.0,22.0,8.0,11.0,2025-11-08T22:00:00.0,200,2025-11-08
5652846,3333.0,1295.0,2038.0,3333.0,,,3795.0,19238,2500,16056,16056,1295.0,3795.0,5652846,2025-11-09,"{'typeId': 4, 'typeKey': 'groups'}",2a3dcc73b2494669bdc68ada74aac3d1,1500,2025-11-08T22:00:00.0,2025-11-09T00:00:00.0,2025-11-09T22:00:00.0,2025-11-10T00:00:00.0,86400000,,9020,2455,51285,23640,True,True,False,False,82,27,275.76,281.595,90.47244,92.38681,150,10,52,180,58,59,GARMIN,28,96,23580,43800,8700,9480,85560,15420,4800,3360.0,27.56,51.19,10.17,11.08,18.02,5.61,3.93,BALANCED,52620,23460,,55,172,58,67,84,17,17,57.0,83.0,3.0,,,,,,,38.0,144.0,"{'eventTimestampGmt': '2025-11-09T21:40:24', 'bodyBatteryLevel': 'MODERATE', 'feedbackShortType': 'SLEEP_PREPARATION_BALANCED_AND_INTENSIVE_EXERCISE', 'feedbackLongType': 'SLEEP_PREPARATION_BALANCED_AND_INTENSIVE_EXERCISE'}","{'eventTimestampGmt': '2025-11-08T22:15:13', 'bodyBatteryLevel': 'HIGH', 'feedbackShortType': 'SLEEP_TIME_PASSED_RECOVERING_AND_EXERCISE', 'feedbackLongType': 'SLEEP_TIME_PASSED_RECOVERING_AND_EXERCISE'}","[{'eventType': 'SLEEP', 'eventStartTimeGmt': '2025-11-08T23:04:51', 'timezoneOffset': 7200000, 'durationInMilliseconds': 23640000, 'bodyBatteryImpact': 57, 'feedbackType': 'NONE', 'shortFeedback': 'NONE', 'deviceId': 3423864303, 'activityName': None, 'activityType': None, 'activityId': None, 'eventUpdateTimeGmt': '2025-11-09T05:39:24'}, {'eventType': 'ACTIVITY', 'eventStartTimeGmt': '2025-11-09T09:14:32', 'timezoneOffset': 7200000, 'durationInMilliseconds': 6120000, 'bodyBatteryImpact': -21, 'feedbackType': 'EXERCISE_TRAINING_EFFECT_3', 'shortFeedback': 'IMPROVING_TEMPO', 'deviceId': 3423864303, 'activityName': 'Espoo - Run Walk Run®', 'activityType': 'trail_running', 'activityId': 20936888827, 'eventUpdateTimeGmt': '2025-11-09T10:57:45'}]",17.0,41.0,7.0,14.0,2025-11-09T22:00:00.0,200,2025-11-09
5652846,2506.0,468.0,2038.0,2506.0,,,2968.0,10150,2500,8790,8790,468.0,2968.0,5652846,2025-11-10,"{'typeId': 4, 'typeKey': 'groups'}",8bd97f70814e4edd940c037bd676599c,1500,2025-11-09T22:00:00.0,2025-11-10T00:00:00.0,2025-11-10T22:00:00.0,2025-11-11T00:00:00.0,86400000,,5469,648,56782,23501,True,True,False,False,25,0,41.237,49.199,13.5292,16.1414,150,10,51,125,61,59,GARMIN,22,93,17040,57420,10200,1620,86280,14880,1980,180.0,19.75,66.55,11.82,1.88,17.25,2.29,0.21,CALM,61320,23340,,55,124,61,45,70,17,33,53.0,70.0,3.0,,,,,,,37.0,71.0,"{'eventTimestampGmt': '2025-11-10T18:50:00', 'bodyBatteryLevel': 'HIGH', 'feedbackShortType': 'SLEEP_PREPARATION_RECOVERING_AND_EXERCISE', 'feedbackLongType': 'SLEEP_PREPARATION_RECOVERING_AND_EXERCISE'}","{'eventTimestampGmt': '2025-11-09T23:54:57', 'bodyBatteryLevel': 'HIGH', 'feedbackShortType': 'SLEEP_TIME_PASSED_BALANCED_AND_INTENSIVE_EXERCISE', 'feedbackLongType': 'SLEEP_TIME_PASSED_BALANCED_AND_INTENSIVE_EXERCISE'}","[{'eventType': 'SLEEP', 'eventStartTimeGmt': '2025-11-09T22:48:45', 'timezoneOffset': 7200000, 'durationInMilliseconds': 23460000, 'bodyBatteryImpact': 52, 'feedbackType': 'NONE', 'shortFeedback': 'NONE', 'deviceId': 3423864303, 'activityName': None, 'activityType': None, 'activityId': None, 'eventUpdateTimeGmt': '2025-11-10T05:20:26'}, {'eventType': 'RECOVERY', 'eventStartTimeGmt': '2025-11-10T08:27:06', 'timezoneOffset': 7200000, 'durationInMilliseconds': 4740000, 'bodyBatteryImpact': 3, 'feedbackType': 'RECOVERY_LONG_BODY_BATTERY_INCREASE', 'shortFeedback': 'LONG_RESTFUL_PERIOD', 'deviceId': 3423864303, 'activityName': None, 'activityType': None, 'activityId': None, 'eventUpdateTimeGmt': '2025-11-10T09:50:14'}, {'eventType': 'ACTIVITY', 'eventStartTimeGmt': '2025-11-10T13:29:20', 'timezoneOffset': 7200000, 'durationInMilliseconds': 3060000, 'bodyBatteryImpact': -7, 'feedbackType': 'EXERCISE_TRAINING_EFFECT_2', 'shortFeedback': 'MAINTAINING_AEROBIC_BASE', 'deviceId': 3423864303, 'activityName': 'Helsinki Walking', 'activityType': 'walking', 'activityId': 20947825314, 'eventUpdateTimeGmt': '2025-11-10T14:21:04'}, {'eventType': 'RECOVERY', 'eventStartTimeGmt': '2025-11-10T15:19:14', 'timezoneOffset': 7200000, 'durationInMilliseconds': 2220000, 'bodyBatteryImpact': 2, 'feedbackType': 'RECOVERY_BODY_BATTERY_INCREASE', 'shortFeedback': 'BODY_BATTERY_RECHARGE', 'deviceId': 3423864303, 'activityName': None, 'activityType': None, 'activityId': None, 'eventUpdateTimeGmt': '2025-11-10T15:59:35'}]",14.0,24.0,7.0,15.0,2025-11-10T21:52:00.0,200,2025-11-10
5652846,2613.0,575.0,2038.0,2613.0,,,3075.0,9310,2500,9244,9244,575.0,3075.0,5652846,2025-11-11,"{'typeId': 4, 'typeKey': 'groups'}",3b70761b619f439d807e14a6aa6772ae,1500,2025-11-10T22:00:00.0,2025-11-11T00:00:00.0,2025-11-11T22:00:00.0,2025-11-12T00:00:00.0,86400000,,4371,1387,55010,25632,True,True,False,False,33,4,55.753,60.414,18.29167,19.82087,150,10,53,176,56,59,GARMIN,24,97,22800,51660,7020,3840,85320,15600,5100,2100.0,26.72,60.55,8.23,4.5,18.28,5.98,2.46,BALANCED,57420,24060,,55,172,64,71,97,26,26,63.0,96.0,3.0,,,,,,,34.0,79.0,"{'eventTimestampGmt': '2025-11-11T18:50:01', 'bodyBatteryLevel': 'HIGH', 'feedbackShortType': 'SLEEP_PREPARATION_RECOVERING_AND_EXERCISE', 'feedbackLongType': 'SLEEP_PREPARATION_RECOVERING_AND_EXERCISE'}","{'eventTimestampGmt': '2025-11-10T22:15:12', 'bodyBatteryLevel': 'HIGH', 'feedbackShortType': 'SLEEP_TIME_PASSED_RECOVERING_AND_EXERCISE', 'feedbackLongType': 'SLEEP_TIME_PASSED_RECOVERING_AND_EXERCISE'}","[{'eventType': 'SLEEP', 'eventStartTimeGmt': '2025-11-10T22:17:04', 'timezoneOffset': 7200000, 'durationInMilliseconds': 24180000, 'bodyBatteryImpact': 63, 'feedbackType': 'NONE', 'shortFeedback': 'NONE', 'deviceId': 3423864303, 'activityName': None, 'activityType': None, 'activityId': None, 'eventUpdateTimeGmt': '2025-11-11T05:17:00'}, {'eventType': 'RECOVERY', 'eventStartTimeGmt': '2025-11-11T08:42:10', 'timezoneOffset': 7200000, 'durationInMilliseconds': 4560000, 'bodyBatteryImpact': -3, 'feedbackType': 'RECOVERY_LONG_BODY_BATTERY_NOT_INCREASE', 'shortFeedback': 'LONG_RESTFUL_PERIOD', 'deviceId': 3423864303, 'activityName': None, 'activityType': None, 'activityId': None, 'eventUpdateTimeGmt': '2025-11-11T10:00:39'}, {'eventType': 'ACTIVITY', 'eventStartTimeGmt': '2025-11-11T13:28:03', 'timezoneOffset': 7200000, 'durationInMilliseconds': 2100000, 'bodyBatteryImpact': -8, 'feedbackType': 'EXERCISE_TRAINING_EFFECT_2', 'shortFeedback': 'MAINTAINING_AEROBIC', 'deviceId': 3423864303, 'activityName': 'Helsinki - Drill Workout', 'activityType': 'running', 'activityId': 20957969711, 'eventUpdateTimeGmt': '2025-11-11T14:03:58'}, {'eventType': 'ACTIVITY', 'eventStartTimeGmt': '2025-11-11T14:11:25', 'timezoneOffset': 7200000, 'durationInMilliseconds': 1200000, 'bodyBatteryImpact': -4, 'feedbackType': 'NONE', 'shortFeedback': 'NONE', 'deviceId': 3423864303, 'activityName': 'Yoga', 'activityType': 'yoga', 'activityId': 20958006568, 'eventUpdateTimeGmt': '2025-11-11T14:31:48'}]",14.0,34.0,7.0,19.0,2025-11-11T22:00:00.0,200,2025-11-11
5652846,2516.0,478.0,2038.0,2516.0,,,2978.0,10065,2500,9735,9735,478.0,2978.0,5652846,2025-11-12,"{'typeId': 4, 'typeKey': 'groups'}",da3432bd324548cfa2666005816d9c8b,1500,2025-11-11T22:00:00.0,2025-11-12T00:00:00.0,2025-11-12T22:00:00.0,2025-11-13T00:00:00.0,86400000,,4875,2182,49346,29997,True,True,False,False,14,0,51.816,58.93,17.0,19.33399,150,10,55,141,57,58,GARMIN,28,96,31140,40320,12480,2340,86280,25680,4560,900.0,36.09,46.73,14.46,2.71,29.76,5.29,1.04,BALANCED,57240,26700,,56,137,38,50,65,16,16,39.0,65.0,3.0,,,,,,,37.0,49.0,"{'eventTimestampGmt': '2025-11-12T18:50:00', 'bodyBatteryLevel': 'MODERATE', 'feedbackShortType': 'SLEEP_PREPARATION_RECOVERING_AND_EXERCISE', 'feedbackLongType': 'SLEEP_PREPARATION_RECOVERING_AND_EXERCISE'}","{'eventTimestampGmt': '2025-11-11T22:00:16', 'bodyBatteryLevel': 'HIGH', 'feedbackShortType': 'SLEEP_TIME_PASSED_RECOVERING_AND_EXERCISE', 'feedbackLongType': 'SLEEP_TIME_PASSED_RECOVERING_AND_EXERCISE'}","[{'eventType': 'SLEEP', 'eventStartTimeGmt': '2025-11-11T21:35:48', 'timezoneOffset': 7200000, 'durationInMilliseconds': 28500000, 'bodyBatteryImpact': 39, 'feedbackType': 'NONE', 'shortFeedback': 'NONE', 'deviceId': 3423864303, 'activityName': None, 'activityType': None, 'activityId': None, 'eventUpdateTimeGmt': '2025-11-12T05:37:09'}, {'eventType': 'RECOVERY', 'eventStartTimeGmt': '2025-11-12T08:36:34', 'timezoneOffset': 7200000, 'durationInMilliseconds': 2100000, 'bodyBatteryImpact': 0, 'feedbackType': 'RECOVERY_BODY_BATTERY_NOT_INCREASE', 'shortFeedback': 'RESTFUL_PERIOD', 'deviceId': 3423864303, 'activityName': None, 'activityType': None, 'activityId': None, 'eventUpdateTimeGmt': '2025-11-12T09:14:23'}, {'eventType': 'ACTIVITY', 'eventStartTimeGmt': '2025-11-12T13:22:13', 'timezoneOffset': 7200000, 'durationInMilliseconds': 2040000, 'bodyBatteryImpact': -5, 'feedbackType': 'EXERCISE_TRAINING_EFFECT_BELOW_2', 'shortFeedback': 'EASY_RECOVERY', 'deviceId': 3423864303, 'activityName': 'Helsinki Walking', 'activityType': 'walking', 'activityId': 20969402923, 'eventUpdateTimeGmt': '2025-11-12T13:57:51'}, {'eventType': 'RECOVERY', 'eventStartTimeGmt': '2025-11-12T14:00:56', 'timezoneOffset': 7200000, 'durationInMilliseconds': 1320000, 'bodyBatteryImpact': 1, 'feedbackType': 'RECOVERY_BODY_BATTERY_INCREASE', 'shortFeedback': 'BODY_BATTERY_RECHARGE', 'deviceId': 3423864303, 'activityName': None, 'activityType': None, 'activityId': None, 'eventUpdateTimeGmt': '2025-11-12T14:25:35'}]",15.0,24.0,6.0,21.0,2025-11-12T22:00:00.0,200,2025-11-12
5652846,2638.0,600.0,2038.0,2638.0,,,3100.0,10350,2500,8963,8963,600.0,3100.0,5652846,2025-11-13,"{'typeId': 4, 'typeKey': 'groups'}",b63c7b0454d9496aad7e9ce9f68bb0c4,1500,2025-11-12T22:00:00.0,2025-11-13T00:00:00.0,2025-11-13T22:00:00.0,2025-11-14T00:00:00.0,86400000,,4975,1972,52402,27051,True,True,False,False,39,5,68.06,54.679,22.3294,17.9393,150,10,53,177,59,59,GARMIN,26,99,21480,42360,15240,4140,83220,17460,2880,1140.0,25.81,50.9,18.31,4.97,20.98,3.46,1.37,BALANCED,53700,25380,,55,169,65,58,78,16,23,62.0,78.0,3.0,,,,,,,40.0,102.0,"{'eventTimestampGmt': '2025-11-13T20:33:27', 'bodyBatteryLevel': 'MODERATE', 'feedbackShortType': 'SLEEP_PREPARATION_RECOVERING_AND_INTENSIVE_EXERCISE', 'feedbackLongType': 'SLEEP_PREPARATION_RECOVERING_AND_INTENSIVE_EXERCISE'}","{'eventTimestampGmt': '2025-11-12T23:07:09', 'bodyBatteryLevel': 'HIGH', 'feedbackShortType': 'SLEEP_TIME_PASSED_RECOVERING_AND_EXERCISE', 'feedbackLongType': 'SLEEP_TIME_PASSED_RECOVERING_AND_EXERCISE'}","[{'eventType': 'SLEEP', 'eventStartTimeGmt': '2025-11-12T21:10:51', 'timezoneOffset': 7200000, 'durationInMilliseconds': 30000000, 'bodyBatteryImpact': 62, 'feedbackType': 'NONE', 'shortFeedback': 'NONE', 'deviceId': 3423864303, 'activityName': None, 'activityType': None, 'activityId': None, 'eventUpdateTimeGmt': '2025-11-13T05:32:01'}, {'eventType': 'RECOVERY', 'eventStartTimeGmt': '2025-11-13T07:48:26', 'timezoneOffset': 7200000, 'durationInMilliseconds': 6720000, 'bodyBatteryImpact': 2, 'feedbackType': 'RECOVERY_LONG_BODY_BATTERY_INCREASE', 'shortFeedback': 'LONG_RESTFUL_PERIOD', 'deviceId': 3423864303, 'activityName': None, 'activityType': None, 'activityId': None, 'eventUpdateTimeGmt': '2025-11-13T09:43:15'}, {'eventType': 'ACTIVITY', 'eventStartTimeGmt': '2025-11-13T13:44:32', 'timezoneOffset': 7200000, 'durationInMilliseconds': 2040000, 'bodyBatteryImpact': -7, 'feedbackType': 'EXERCISE_TRAINING_EFFECT_2', 'shortFeedback': 'MAINTAINING_AEROBIC', 'deviceId': 3423864303, 'activityName': 'Helsinki - Drill Workout', 'activityType': 'running', 'activityId': 20978640427, 'eventUpdateTimeGmt': '2025-11-13T14:19:25'}, {'eventType': 'ACTIVITY', 'eventStartTimeGmt': '2025-11-13T14:25:42', 'timezoneOffset': 7200000, 'durationInMilliseconds': 2220000, 'bodyBatteryImpact': -5, 'feedbackType': 'NONE', 'shortFeedback': 'EASY_RECOVERY', 'deviceId': 3423864303, 'activityName': 'Yoga', 'activityType': 'yoga', 'activityId': 20978640950, 'eventUpdateTimeGmt': '2025-11-13T15:12:50'}]",15.0,39.0,7.0,20.0,2025-11-13T22:00:00.0,200,2025-11-13
5652846,2169.0,131.0,2038.0,2169.0,,,2631.0,4282,2500,3539,3539,131.0,2631.0,5652846,2025-11-14,"{'typeId': 4, 'typeKey': 'groups'}",2863f20ce2384c888f092c52dded3438,1500,2025-11-13T22:00:00.0,2025-11-14T00:00:00.0,2025-11-14T22:00:00.0,2025-11-15T00:00:00.0,86400000,,2024,1941,70004,12431,True,False,False,False,0,0,22.798,31.174,7.47966,10.22769,150,10,55,105,59,59,GARMIN,25,87,23940,50820,8160,1920,84840,19020,4380,540.0,28.22,59.9,9.62,2.26,22.42,5.16,0.64,BALANCED,70620,12300,,56,99,34,41,51,16,16,13.0,43.0,3.0,,,,,,,70.0,,"{'eventTimestampGmt': '2025-11-14T18:50:00', 'bodyBatteryLevel': 'MODERATE', 'feedbackShortType': 'SLEEP_PREPARATION_RECOVERING_AND_INACTIVE', 'feedbackLongType': 'SLEEP_PREPARATION_RECOVERING_AND_INACTIVE'}","{'eventTimestampGmt': '2025-11-14T21:23:07', 'bodyBatteryLevel': 'MODERATE', 'feedbackShortType': 'SLEEP_TIME_PASSED_RECOVERING_AND_INACTIVE', 'feedbackLongType': 'SLEEP_TIME_PASSED_RECOVERING_AND_INACTIVE'}","[{'eventType': 'SLEEP', 'eventStartTimeGmt': '2025-11-14T01:22:50', 'timezoneOffset': 7200000, 'durationInMilliseconds': 10800000, 'bodyBatteryImpact': 14, 'feedbackType': 'NONE', 'shortFeedback': 'NONE', 'deviceId': 3423864303, 'activityName': None, 'activityType': None, 'activityId': None, 'eventUpdateTimeGmt': '2025-11-14T04:47:49'}, {'eventType': 'RECOVERY', 'eventStartTimeGmt': '2025-11-14T17:44:04', 'timezoneOffset': 7200000, 'durationInMilliseconds': 2940000, 'bodyBatteryImpact': 2, 'feedbackType': 'RECOVERY_BODY_BATTERY_INCREASE', 'shortFeedback': 'BODY_BATTERY_RECHARGE', 'deviceId': 3423864303, 'activityName': None, 'activityType': None, 'activityId': None, 'eventUpdateTimeGmt': '2025-11-14T18:37:00'}]",15.0,24.0,7.0,17.0,2025-11-14T22:00:00.0,200,2025-11-14
5652846,2546.0,508.0,2038.0,2546.0,,,3008.0,8127,2500,6693,6693,508.0,3008.0,5652846,2025-11-15,"{'typeId': 4, 'typeKey': 'groups'}",e10e9a2272304dbd89b5b1024d52cea3,1500,2025-11-14T22:00:00.0,2025-11-15T00:00:00.0,2025-11-15T22:00:00.0,2025-11-16T00:00:00.0,86400000,,1840,6838,51314,26408,True,False,False,False,0,0,40.793,43.498,13.38353,14.271,150,10,55,135,59,58,GARMIN,37,96,42660,25500,14040,3120,85320,24240,12840,5580.0,50.0,29.89,16.46,3.66,28.41,15.05,6.54,STRESSFUL,56520,25680,,56,129,63,72,79,7,7,63.0,79.0,3.0,1.0,,,,,,122.0,,"{'eventTimestampGmt': '2025-11-15T18:50:00', 'bodyBatteryLevel': 'LOW', 'feedbackShortType': 'SLEEP_PREPARATION_STRESSFUL_AND_INACTIVE', 'feedbackLongType': 'SLEEP_PREPARATION_STRESSFUL_AND_INACTIVE_AND_BB_LOW'}","{'eventTimestampGmt': '2025-11-14T23:33:06', 'bodyBatteryLevel': 'HIGH', 'feedbackShortType': 'SLEEP_TIME_PASSED_RECOVERING_AND_INACTIVE', 'feedbackLongType': 'SLEEP_TIME_PASSED_RECOVERING_AND_INACTIVE'}","[{'eventType': 'SLEEP', 'eventStartTimeGmt': '2025-11-14T21:32:49', 'timezoneOffset': 7200000, 'durationInMilliseconds': 27480000, 'bodyBatteryImpact': 63, 'feedbackType': 'NONE', 'shortFeedback': 'NONE', 'deviceId': 3423864303, 'activityName': None, 'activityType': None, 'activityId': None, 'eventUpdateTimeGmt': '2025-11-15T05:21:41'}, {'eventType': 'STRESS', 'eventStartTimeGmt': '2025-11-15T16:44:31', 'timezoneOffset': 7200000, 'durationInMilliseconds': 6180000, 'bodyBatteryImpact': -9, 'feedbackType': 'STRESS', 'shortFeedback': 'STRESSFUL_PERIOD', 'deviceId': 3423864303, 'activityName': None, 'activityType': None, 'activityId': None, 'eventUpdateTimeGmt': '2025-11-15T18:30:20'}]",16.0,25.0,8.0,15.0,2025-11-15T22:00:00.0,200,2025-11-15
5652846,2627.0,589.0,2038.0,2627.0,,,3089.0,16642,2500,14983,14983,589.0,3089.0,5652846,2025-11-16,"{'typeId': 4, 'typeKey': 'groups'}",421b9d83ec0b442eb27b58af4682a5c2,1500,2025-11-15T22:00:00.0,2025-11-16T00:00:00.0,2025-11-16T22:00:00.0,2025-11-17T00:00:00.0,86400000,,7372,3197,44830,31001,True,True,False,False,3,0,114.382,112.051,37.5269,36.76214,150,10,49,125,56,58,GARMIN,19,77,14820,52560,14700,2040,84120,12420,2340,60.0,17.62,62.48,17.48,2.43,14.76,2.78,0.07,CALM,54300,27780,,51,121,90,46,75,7,51,59.0,66.0,3.0,,,,,,,87.0,110.0,"{'eventTimestampGmt': '2025-11-16T18:50:02', 'bodyBatteryLevel': 'HIGH', 'feedbackShortType': 'SLEEP_PREPARATION_RECOVERING_AND_EXERCISE', 'feedbackLongType': 'SLEEP_PREPARATION_RECOVERING_AND_EXERCISE'}","{'eventTimestampGmt': '2025-11-16T21:53:54', 'bodyBatteryLevel': 'HIGH', 'feedbackShortType': 'SLEEP_TIME_PASSED_RECOVERING_AND_EXERCISE', 'feedbackLongType': 'SLEEP_TIME_PASSED_RECOVERING_AND_EXERCISE'}","[{'eventType': 'SLEEP', 'eventStartTimeGmt': '2025-11-15T21:50:41', 'timezoneOffset': 7200000, 'durationInMilliseconds': 25380000, 'bodyBatteryImpact': 59, 'feedbackType': 'NONE', 'shortFeedback': 'NONE', 'deviceId': 3423864303, 'activityName': None, 'activityType': None, 'activityId': None, 'eventUpdateTimeGmt': '2025-11-16T05:00:48'}, {'eventType': 'NAP', 'eventStartTimeGmt': '2025-11-16T07:57:48', 'timezoneOffset': 7200000, 'durationInMilliseconds': 2580000, 'bodyBatteryImpact': 5, 'feedbackType': 'NAP_RECOVERING_BODY_BATTERY_INCREASE', 'shortFeedback': 'RESTFUL_NAP', 'deviceId': 3423864303, 'activityName': None, 'activityType': None, 'activityId': None, 'eventUpdateTimeGmt': '2025-11-16T08:43:00'}, {'eventType': 'ACTIVITY', 'eventStartTimeGmt': '2025-11-16T09:05:34', 'timezoneOffset': 7200000, 'durationInMilliseconds': 4680000, 'bodyBatteryImpact': -12, 'feedbackType': 'EXERCISE_TRAINING_EFFECT_2', 'shortFeedback': 'EASY_AEROBIC', 'deviceId': 3423864303, 'activityName': 'Lappeenranta - Run Walk Run®', 'activityType': 'trail_running', 'activityId': 21003345754, 'eventUpdateTimeGmt': '2025-11-16T10:25:07'}, {'eventType': 'RECOVERY', 'eventStartTimeGmt': '2025-11-16T10:34:32', 'timezoneOffset': 7200000, 'durationInMilliseconds': 3720000, 'bodyBatteryImpact': -1, 'feedbackType': 'RECOVERY_LONG_BODY_BATTERY_NOT_INCREASE', 'shortFeedback': 'LONG_RESTFUL_PERIOD', 'deviceId': 3423864303, 'activityName': None, 'activityType': None, 'activityId': None, 'eventUpdateTimeGmt': '2025-11-16T11:39:20'}, {'eventType': 'RECOVERY', 'eventStartTimeGmt': '2025-11-16T17:13:37', 'timezoneOffset': 7200000, 'durationInMilliseconds': 4440000, 'bodyBatteryImpact': 5, 'feedbackType': 'RECOVERY_LONG_BODY_BATTERY_INCREASE', 'shortFeedback': 'LONG_RESTFUL_PERIOD', 'deviceId': 3423864303, 'activityName': None, 'activityType': None, 'activityId': None, 'eventUpdateTimeGmt': '2025-11-16T18:31:35'}]",14.0,22.0,7.0,17.0,2025-11-16T22:00:00.0,200,2025-11-16
5652846,2703.0,665.0,2038.0,2703.0,,,3165.0,10164,2500,8906,8906,665.0,3165.0,5652846,2025-11-17,"{'typeId': 4, 'typeKey': 'groups'}",331e8b026ea34054b7d87ca44d258f96,1500,2025-11-16T22:00:00.0,2025-11-17T00:00:00.0,2025-11-17T22:00:00.0,2025-11-18T00:00:00.0,86400000,,5594,1507,52433,26866,True,True,False,False,39,3,64.331,82.991,21.10597,27.22802,150,10,50,176,53,57,GARMIN,22,96,20940,52200,8040,5160,86340,14100,4620,2220.0,24.25,60.46,9.31,5.98,16.33,5.35,2.57,BALANCED,55380,25800,,51,173,49,69,100,31,31,58.0,100.0,3.0,,,,,,,15.0,87.0,"{'eventTimestampGmt': '2025-11-17T18:50:00', 'bodyBatteryLevel': 'HIGH', 'feedbackShortType': 'SLEEP_PREPARATION_RECOVERING_AND_INTENSIVE_EXERCISE', 'feedbackLongType': 'SLEEP_PREPARATION_RECOVERING_AND_INTENSIVE_EXERCISE'}",,"[{'eventType': 'SLEEP', 'eventStartTimeGmt': '2025-11-16T21:00:00', 'timezoneOffset': 7200000, 'durationInMilliseconds': 29520000, 'bodyBatteryImpact': 58, 'feedbackType': 'NONE', 'shortFeedback': 'NONE', 'deviceId': 3423864303, 'activityName': None, 'activityType': None, 'activityId': None, 'eventUpdateTimeGmt': '2025-11-17T05:20:34'}, {'eventType': 'RECOVERY', 'eventStartTimeGmt': '2025-11-17T07:43:29', 'timezoneOffset': 7200000, 'durationInMilliseconds': 4380000, 'bodyBatteryImpact': -1, 'feedbackType': 'RECOVERY_LONG_BODY_BATTERY_NOT_INCREASE', 'shortFeedback': 'LONG_RESTFUL_PERIOD', 'deviceId': 3423864303, 'activityName': None, 'activityType': None, 'activityId': None, 'eventUpdateTimeGmt': '2025-11-17T09:00:10'}, {'eventType': 'ACTIVITY', 'eventStartTimeGmt': '2025-11-17T13:33:40', 'timezoneOffset': 7200000, 'durationInMilliseconds': 2340000, 'bodyBatteryImpact': -9, 'feedbackType': 'EXERCISE_TRAINING_EFFECT_3', 'shortFeedback': 'IMPROVING_AEROBIC_BASE', 'deviceId': 3423864303, 'activityName': None, 'activityType': None, 'activityId': None, 'eventUpdateTimeGmt': '2025-11-17T14:13:53'}]",15.0,37.0,7.0,19.0,2025-11-17T22:00:00.0,200,2025-11-17
5652846,2409.0,371.0,2038.0,2409.0,,,2871.0,7259,2500,7693,7693,371.0,2871.0,5652846,2025-11-18,"{'typeId': 4, 'typeKey': 'groups'}",16abaf95efd7455f80da85f0737c72dd,1500,2025-11-17T22:00:00.0,2025-11-18T00:00:00.0,2025-11-18T22:00:00.0,2025-11-19T00:00:00.0,86400000,,3715,876,58358,23451,True,True,False,False,12,0,55.402,47.946,18.17651,15.73031,150,10,50,133,56,57,GARMIN,22,93,17100,59400,8040,1080,85620,14220,2520,360.0,19.97,69.38,9.39,1.26,16.61,2.94,0.42,CALM,61740,22800,,53,132,55,52,84,31,34,51.0,82.0,3.0,,,,,,,17.0,74.0,"{'eventTimestampGmt': '2025-11-18T18:50:01', 'bodyBatteryLevel': 'HIGH', 'feedbackShortType': 'SLEEP_PREPARATION_RECOVERING_AND_EXERCISE', 'feedbackLongType': 'SLEEP_PREPARATION_RECOVERING_AND_EXERCISE'}","{'eventTimestampGmt': '2025-11-18T21:22:18', 'bodyBatteryLevel': 'HIGH', 'feedbackShortType': 'SLEEP_TIME_PASSED_RECOVERING_AND_EXERCISE', 'feedbackLongType': 'SLEEP_TIME_PASSED_RECOVERING_AND_EXERCISE'}","[{'eventType': 'SLEEP', 'eventStartTimeGmt': '2025-11-17T21:44:14', 'timezoneOffset': 7200000, 'durationInMilliseconds': 23820000, 'bodyBatteryImpact': 50, 'feedbackType': 'NONE', 'shortFeedback': 'NONE', 'deviceId': 3423864303, 'activityName': None, 'activityType': None, 'activityId': None, 'eventUpdateTimeGmt': '2025-11-18T04:22:07'}, {'eventType': 'RECOVERY', 'eventStartTimeGmt': '2025-11-18T08:04:47', 'timezoneOffset': 7200000, 'durationInMilliseconds': 4020000, 'bodyBatteryImpact': -1, 'feedbackType': 'RECOVERY_LONG_BODY_BATTERY_NOT_INCREASE', 'shortFeedback': 'LONG_RESTFUL_PERIOD', 'deviceId': 3423864303, 'activityName': None, 'activityType': None, 'activityId': None, 'eventUpdateTimeGmt': '2025-11-18T09:15:00'}, {'eventType': 'RECOVERY', 'eventStartTimeGmt': '2025-11-18T11:42:23', 'timezoneOffset': 7200000, 'durationInMilliseconds': 5520000, 'bodyBatteryImpact': -2, 'feedbackType': 'RECOVERY_LONG_BODY_BATTERY_NOT_INCREASE', 'shortFeedback': 'LONG_RESTFUL_PERIOD', 'deviceId': 3423864303, 'activityName': None, 'activityType': None, 'activityId': None, 'eventUpdateTimeGmt': '2025-11-18T13:14:58'}, {'eventType': 'ACTIVITY', 'eventStartTimeGmt': '2025-11-18T13:14:58', 'timezoneOffset': 7200000, 'durationInMilliseconds': 1800000, 'bodyBatteryImpact': -5, 'feedbackType': 'EXERCISE_TRAINING_EFFECT_BELOW_2', 'shortFeedback': 'EASY_RECOVERY', 'deviceId': 3423864303, 'activityName': 'Helsinki Walking', 'activityType': 'walking', 'activityId': 21023993979, 'eventUpdateTimeGmt': '2025-11-18T13:46:29'}, {'eventType': 'ACTIVITY', 'eventStartTimeGmt': '2025-11-18T14:07:43', 'timezoneOffset': 7200000, 'durationInMilliseconds': 1800000, 'bodyBatteryImpact': -4, 'feedbackType': 'NONE', 'shortFeedback': 'NONE', 'deviceId': 3423864303, 'activityName': 'Yoga', 'activityType': 'yoga', 'activityId': 21024086551, 'eventUpdateTimeGmt': '2025-11-18T14:38:16'}, {'eventType': 'RECOVERY', 'eventStartTimeGmt': '2025-11-18T16:13:26', 'timezoneOffset': 7200000, 'durationInMilliseconds': 6540000, 'bodyBatteryImpact': 2, 'feedbackType': 'RECOVERY_LONG_BODY_BATTERY_INCREASE', 'shortFeedback': 'LONG_RESTFUL_PERIOD', 'deviceId': 3423864303, 'activityName': None, 'activityType': None, 'activityId': None, 'eventUpdateTimeGmt': '2025-11-18T18:04:25'}]",13.0,23.0,7.0,18.0,2025-11-18T22:00:00.0,200,2025-11-18
5652846,2675.0,637.0,2038.0,2675.0,,,3137.0,9594,2500,8457,8457,637.0,3137.0,5652846,2025-11-19,"{'typeId': 4, 'typeKey': 'groups'}",639074e797074dc28de10310ff686fbd,1500,2025-11-18T22:00:00.0,2025-11-19T00:00:00.0,2025-11-19T22:00:00.0,2025-11-20T00:00:00.0,86400000,,5030,1268,56998,23104,True,True,False,False,41,7,62.583,61.24,20.53248,20.09186,150,10,51,183,57,57,GARMIN,29,99,28440,43740,7980,4500,84660,18840,6480,3120.0,33.59,51.67,9.43,5.32,22.25,7.65,3.69,BALANCED,57660,22500,,54,174,50,69,84,15,15,50.0,84.0,3.0,,,,,,,16.0,94.0,"{'eventTimestampGmt': '2025-11-19T18:50:00', 'bodyBatteryLevel': 'MODERATE', 'feedbackShortType': 'SLEEP_PREPARATION_RECOVERING_AND_INTENSIVE_EXERCISE', 'feedbackLongType': 'SLEEP_PREPARATION_RECOVERING_AND_INTENSIVE_EXERCISE'}","{'eventTimestampGmt': '2025-11-19T21:30:25', 'bodyBatteryLevel': 'MODERATE', 'feedbackShortType': 'SLEEP_TIME_PASSED_RECOVERING_AND_INTENSIVE_EXERCISE', 'feedbackLongType': 'SLEEP_TIME_PASSED_RECOVERING_AND_INTENSIVE_EXERCISE'}","[{'eventType': 'SLEEP', 'eventStartTimeGmt': '2025-11-18T21:51:16', 'timezoneOffset': 7200000, 'durationInMilliseconds': 23580000, 'bodyBatteryImpact': 50, 'feedbackType': 'NONE', 'shortFeedback': 'NONE', 'deviceId': 3423864303, 'activityName': None, 'activityType': None, 'activityId': None, 'eventUpdateTimeGmt': '2025-11-19T04:25:04'}, {'eventType': 'ACTIVITY', 'eventStartTimeGmt': '2025-11-19T13:15:17', 'timezoneOffset': 7200000, 'durationInMilliseconds': 2220000, 'bodyBatteryImpact': -8, 'feedbackType': 'EXERCISE_TRAINING_EFFECT_3', 'shortFeedback': 'IMPROVING_AEROBIC', 'deviceId': 3423864303, 'activityName': 'Helsinki - Drill Workout', 'activityType': 'running', 'activityId': 21033561563, 'eventUpdateTimeGmt': '2025-11-19T13:52:43'}]",15.0,39.0,7.0,16.0,2025-11-19T22:00:00.0,200,2025-11-19
5652846,2329.0,291.0,2038.0,2329.0,,,2791.0,8470,2500,7040,7040,291.0,2791.0,5652846,2025-11-20,"{'typeId': 4, 'typeKey': 'groups'}",0d1e16dfd0a7416182cc8db6a03b947a,1500,2025-11-19T22:00:00.0,2025-11-20T00:00:00.0,2025-11-20T22:00:00.0,2025-11-21T00:00:00.0,86400000,,4319,2500,56032,23549,True,False,False,False,0,0,34.494,40.212,11.31693,13.19291,150,10,56,105,60,57,GARMIN,28,89,30660,39120,13080,1740,84600,24360,5520,780.0,36.24,46.24,15.46,2.06,28.79,6.52,0.92,BALANCED,59820,23040,,57,105,51,44,61,13,21,47.0,60.0,3.0,,,,,,,14.0,,"{'eventTimestampGmt': '2025-11-20T18:50:00', 'bodyBatteryLevel': 'MODERATE', 'feedbackShortType': 'SLEEP_PREPARATION_RECOVERING_AND_INACTIVE', 'feedbackLongType': 'SLEEP_PREPARATION_RECOVERING_AND_INACTIVE'}","{'eventTimestampGmt': '2025-11-20T21:35:27', 'bodyBatteryLevel': 'MODERATE', 'feedbackShortType': 'SLEEP_TIME_PASSED_RECOVERING_AND_INACTIVE', 'feedbackLongType': 'SLEEP_TIME_PASSED_RECOVERING_AND_INACTIVE'}","[{'eventType': 'SLEEP', 'eventStartTimeGmt': '2025-11-19T22:10:13', 'timezoneOffset': 7200000, 'durationInMilliseconds': 23100000, 'bodyBatteryImpact': 46, 'feedbackType': 'NONE', 'shortFeedback': 'NONE', 'deviceId': 3423864303, 'activityName': None, 'activityType': None, 'activityId': None, 'eventUpdateTimeGmt': '2025-11-20T04:49:31'}]",15.0,24.0,7.0,19.0,2025-11-20T21:59:00.0,200,2025-11-20
5652846,2708.0,670.0,2038.0,2708.0,,,3170.0,11564,2500,9921,9921,670.0,3170.0,5652846,2025-11-21,"{'typeId': 4, 'typeKey': 'groups'}",7ebac4bc9c464b60b71fd0610c136ed1,1500,2025-11-20T22:00:00.0,2025-11-21T00:00:00.0,2025-11-21T22:00:00.0,2025-11-22T00:00:00.0,86400000,,5516,1937,50257,28690,True,True,False,False,36,6,51.816,60.838,17.0,19.95997,150,10,54,175,59,57,GARMIN,24,88,17940,43980,19020,5280,86220,12360,4560,1020.0,20.81,51.01,22.06,6.12,14.34,5.29,1.18,BALANCED,56160,24780,,57,172,72,58,81,21,35,60.0,81.0,3.0,,,,,,,13.0,86.0,"{'eventTimestampGmt': '2025-11-21T19:44:06', 'bodyBatteryLevel': 'HIGH', 'feedbackShortType': 'SLEEP_PREPARATION_RECOVERING_AND_INTENSIVE_EXERCISE', 'feedbackLongType': 'SLEEP_PREPARATION_RECOVERING_AND_INTENSIVE_EXERCISE'}","{'eventTimestampGmt': '2025-11-21T21:58:43', 'bodyBatteryLevel': 'HIGH', 'feedbackShortType': 'SLEEP_TIME_PASSED_RECOVERING_AND_INTENSIVE_EXERCISE', 'feedbackLongType': 'SLEEP_TIME_PASSED_RECOVERING_AND_INTENSIVE_EXERCISE'}","[{'eventType': 'SLEEP', 'eventStartTimeGmt': '2025-11-20T21:52:31', 'timezoneOffset': 7200000, 'durationInMilliseconds': 25560000, 'bodyBatteryImpact': 60, 'feedbackType': 'NONE', 'shortFeedback': 'NONE', 'deviceId': 3423864303, 'activityName': None, 'activityType': None, 'activityId': None, 'eventUpdateTimeGmt': '2025-11-21T04:58:32'}, {'eventType': 'ACTIVITY', 'eventStartTimeGmt': '2025-11-21T13:08:27', 'timezoneOffset': 7200000, 'durationInMilliseconds': 2400000, 'bodyBatteryImpact': -7, 'feedbackType': 'EXERCISE_TRAINING_EFFECT_3', 'shortFeedback': 'IMPROVING_AEROBIC_BASE', 'deviceId': 3423864303, 'activityName': 'Helsinki - Magic Half-Mile', 'activityType': 'running', 'activityId': 21051372229, 'eventUpdateTimeGmt': '2025-11-21T13:49:55'}, {'eventType': 'ACTIVITY', 'eventStartTimeGmt': '2025-11-21T14:32:07', 'timezoneOffset': 7200000, 'durationInMilliseconds': 1200000, 'bodyBatteryImpact': -2, 'feedbackType': 'NONE', 'shortFeedback': 'NONE', 'deviceId': 3423864303, 'activityName': 'Yoga', 'activityType': 'yoga', 'activityId': 21051866706, 'eventUpdateTimeGmt': '2025-11-21T14:52:21'}, {'eventType': 'RECOVERY', 'eventStartTimeGmt': '2025-11-21T15:07:31', 'timezoneOffset': 7200000, 'durationInMilliseconds': 360000, 'bodyBatteryImpact': 1, 'feedbackType': 'RECOVERY_SHORT', 'shortFeedback': 'BODY_BATTERY_RECHARGE', 'deviceId': 3423864303, 'activityName': None, 'activityType': None, 'activityId': None, 'eventUpdateTimeGmt': '2025-11-21T15:15:40'}]",16.0,39.0,7.0,16.0,2025-11-21T22:00:00.0,200,2025-11-21
5652846,2280.0,242.0,2038.0,2280.0,,,2742.0,7804,2500,7817,7817,242.0,2742.0,5652846,2025-11-22,"{'typeId': 4, 'typeKey': 'groups'}",2d2334a696ac49579552e8806e09eb6d,1500,2025-11-21T22:00:00.0,2025-11-22T00:00:00.0,2025-11-22T22:00:00.0,2025-11-23T00:00:00.0,86400000,,1784,6050,62643,15923,True,True,False,False,0,0,41.709,34.966,13.68406,11.47178,150,10,54,109,59,57,GARMIN,30,87,39480,33300,12240,1140,86160,32820,6240,420.0,45.82,38.65,14.21,1.32,38.09,7.24,0.49,BALANCED,69360,15660,,57,105,35,56,71,15,15,43.0,71.0,3.0,,,,,,,127.0,42.0,"{'eventTimestampGmt': '2025-11-22T19:22:58', 'bodyBatteryLevel': 'MODERATE', 'feedbackShortType': 'SLEEP_PREPARATION_RECOVERING_AND_EXERCISE', 'feedbackLongType': 'SLEEP_PREPARATION_RECOVERING_AND_EXERCISE'}","{'eventTimestampGmt': '2025-11-22T19:23:03', 'bodyBatteryLevel': 'MODERATE', 'feedbackShortType': 'SLEEP_TIME_PASSED_RECOVERING_AND_EXERCISE', 'feedbackLongType': 'SLEEP_TIME_PASSED_RECOVERING_AND_EXERCISE'}","[{'eventType': 'SLEEP', 'eventStartTimeGmt': '2025-11-21T21:00:21', 'timezoneOffset': 7200000, 'durationInMilliseconds': 18480000, 'bodyBatteryImpact': 43, 'feedbackType': 'NONE', 'shortFeedback': 'NONE', 'deviceId': 3423864303, 'activityName': None, 'activityType': None, 'activityId': None, 'eventUpdateTimeGmt': '2025-11-22T04:23:31'}, {'eventType': 'ACTIVITY', 'eventStartTimeGmt': '2025-11-22T18:53:10', 'timezoneOffset': 7200000, 'durationInMilliseconds': 1740000, 'bodyBatteryImpact': -1, 'feedbackType': 'EXERCISE_TRAINING_EFFECT_BELOW_2', 'shortFeedback': 'NONE', 'deviceId': 3423864303, 'activityName': 'Kolari Walking', 'activityType': 'walking', 'activityId': 21063097206, 'eventUpdateTimeGmt': '2025-11-22T19:22:58'}]",14.0,23.0,7.0,17.0,2025-11-22T22:00:00.0,200,2025-11-22
5652846,3668.0,1630.0,2038.0,3668.0,,,4130.0,15709,2500,21060,17346,1630.0,4130.0,5652846,2025-11-23,"{'typeId': 4, 'typeKey': 'groups'}",4d8d103417e74527a7c93ef22468f2be,1500,2025-11-22T22:00:00.0,2025-11-23T00:00:00.0,2025-11-23T22:00:00.0,2025-11-24T00:00:00.0,86400000,,6378,7585,39799,32638,True,True,False,False,102,28,314.032,397.102,103.02887,130.28281,150,10,53,170,57,57,GARMIN,32,99,26880,28440,20220,9300,84840,15120,9180,2580.0,31.68,33.52,23.83,10.96,17.82,10.82,3.04,BALANCED,44040,31500,,54,167,70,72,81,13,13,66.0,81.0,3.0,2.0,,,,,,228.0,298.0,"{'eventTimestampGmt': '2025-11-23T20:13:45', 'bodyBatteryLevel': 'LOW', 'feedbackShortType': 'SLEEP_PREPARATION_STRESSFUL_AND_INTENSIVE_EXERCISE', 'feedbackLongType': 'SLEEP_PREPARATION_STRESSFUL_AND_INTENSIVE_EXERCISE_AND_BB_LOW'}","{'eventTimestampGmt': '2025-11-22T23:35:14', 'bodyBatteryLevel': 'HIGH', 'feedbackShortType': 'SLEEP_TIME_PASSED_RECOVERING_AND_EXERCISE', 'feedbackLongType': 'SLEEP_TIME_PASSED_RECOVERING_AND_EXERCISE'}","[{'eventType': 'SLEEP', 'eventStartTimeGmt': '2025-11-22T21:42:58', 'timezoneOffset': 7200000, 'durationInMilliseconds': 33660000, 'bodyBatteryImpact': 66, 'feedbackType': 'NONE', 'shortFeedback': 'NONE', 'deviceId': 3423864303, 'activityName': None, 'activityType': None, 'activityId': None, 'eventUpdateTimeGmt': '2025-11-23T07:04:57'}, {'eventType': 'ACTIVITY', 'eventStartTimeGmt': '2025-11-23T09:27:42', 'timezoneOffset': 7200000, 'durationInMilliseconds': 10380000, 'bodyBatteryImpact': -19, 'feedbackType': 'EXERCISE_TRAINING_EFFECT_3', 'shortFeedback': 'IMPROVING_AEROBIC_BASE', 'deviceId': 3423864303, 'activityName': 'Kolari Walking', 'activityType': 'walking', 'activityId': 21069118161, 'eventUpdateTimeGmt': '2025-11-23T12:23:42'}, {'eventType': 'RECOVERY', 'eventStartTimeGmt': '2025-11-23T14:45:12', 'timezoneOffset': 7200000, 'durationInMilliseconds': 780000, 'bodyBatteryImpact': 2, 'feedbackType': 'RECOVERY_SHORT', 'shortFeedback': 'BODY_BATTERY_RECHARGE', 'deviceId': 3423864303, 'activityName': None, 'activityType': None, 'activityId': None, 'eventUpdateTimeGmt': '2025-11-23T15:04:52'}, {'eventType': 'ACTIVITY', 'eventStartTimeGmt': '2025-11-23T16:32:14', 'timezoneOffset': 7200000, 'durationInMilliseconds': 2520000, 'bodyBatteryImpact': -6, 'feedbackType': 'EXERCISE_TRAINING_EFFECT_3', 'shortFeedback': 'IMPROVING_AEROBIC_BASE', 'deviceId': 3423864303, 'activityName': None, 'activityType': None, 'activityId': None, 'eventUpdateTimeGmt': '2025-11-23T17:17:42'}]",16.0,36.0,7.0,17.0,2025-11-23T22:00:00.0,200,2025-11-23
5652846,3480.0,1442.0,2038.0,3480.0,,,3942.0,11624,2500,19717,13364,1442.0,3942.0,5652846,2025-11-24,"{'typeId': 4, 'typeKey': 'groups'}",83d42bd64d5049dba691813510a18205,1500,2025-11-23T22:00:00.0,2025-11-24T00:00:00.0,2025-11-24T22:00:00.0,2025-11-25T00:00:00.0,86400000,,3569,9266,49561,24004,True,True,False,False,87,41,403.637,311.715,132.42684,102.2687,150,10,58,181,64,59,GARMIN,36,99,38220,21780,16500,9180,85680,25140,10680,2400.0,44.61,25.42,19.26,10.71,29.34,12.46,2.8,STRESSFUL,56220,20280,,60,178,30,38,39,5,5,25.0,37.0,3.0,1.0,,,,,,229.0,256.0,"{'eventTimestampGmt': '2025-11-24T19:54:29', 'bodyBatteryLevel': 'VERY_LOW', 'feedbackShortType': 'SLEEP_PREPARATION_BALANCED_AND_INTENSIVE_EXERCISE', 'feedbackLongType': 'SLEEP_PREPARATION_BALANCED_AND_INTENSIVE_EXERCISE_AND_BB_LOW_MORNING_AND_NOW'}","{'eventTimestampGmt': '2025-11-24T21:39:54', 'bodyBatteryLevel': 'VERY_LOW', 'feedbackShortType': 'SLEEP_TIME_PASSED_BALANCED_AND_INTENSIVE_EXERCISE', 'feedbackLongType': 'SLEEP_TIME_PASSED_BALANCED_AND_INTENSIVE_EXERCISE_AND_BB_LOW_MORNING_AND_NOW'}","[{'eventType': 'SLEEP', 'eventStartTimeGmt': '2025-11-23T23:01:42', 'timezoneOffset': 7200000, 'durationInMilliseconds': 20280000, 'bodyBatteryImpact': 25, 'feedbackType': 'NONE', 'shortFeedback': 'NONE', 'deviceId': 3423864303, 'activityName': None, 'activityType': None, 'activityId': None, 'eventUpdateTimeGmt': '2025-11-24T04:41:45'}, {'eventType': 'RECOVERY', 'eventStartTimeGmt': '2025-11-24T06:28:01', 'timezoneOffset': 7200000, 'durationInMilliseconds': 1860000, 'bodyBatteryImpact': 3, 'feedbackType': 'RECOVERY_BODY_BATTERY_INCREASE', 'shortFeedback': 'BODY_BATTERY_RECHARGE', 'deviceId': 3423864303, 'activityName': None, 'activityType': None, 'activityId': None, 'eventUpdateTimeGmt': '2025-11-24T07:01:55'}, {'eventType': 'ACTIVITY', 'eventStartTimeGmt': '2025-11-24T10:14:31', 'timezoneOffset': 7200000, 'durationInMilliseconds': 7440000, 'bodyBatteryImpact': -6, 'feedbackType': 'EXERCISE_TRAINING_EFFECT_2', 'shortFeedback': 'MAINTAINING_AEROBIC_BASE', 'deviceId': 3423864303, 'activityName': 'Kolari Walking', 'activityType': 'walking', 'activityId': 21077068423, 'eventUpdateTimeGmt': '2025-11-24T12:19:07'}, {'eventType': 'NAP', 'eventStartTimeGmt': '2025-11-24T14:24:07', 'timezoneOffset': 7200000, 'durationInMilliseconds': 2880000, 'bodyBatteryImpact': 0, 'feedbackType': 'NAP_RECOVERING_BODY_BATTERY_MAINTAIN', 'shortFeedback': 'RESTFUL_NAP', 'deviceId': 3423864303, 'activityName': None, 'activityType': None, 'activityId': None, 'eventUpdateTimeGmt': '2025-11-24T15:26:25'}, {'eventType': 'ACTIVITY', 'eventStartTimeGmt': '2025-11-24T16:27:11', 'timezoneOffset': 7200000, 'durationInMilliseconds': 4080000, 'bodyBatteryImpact': -10, 'feedbackType': 'EXERCISE_TRAINING_EFFECT_3', 'shortFeedback': 'IMPROVING_LACTATE_THRESHOLD', 'deviceId': 3423864303, 'activityName': 'Kolari Cross Country Classic Skiing', 'activityType': 'cross_country_skiing_ws', 'activityId': 21079615567, 'eventUpdateTimeGmt': '2025-11-24T17:37:56'}]",18.0,41.0,8.0,18.0,2025-11-24T22:00:00.0,200,2025-11-24
5652846,3642.0,1604.0,2038.0,3642.0,,,4104.0,16445,2500,22899,14677,1604.0,4104.0,5652846,2025-11-25,"{'typeId': 4, 'typeKey': 'groups'}",4aa1e0dfc4f649dca0433e4d84d17fd6,1500,2025-11-24T22:00:00.0,2025-11-25T00:00:00.0,2025-11-25T22:00:00.0,2025-11-26T00:00:00.0,86400000,,4623,10680,43801,27296,True,True,False,False,117,14,373.852,288.925,122.65486,94.79167,150,10,60,169,63,60,GARMIN,41,95,43320,14460,17520,10320,85620,26820,13200,3300.0,50.6,16.89,20.46,12.05,31.32,15.42,3.85,STRESSFUL,48840,26460,,61,168,28,28,32,5,5,26.0,31.0,3.0,2.0,,,,,,248.0,285.0,"{'eventTimestampGmt': '2025-11-25T21:40:19', 'bodyBatteryLevel': 'VERY_LOW', 'feedbackShortType': 'SLEEP_PREPARATION_STRESSFUL_AND_INTENSIVE_EXERCISE', 'feedbackLongType': 'SLEEP_PREPARATION_STRESSFUL_AND_INTENSIVE_EXERCISE_AND_BB_LOW'}","{'eventTimestampGmt': '2025-11-25T01:38:14', 'bodyBatteryLevel': 'MODERATE', 'feedbackShortType': 'SLEEP_TIME_PASSED_BALANCED_AND_INACTIVE', 'feedbackLongType': 'SLEEP_TIME_PASSED_BALANCED_AND_INACTIVE'}","[{'eventType': 'SLEEP', 'eventStartTimeGmt': '2025-11-24T21:45:56', 'timezoneOffset': 7200000, 'durationInMilliseconds': 28140000, 'bodyBatteryImpact': 26, 'feedbackType': 'NONE', 'shortFeedback': 'NONE', 'deviceId': 3423864303, 'activityName': None, 'activityType': None, 'activityId': None, 'eventUpdateTimeGmt': '2025-11-25T05:36:01'}, {'eventType': 'ACTIVITY', 'eventStartTimeGmt': '2025-11-25T09:02:31', 'timezoneOffset': 7200000, 'durationInMilliseconds': 7980000, 'bodyBatteryImpact': -6, 'feedbackType': 'EXERCISE_TRAINING_EFFECT_BELOW_2', 'shortFeedback': 'EASY_AEROBIC_BASE', 'deviceId': 3423864303, 'activityName': 'Kolari - Drill Workout', 'activityType': 'trail_running', 'activityId': 21085625252, 'eventUpdateTimeGmt': '2025-11-25T11:21:44'}]",18.0,39.0,7.0,19.0,2025-11-25T22:00:00.0,200,2025-11-25
5652846,3685.0,1647.0,2038.0,3685.0,,,4147.0,18172,2500,28970,15594,1647.0,4147.0,5652846,2025-11-26,"{'typeId': 4, 'typeKey': 'groups'}",6010d8da2a754b6c89badc234cf444f3,1500,2025-11-25T22:00:00.0,2025-11-26T00:00:00.0,2025-11-26T22:00:00.0,2025-11-27T00:00:00.0,86400000,,7260,9261,44068,25811,True,True,False,False,104,49,329.233,200.894,108.01608,65.9101,150,10,56,173,64,61,GARMIN,36,96,31680,28020,17700,8520,85920,15840,13620,2220.0,36.87,32.61,20.6,9.92,18.44,15.85,2.58,BALANCED,53880,23520,,61,169,38,38,43,5,5,34.0,39.0,3.0,2.0,,,,,,228.0,337.0,"{'eventTimestampGmt': '2025-11-26T19:50:50', 'bodyBatteryLevel': 'VERY_LOW', 'feedbackShortType': 'SLEEP_PREPARATION_BALANCED_AND_INTENSIVE_EXERCISE', 'feedbackLongType': 'SLEEP_PREPARATION_BALANCED_AND_INTENSIVE_EXERCISE_AND_BB_LOW_MORNING_AND_NOW'}","{'eventTimestampGmt': '2025-11-26T01:44:24', 'bodyBatteryLevel': 'MODERATE', 'feedbackShortType': 'SLEEP_TIME_PASSED_STRESSFUL_AND_INACTIVE', 'feedbackLongType': 'SLEEP_TIME_PASSED_STRESSFUL_AND_INACTIVE'}","[{'eventType': 'SLEEP', 'eventStartTimeGmt': '2025-11-25T22:53:09', 'timezoneOffset': 7200000, 'durationInMilliseconds': 23700000, 'bodyBatteryImpact': 34, 'feedbackType': 'NONE', 'shortFeedback': 'NONE', 'deviceId': 3423864303, 'activityName': None, 'activityType': None, 'activityId': None, 'eventUpdateTimeGmt': '2025-11-26T06:12:27'}, {'eventType': 'ACTIVITY', 'eventStartTimeGmt': '2025-11-26T10:17:50', 'timezoneOffset': 7200000, 'durationInMilliseconds': 6480000, 'bodyBatteryImpact': -14, 'feedbackType': 'EXERCISE_TRAINING_EFFECT_3', 'shortFeedback': 'IMPROVING_TEMPO', 'deviceId': 3423864303, 'activityName': 'Kolari Cross Country Classic Skiing', 'activityType': 'cross_country_skiing_ws', 'activityId': 21096018028, 'eventUpdateTimeGmt': '2025-11-26T12:07:02'}]",19.0,44.0,8.0,19.0,2025-11-26T22:00:00.0,200,2025-11-26
5652846,2909.0,871.0,2038.0,2909.0,,,3371.0,15205,2500,13791,13791,871.0,3371.0,5652846,2025-11-27,"{'typeId': 4, 'typeKey': 'groups'}",20e9544e26bf49e5bef50417c94d3e7f,1500,2025-11-26T22:00:00.0,2025-11-27T00:00:00.0,2025-11-27T22:00:00.0,2025-11-28T00:00:00.0,86400000,,4506,5329,46505,30060,True,True,False,False,53,5,265.685,282.528,87.16699,92.69291,150,10,59,167,64,61,GARMIN,32,96,31320,28980,11160,13800,85260,23340,6900,1080.0,36.73,33.99,13.09,16.19,27.38,8.09,1.27,BALANCED,45600,25860,,62,162,33,30,36,5,8,30.0,35.0,3.0,,,,,,,225.0,134.0,"{'eventTimestampGmt': '2025-11-27T18:50:00', 'bodyBatteryLevel': 'LOW', 'feedbackShortType': 'SLEEP_PREPARATION_RECOVERING_AND_INTENSIVE_EXERCISE', 'feedbackLongType': 'SLEEP_PREPARATION_RECOVERING_AND_INTENSIVE_EXERCISE_AND_BB_LOW_MORNING_AND_NOW'}","{'eventTimestampGmt': '2025-11-27T01:22:07', 'bodyBatteryLevel': 'MODERATE', 'feedbackShortType': 'SLEEP_TIME_PASSED_BALANCED_AND_INACTIVE', 'feedbackLongType': 'SLEEP_TIME_PASSED_BALANCED_AND_INACTIVE'}","[{'eventType': 'SLEEP', 'eventStartTimeGmt': '2025-11-26T21:24:49', 'timezoneOffset': 7200000, 'durationInMilliseconds': 29280000, 'bodyBatteryImpact': 30, 'feedbackType': 'NONE', 'shortFeedback': 'NONE', 'deviceId': 3423864303, 'activityName': None, 'activityType': None, 'activityId': None, 'eventUpdateTimeGmt': '2025-11-27T05:33:13'}, {'eventType': 'ACTIVITY', 'eventStartTimeGmt': '2025-11-27T09:16:51', 'timezoneOffset': 7200000, 'durationInMilliseconds': 2400000, 'bodyBatteryImpact': -1, 'feedbackType': 'EXERCISE_TRAINING_EFFECT_BELOW_2', 'shortFeedback': 'NONE', 'deviceId': 3423864303, 'activityName': 'Kolari Walking', 'activityType': 'walking', 'activityId': 21104467113, 'eventUpdateTimeGmt': '2025-11-27T09:57:26'}, {'eventType': 'NAP', 'eventStartTimeGmt': '2025-11-27T12:58:26', 'timezoneOffset': 7200000, 'durationInMilliseconds': 1620000, 'bodyBatteryImpact': 2, 'feedbackType': 'NAP_RECOVERING_BODY_BATTERY_INCREASE', 'shortFeedback': 'RESTFUL_NAP', 'deviceId': 3423864303, 'activityName': None, 'activityType': None, 'activityId': None, 'eventUpdateTimeGmt': '2025-11-27T13:30:40'}, {'eventType': 'ACTIVITY', 'eventStartTimeGmt': '2025-11-27T16:03:17', 'timezoneOffset': 7200000, 'durationInMilliseconds': 3240000, 'bodyBatteryImpact': -6, 'feedbackType': 'EXERCISE_TRAINING_EFFECT_3', 'shortFeedback': 'IMPROVING_AEROBIC_BASE', 'deviceId': 3423864303, 'activityName': 'Kolari - Drill Workout', 'activityType': 'trail_running', 'activityId': 21107187163, 'eventUpdateTimeGmt': '2025-11-27T16:59:13'}]",17.0,38.0,7.0,19.0,2025-11-27T22:00:00.0,200,2025-11-27
5652846,2935.0,897.0,2038.0,2935.0,,,3397.0,12065,2500,10517,10517,897.0,3397.0,5652846,2025-11-28,"{'typeId': 4, 'typeKey': 'groups'}",0161705773354a618e41de20c8357133,1500,2025-11-27T22:00:00.0,2025-11-28T00:00:00.0,2025-11-28T22:00:00.0,2025-11-29T00:00:00.0,86400000,,5112,3443,47462,30383,True,True,False,False,59,6,79.92,52.077,26.22047,17.08563,150,10,54,164,60,62,GARMIN,31,99,30540,34740,11760,8160,85200,19500,8880,2160.0,35.85,40.77,13.8,9.58,22.89,10.42,2.54,BALANCED,47160,29880,,56,159,66,62,74,8,12,66.0,74.0,3.0,,,,,,,216.0,74.0,"{'eventTimestampGmt': '2025-11-28T20:43:07', 'bodyBatteryLevel': 'LOW', 'feedbackShortType': 'SLEEP_PREPARATION_STRESSFUL_AND_EXERCISE', 'feedbackLongType': 'SLEEP_PREPARATION_STRESSFUL_AND_EXERCISE_AND_BB_LOW'}","{'eventTimestampGmt': '2025-11-28T00:17:31', 'bodyBatteryLevel': 'HIGH', 'feedbackShortType': 'SLEEP_TIME_PASSED_RECOVERING_AND_INTENSIVE_EXERCISE', 'feedbackLongType': 'SLEEP_TIME_PASSED_RECOVERING_AND_INTENSIVE_EXERCISE'}","[{'eventType': 'SLEEP', 'eventStartTimeGmt': '2025-11-27T21:39:13', 'timezoneOffset': 7200000, 'durationInMilliseconds': 29820000, 'bodyBatteryImpact': 66, 'feedbackType': 'NONE', 'shortFeedback': 'NONE', 'deviceId': 3423864303, 'activityName': None, 'activityType': None, 'activityId': None, 'eventUpdateTimeGmt': '2025-11-28T05:57:11'}, {'eventType': 'RECOVERY', 'eventStartTimeGmt': '2025-11-28T09:59:53', 'timezoneOffset': 7200000, 'durationInMilliseconds': 2100000, 'bodyBatteryImpact': 0, 'feedbackType': 'RECOVERY_BODY_BATTERY_NOT_INCREASE', 'shortFeedback': 'RESTFUL_PERIOD', 'deviceId': 3423864303, 'activityName': None, 'activityType': None, 'activityId': None, 'eventUpdateTimeGmt': '2025-11-28T10:39:55'}, {'eventType': 'ACTIVITY', 'eventStartTimeGmt': '2025-11-28T14:59:42', 'timezoneOffset': 7200000, 'durationInMilliseconds': 4380000, 'bodyBatteryImpact': -9, 'feedbackType': 'EXERCISE_TRAINING_EFFECT_2', 'shortFeedback': 'MAINTAINING_AEROBIC_BASE', 'deviceId': 3423864303, 'activityName': 'Kolari Trail Running', 'activityType': 'trail_running', 'activityId': 21115237422, 'eventUpdateTimeGmt': '2025-11-28T16:16:48'}]",17.0,38.0,7.0,19.0,2025-11-28T22:00:00.0,200,2025-11-28
5652846,2204.0,166.0,2038.0,2204.0,,,2666.0,5318,2500,4415,4415,166.0,2666.0,5652846,2025-11-29,"{'typeId': 4, 'typeKey': 'groups'}",b4029c7565374c0e82a1a012db35eb96,1500,2025-11-28T22:00:00.0,2025-11-29T00:00:00.0,2025-11-29T22:00:00.0,2025-11-30T00:00:00.0,86400000,,2166,3280,58673,22281,True,False,False,False,0,0,15.24,18.298,5.0,6.00328,150,10,54,115,61,62,GARMIN,25,88,25980,47580,8040,2220,83820,22560,3120,300.0,30.99,56.76,9.59,2.65,26.91,3.72,0.36,BALANCED,61440,20160,,55,112,50,31,52,12,31,40.0,52.0,3.0,,,,,,,30.0,,"{'eventTimestampGmt': '2025-11-29T18:50:00', 'bodyBatteryLevel': 'HIGH', 'feedbackShortType': 'SLEEP_PREPARATION_RECOVERING_AND_INACTIVE', 'feedbackLongType': 'SLEEP_PREPARATION_RECOVERING_AND_INACTIVE'}","{'eventTimestampGmt': '2025-11-29T20:16:01', 'bodyBatteryLevel': 'HIGH', 'feedbackShortType': 'SLEEP_TIME_PASSED_RECOVERING_AND_INACTIVE', 'feedbackLongType': 'SLEEP_TIME_PASSED_RECOVERING_AND_INACTIVE'}","[{'eventType': 'SLEEP', 'eventStartTimeGmt': '2025-11-28T21:30:48', 'timezoneOffset': 7200000, 'durationInMilliseconds': 20700000, 'bodyBatteryImpact': 40, 'feedbackType': 'NONE', 'shortFeedback': 'NONE', 'deviceId': 3423864303, 'activityName': None, 'activityType': None, 'activityId': None, 'eventUpdateTimeGmt': '2025-11-29T04:52:27'}, {'eventType': 'RECOVERY', 'eventStartTimeGmt': '2025-11-29T07:27:07', 'timezoneOffset': 7200000, 'durationInMilliseconds': 5880000, 'bodyBatteryImpact': 4, 'feedbackType': 'RECOVERY_LONG_BODY_BATTERY_INCREASE', 'shortFeedback': 'LONG_RESTFUL_PERIOD', 'deviceId': 3423864303, 'activityName': None, 'activityType': None, 'activityId': None, 'eventUpdateTimeGmt': '2025-11-29T09:07:35'}]",14.0,24.0,8.0,19.0,2025-11-29T22:00:00.0,200,2025-11-29
5652846,3070.0,1032.0,2038.0,3070.0,,,3532.0,16237,2500,14014,14014,1032.0,3532.0,5652846,2025-11-30,"{'typeId': 4, 'typeKey': 'groups'}",381947592fd84fb79d0ad60c7d86e3cc,1500,2025-11-29T22:00:00.0,2025-11-30T00:00:00.0,2025-11-30T22:00:00.0,2025-12-01T00:00:00.0,86400000,,7341,2602,45830,30627,True,True,False,False,56,18,104.486,108.815,34.28018,35.70046,150,10,52,209,59,62,GARMIN,27,98,22440,45060,8820,7980,84300,14040,5640,2760.0,26.62,53.45,10.46,9.47,16.65,6.69,3.27,BALANCED,46620,29700,,54,183,65,68,95,28,28,68.0,95.0,3.0,,,,,,,-47.0,98.0,"{'eventTimestampGmt': '2025-11-30T18:50:01', 'bodyBatteryLevel': 'HIGH', 'feedbackShortType': 'SLEEP_PREPARATION_RECOVERING_AND_INTENSIVE_EXERCISE', 'feedbackLongType': 'SLEEP_PREPARATION_RECOVERING_AND_INTENSIVE_EXERCISE'}",,"[{'eventType': 'SLEEP', 'eventStartTimeGmt': '2025-11-29T21:04:27', 'timezoneOffset': 7200000, 'durationInMilliseconds': 33960000, 'bodyBatteryImpact': 68, 'feedbackType': 'NONE', 'shortFeedback': 'NONE', 'deviceId': 3423864303, 'activityName': None, 'activityType': None, 'activityId': None, 'eventUpdateTimeGmt': '2025-11-30T06:30:37'}, {'eventType': 'RECOVERY', 'eventStartTimeGmt': '2025-11-30T09:38:07', 'timezoneOffset': 7200000, 'durationInMilliseconds': 2820000, 'bodyBatteryImpact': 0, 'feedbackType': 'RECOVERY_BODY_BATTERY_NOT_INCREASE', 'shortFeedback': 'RESTFUL_PERIOD', 'deviceId': 3423864303, 'activityName': None, 'activityType': None, 'activityId': None, 'eventUpdateTimeGmt': '2025-11-30T10:28:00'}, {'eventType': 'ACTIVITY', 'eventStartTimeGmt': '2025-11-30T11:06:16', 'timezoneOffset': 7200000, 'durationInMilliseconds': 4320000, 'bodyBatteryImpact': -16, 'feedbackType': 'EXERCISE_TRAINING_EFFECT_3', 'shortFeedback': 'IMPROVING_AEROBIC_BASE', 'deviceId': 3423864303, 'activityName': None, 'activityType': None, 'activityId': None, 'eventUpdateTimeGmt': '2025-11-30T12:19:10'}]",16.0,38.0,8.0,19.0,2025-11-30T22:00:00.0,200,2025-11-30
5652846,2478.0,440.0,2038.0,2478.0,,,2940.0,10432,2500,8884,8884,440.0,2940.0,5652846,2025-12-01,"{'typeId': 4, 'typeKey': 'groups'}",65985dda9d534895bea192e28a7306b3,1500,2025-11-30T22:00:00.0,2025-12-01T00:00:00.0,2025-12-01T22:00:00.0,2025-12-02T00:00:00.0,86400000,,5110,2112,54821,24357,True,True,False,False,31,0,140.208,145.546,46.0,47.75131,150,10,49,146,61,62,GARMIN,22,82,18900,52740,11820,2520,85980,17520,1320,60.0,21.98,61.34,13.75,2.93,20.38,1.54,0.07,BALANCED,59700,23760,,53,143,45,35,65,28,38,36.0,64.0,3.0,,,,,,,24.0,114.0,"{'eventTimestampGmt': '2025-12-01T18:50:00', 'bodyBatteryLevel': 'HIGH', 'feedbackShortType': 'SLEEP_PREPARATION_RECOVERING_AND_EXERCISE', 'feedbackLongType': 'SLEEP_PREPARATION_RECOVERING_AND_EXERCISE'}","{'eventTimestampGmt': '2025-11-30T22:15:11', 'bodyBatteryLevel': 'HIGH', 'feedbackShortType': 'SLEEP_TIME_PASSED_RECOVERING_AND_INTENSIVE_EXERCISE', 'feedbackLongType': 'SLEEP_TIME_PASSED_RECOVERING_AND_INTENSIVE_EXERCISE'}","[{'eventType': 'SLEEP', 'eventStartTimeGmt': '2025-11-30T22:21:10', 'timezoneOffset': 7200000, 'durationInMilliseconds': 24060000, 'bodyBatteryImpact': 35, 'feedbackType': 'NONE', 'shortFeedback': 'NONE', 'deviceId': 3423864303, 'activityName': None, 'activityType': None, 'activityId': None, 'eventUpdateTimeGmt': '2025-12-01T05:02:42'}, {'eventType': 'RECOVERY', 'eventStartTimeGmt': '2025-12-01T08:21:12', 'timezoneOffset': 7200000, 'durationInMilliseconds': 1500000, 'bodyBatteryImpact': 2, 'feedbackType': 'RECOVERY_BODY_BATTERY_INCREASE', 'shortFeedback': 'BODY_BATTERY_RECHARGE', 'deviceId': 3423864303, 'activityName': None, 'activityType': None, 'activityId': None, 'eventUpdateTimeGmt': '2025-12-01T08:50:40'}, {'eventType': 'RECOVERY', 'eventStartTimeGmt': '2025-12-01T12:39:12', 'timezoneOffset': 7200000, 'durationInMilliseconds': 2280000, 'bodyBatteryImpact': -1, 'feedbackType': 'RECOVERY_BODY_BATTERY_NOT_INCREASE', 'shortFeedback': 'RESTFUL_PERIOD', 'deviceId': 3423864303, 'activityName': None, 'activityType': None, 'activityId': None, 'eventUpdateTimeGmt': '2025-12-01T13:20:40'}, {'eventType': 'ACTIVITY', 'eventStartTimeGmt': '2025-12-01T13:31:02', 'timezoneOffset': 7200000, 'durationInMilliseconds': 4800000, 'bodyBatteryImpact': -8, 'feedbackType': 'EXERCISE_TRAINING_EFFECT_BELOW_2', 'shortFeedback': 'EASY_AEROBIC_BASE', 'deviceId': 3423864303, 'activityName': 'Helsinki Walking', 'activityType': 'walking', 'activityId': 21144821286, 'eventUpdateTimeGmt': '2025-12-01T14:51:35'}, {'eventType': 'RECOVERY', 'eventStartTimeGmt': '2025-12-01T16:10:00', 'timezoneOffset': 7200000, 'durationInMilliseconds': 6480000, 'bodyBatteryImpact': 1, 'feedbackType': 'RECOVERY_LONG_BODY_BATTERY_INCREASE', 'shortFeedback': 'LONG_RESTFUL_PERIOD', 'deviceId': 3423864303, 'activityName': None, 'activityType': None, 'activityId': None, 'eventUpdateTimeGmt': '2025-12-01T18:02:06'}]",14.0,23.0,6.0,18.0,2025-12-01T22:00:00.0,200,2025-12-01
5652846,2607.0,569.0,2038.0,2607.0,,,3069.0,10394,2500,9091,9091,569.0,3069.0,5652846,2025-12-02,"{'typeId': 4, 'typeKey': 'groups'}",e9b796ec584843e78c76019beaf4fd0b,1500,2025-12-01T22:00:00.0,2025-12-02T00:00:00.0,2025-12-02T22:00:00.0,2025-12-03T00:00:00.0,86400000,,4860,1198,54987,25355,True,True,False,False,33,6,60.105,73.404,19.71949,24.08268,150,10,53,173,60,61,GARMIN,23,93,16620,57780,7740,3720,85860,12960,2400,1260.0,19.36,67.3,9.01,4.33,15.09,2.8,1.47,CALM,56940,25200,,54,166,44,56,78,26,26,40.0,78.0,3.0,,,,,,,20.0,83.0,"{'eventTimestampGmt': '2025-12-02T18:50:00', 'bodyBatteryLevel': 'HIGH', 'feedbackShortType': 'SLEEP_PREPARATION_RECOVERING_AND_INTENSIVE_EXERCISE', 'feedbackLongType': 'SLEEP_PREPARATION_RECOVERING_AND_INTENSIVE_EXERCISE'}","{'eventTimestampGmt': '2025-12-02T21:58:10', 'bodyBatteryLevel': 'HIGH', 'feedbackShortType': 'SLEEP_TIME_PASSED_RECOVERING_AND_INTENSIVE_EXERCISE', 'feedbackLongType': 'SLEEP_TIME_PASSED_RECOVERING_AND_INTENSIVE_EXERCISE'}","[{'eventType': 'SLEEP', 'eventStartTimeGmt': '2025-12-01T21:55:35', 'timezoneOffset': 7200000, 'durationInMilliseconds': 25320000, 'bodyBatteryImpact': 40, 'feedbackType': 'NONE', 'shortFeedback': 'NONE', 'deviceId': 3423864303, 'activityName': None, 'activityType': None, 'activityId': None, 'eventUpdateTimeGmt': '2025-12-02T04:58:03'}, {'eventType': 'RECOVERY', 'eventStartTimeGmt': '2025-12-02T06:57:08', 'timezoneOffset': 7200000, 'durationInMilliseconds': 4620000, 'bodyBatteryImpact': 0, 'feedbackType': 'RECOVERY_LONG_BODY_BATTERY_NOT_INCREASE', 'shortFeedback': 'LONG_RESTFUL_PERIOD', 'deviceId': 3423864303, 'activityName': None, 'activityType': None, 'activityId': None, 'eventUpdateTimeGmt': '2025-12-02T08:17:44'}, {'eventType': 'ACTIVITY', 'eventStartTimeGmt': '2025-12-02T13:20:41', 'timezoneOffset': 7200000, 'durationInMilliseconds': 2220000, 'bodyBatteryImpact': -8, 'feedbackType': 'EXERCISE_TRAINING_EFFECT_3', 'shortFeedback': 'IMPROVING_AEROBIC_BASE', 'deviceId': 3423864303, 'activityName': 'Helsinki - Drill Workout', 'activityType': 'running', 'activityId': 21150712585, 'eventUpdateTimeGmt': '2025-12-02T13:58:27'}, {'eventType': 'ACTIVITY', 'eventStartTimeGmt': '2025-12-02T14:07:31', 'timezoneOffset': 7200000, 'durationInMilliseconds': 1260000, 'bodyBatteryImpact': -3, 'feedbackType': 'NONE', 'shortFeedback': 'NONE', 'deviceId': 3423864303, 'activityName': 'Yoga', 'activityType': 'yoga', 'activityId': 21150713157, 'eventUpdateTimeGmt': '2025-12-02T14:29:28'}]",15.0,36.0,6.0,17.0,2025-12-02T22:00:00.0,200,2025-12-02
5652846,2712.0,674.0,2038.0,2712.0,,,3174.0,10966,2500,9450,9450,674.0,3174.0,5652846,2025-12-03,"{'typeId': 4, 'typeKey': 'groups'}",d6cb55708f544b7cbfeb8bb4d294d0fd,1500,2025-12-02T22:00:00.0,2025-12-03T00:00:00.0,2025-12-03T22:00:00.0,2025-12-04T00:00:00.0,86400000,,8628,1250,51130,25392,True,True,False,False,39,38,87.473,82.942,28.69849,27.21194,150,10,49,175,56,60,GARMIN,26,97,26100,46800,7620,4860,85380,19680,4500,1920.0,30.57,54.81,8.92,5.69,23.05,5.27,2.25,BALANCED,55200,25320,,54,168,55,60,81,21,21,55.0,81.0,3.0,,,,,,,19.0,90.0,"{'eventTimestampGmt': '2025-12-03T20:24:36', 'bodyBatteryLevel': 'MODERATE', 'feedbackShortType': 'SLEEP_PREPARATION_RECOVERING_AND_EXERCISE', 'feedbackLongType': 'SLEEP_PREPARATION_RECOVERING_AND_EXERCISE'}",,"[{'eventType': 'SLEEP', 'eventStartTimeGmt': '2025-12-02T21:55:28', 'timezoneOffset': 7200000, 'durationInMilliseconds': 25620000, 'bodyBatteryImpact': 55, 'feedbackType': 'NONE', 'shortFeedback': 'NONE', 'deviceId': 3423864303, 'activityName': None, 'activityType': None, 'activityId': None, 'eventUpdateTimeGmt': '2025-12-03T05:03:12'}, {'eventType': 'RECOVERY', 'eventStartTimeGmt': '2025-12-03T06:46:37', 'timezoneOffset': 7200000, 'durationInMilliseconds': 3060000, 'bodyBatteryImpact': -1, 'feedbackType': 'RECOVERY_BODY_BATTERY_NOT_INCREASE', 'shortFeedback': 'RESTFUL_PERIOD', 'deviceId': 3423864303, 'activityName': None, 'activityType': None, 'activityId': None, 'eventUpdateTimeGmt': '2025-12-03T07:41:44'}, {'eventType': 'RECOVERY', 'eventStartTimeGmt': '2025-12-03T08:01:57', 'timezoneOffset': 7200000, 'durationInMilliseconds': 3600000, 'bodyBatteryImpact': -1, 'feedbackType': 'RECOVERY_LONG_BODY_BATTERY_NOT_INCREASE', 'shortFeedback': 'LONG_RESTFUL_PERIOD', 'deviceId': 3423864303, 'activityName': None, 'activityType': None, 'activityId': None, 'eventUpdateTimeGmt': '2025-12-03T09:05:50'}, {'eventType': 'ACTIVITY', 'eventStartTimeGmt': '2025-12-03T13:16:44', 'timezoneOffset': 7200000, 'durationInMilliseconds': 2340000, 'bodyBatteryImpact': -8, 'feedbackType': 'EXERCISE_TRAINING_EFFECT_2', 'shortFeedback': 'MAINTAINING_AEROBIC', 'deviceId': 3423864303, 'activityName': 'Helsinki - Drill Workout', 'activityType': 'running', 'activityId': 21158612849, 'eventUpdateTimeGmt': '2025-12-03T13:56:19'}]",15.0,36.0,6.0,17.0,2025-12-03T22:00:00.0,200,2025-12-03
5652846,3032.0,994.0,2038.0,3032.0,,,3494.0,10815,2500,9295,9295,994.0,3494.0,5652846,2025-12-04,"{'typeId': 4, 'typeKey': 'groups'}",dbbdf1322ca845acbe1818a2785c30dc,1500,2025-12-03T22:00:00.0,2025-12-04T00:00:00.0,2025-12-04T22:00:00.0,2025-12-05T00:00:00.0,86400000,,7627,3587,50646,24540,True,True,False,False,33,34,19.718,50.761,6.46916,16.65387,150,10,57,219,61,60,GARMIN,35,90,39060,27900,11280,7080,85320,26640,9780,2640.0,45.78,32.7,13.22,8.3,31.22,11.46,3.09,STRESSFUL,54600,23640,,58,178,44,55,65,10,10,44.0,65.0,3.0,3.0,,,,,,19.0,91.0,"{'eventTimestampGmt': '2025-12-04T19:59:14', 'bodyBatteryLevel': 'LOW', 'feedbackShortType': 'SLEEP_PREPARATION_BALANCED_AND_INTENSIVE_EXERCISE', 'feedbackLongType': 'SLEEP_PREPARATION_BALANCED_AND_INTENSIVE_EXERCISE_AND_BB_LOW'}","{'eventTimestampGmt': '2025-12-04T21:49:56', 'bodyBatteryLevel': 'LOW', 'feedbackShortType': 'SLEEP_TIME_PASSED_BALANCED_AND_INTENSIVE_EXERCISE', 'feedbackLongType': 'SLEEP_TIME_PASSED_BALANCED_AND_INTENSIVE_EXERCISE_AND_BB_LOW'}","[{'eventType': 'SLEEP', 'eventStartTimeGmt': '2025-12-03T22:00:43', 'timezoneOffset': 7200000, 'durationInMilliseconds': 24540000, 'bodyBatteryImpact': 44, 'feedbackType': 'NONE', 'shortFeedback': 'NONE', 'deviceId': 3423864303, 'activityName': None, 'activityType': None, 'activityId': None, 'eventUpdateTimeGmt': '2025-12-04T04:51:31'}, {'eventType': 'ACTIVITY', 'eventStartTimeGmt': '2025-12-04T14:22:05', 'timezoneOffset': 7200000, 'durationInMilliseconds': 3840000, 'bodyBatteryImpact': -9, 'feedbackType': 'EXERCISE_TRAINING_EFFECT_3', 'shortFeedback': 'MAINTAINING_ANAEROBIC_FITNESS', 'deviceId': 3423864303, 'activityName': 'Strength', 'activityType': 'strength_training', 'activityId': 21169942822, 'eventUpdateTimeGmt': '2025-12-04T15:26:36'}]",16.0,42.0,7.0,19.0,2025-12-04T22:00:00.0,200,2025-12-04
5652846,2327.0,289.0,2038.0,2327.0,,,2789.0,8901,2500,7634,7634,289.0,2789.0,5652846,2025-12-05,"{'typeId': 4, 'typeKey': 'groups'}",bb2b2f64193b4635a471eeeb3b07a181,1500,2025-12-04T22:00:00.0,2025-12-05T00:00:00.0,2025-12-05T22:00:00.0,2025-12-06T00:00:00.0,86400000,,4007,2053,63212,17128,True,True,False,False,9,0,49.799,56.835,16.33825,18.64665,150,10,55,135,61,60,GARMIN,28,85,32700,36600,11580,3300,84180,28680,3840,180.0,38.85,43.48,13.76,3.92,34.07,4.56,0.21,BALANCED,64980,15900,,57,134,35,28,38,10,17,18.0,37.0,3.0,,,,,,,22.0,47.0,"{'eventTimestampGmt': '2025-12-05T18:50:01', 'bodyBatteryLevel': 'MODERATE', 'feedbackShortType': 'SLEEP_PREPARATION_RECOVERING_AND_EXERCISE', 'feedbackLongType': 'SLEEP_PREPARATION_RECOVERING_AND_EXERCISE'}","{'eventTimestampGmt': '2025-12-05T21:51:12', 'bodyBatteryLevel': 'MODERATE', 'feedbackShortType': 'SLEEP_TIME_PASSED_RECOVERING_AND_EXERCISE', 'feedbackLongType': 'SLEEP_TIME_PASSED_RECOVERING_AND_EXERCISE'}","[{'eventType': 'SLEEP', 'eventStartTimeGmt': '2025-12-05T00:23:36', 'timezoneOffset': 7200000, 'durationInMilliseconds': 16020000, 'bodyBatteryImpact': 18, 'feedbackType': 'NONE', 'shortFeedback': 'NONE', 'deviceId': 3423864303, 'activityName': None, 'activityType': None, 'activityId': None, 'eventUpdateTimeGmt': '2025-12-05T04:51:03'}, {'eventType': 'ACTIVITY', 'eventStartTimeGmt': '2025-12-05T13:23:52', 'timezoneOffset': 7200000, 'durationInMilliseconds': 1920000, 'bodyBatteryImpact': -1, 'feedbackType': 'EXERCISE_TRAINING_EFFECT_BELOW_2', 'shortFeedback': 'EASY_RECOVERY', 'deviceId': 3423864303, 'activityName': 'Helsinki Walking', 'activityType': 'walking', 'activityId': 21176086647, 'eventUpdateTimeGmt': '2025-12-05T13:57:59'}, {'eventType': 'RECOVERY', 'eventStartTimeGmt': '2025-12-05T14:10:04', 'timezoneOffset': 7200000, 'durationInMilliseconds': 2580000, 'bodyBatteryImpact': 3, 'feedbackType': 'RECOVERY_BODY_BATTERY_INCREASE', 'shortFeedback': 'BODY_BATTERY_RECHARGE', 'deviceId': 3423864303, 'activityName': None, 'activityType': None, 'activityId': None, 'eventUpdateTimeGmt': '2025-12-05T14:58:10'}]",15.0,23.0,8.0,17.0,2025-12-05T22:00:00.0,200,2025-12-05
5652846,4222.0,2184.0,2038.0,4222.0,,,4684.0,28833,2500,26793,26793,2184.0,4684.0,5652846,2025-12-06,"{'typeId': 4, 'typeKey': 'groups'}",a42333d0bc374c62bdf657381dc120b4,1500,2025-12-05T22:00:00.0,2025-12-06T00:00:00.0,2025-12-06T22:00:00.0,2025-12-07T00:00:00.0,86400000,,23641,8129,28951,25679,True,True,False,False,148,188,264.406,257.787,86.74738,84.57579,150,10,53,225,57,59,GARMIN,32,95,25080,30000,13620,16800,85500,11400,9540,4140.0,29.33,35.09,15.93,19.65,13.33,11.16,4.84,BALANCED,43140,25560,,55,225,70,81,87,6,6,69.0,86.0,3.0,1.0,,,,,,30.0,306.0,"{'eventTimestampGmt': '2025-12-06T19:55:29', 'bodyBatteryLevel': 'LOW', 'feedbackShortType': 'SLEEP_PREPARATION_STRESSFUL_AND_INTENSIVE_EXERCISE', 'feedbackLongType': 'SLEEP_PREPARATION_STRESSFUL_AND_INTENSIVE_EXERCISE_AND_BB_LOW'}","{'eventTimestampGmt': '2025-12-05T23:15:17', 'bodyBatteryLevel': 'HIGH', 'feedbackShortType': 'SLEEP_TIME_PASSED_RECOVERING_AND_EXERCISE', 'feedbackLongType': 'SLEEP_TIME_PASSED_RECOVERING_AND_EXERCISE'}","[{'eventType': 'SLEEP', 'eventStartTimeGmt': '2025-12-05T21:41:59', 'timezoneOffset': 7200000, 'durationInMilliseconds': 26760000, 'bodyBatteryImpact': 70, 'feedbackType': 'NONE', 'shortFeedback': 'NONE', 'deviceId': 3423864303, 'activityName': None, 'activityType': None, 'activityId': None, 'eventUpdateTimeGmt': '2025-12-06T05:18:33'}, {'eventType': 'ACTIVITY', 'eventStartTimeGmt': '2025-12-06T08:52:07', 'timezoneOffset': 7200000, 'durationInMilliseconds': 12960000, 'bodyBatteryImpact': -29, 'feedbackType': 'EXERCISE_TRAINING_EFFECT_4_GOOD_TIMING', 'shortFeedback': 'HIGHLY_IMPROVING_TEMPO', 'deviceId': 3423864303, 'activityName': 'Tuusula - Magic Half-Mile', 'activityType': 'trail_running', 'activityId': 21184039610, 'eventUpdateTimeGmt': '2025-12-06T12:28:58'}]",20.0,41.0,7.0,20.0,2025-12-06T22:00:00.0,200,2025-12-06
5652846,2586.0,548.0,2038.0,2586.0,,,3048.0,11563,2500,10958,10958,548.0,3048.0,5652846,2025-12-07,"{'typeId': 4, 'typeKey': 'groups'}",5d3f1be61c8e44a593efde56019e1298,1500,2025-12-06T22:00:00.0,2025-12-07T00:00:00.0,2025-12-07T22:00:00.0,2025-12-08T00:00:00.0,86400000,,5715,1625,55000,24060,True,True,False,False,46,0,117.891,129.497,38.67815,42.48589,150,10,51,146,60,59,GARMIN,28,88,34980,37620,11700,1440,85740,29040,5280,660.0,40.8,43.88,13.65,1.68,33.87,6.16,0.77,BALANCED,60300,24000,,54,144,53,34,46,5,25,34.0,39.0,3.0,,,,,,,24.0,116.0,"{'eventTimestampGmt': '2025-12-07T21:59:47', 'bodyBatteryLevel': 'HIGH', 'feedbackShortType': 'SLEEP_PREPARATION_RECOVERING_AND_EXERCISE', 'feedbackLongType': 'SLEEP_PREPARATION_RECOVERING_AND_EXERCISE'}","{'eventTimestampGmt': '2025-12-07T01:56:18', 'bodyBatteryLevel': 'HIGH', 'feedbackShortType': 'SLEEP_TIME_PASSED_STRESSFUL_AND_INACTIVE', 'feedbackLongType': 'SLEEP_TIME_PASSED_STRESSFUL_AND_INACTIVE'}","[{'eventType': 'SLEEP', 'eventStartTimeGmt': '2025-12-06T22:33:58', 'timezoneOffset': 7200000, 'durationInMilliseconds': 24060000, 'bodyBatteryImpact': 34, 'feedbackType': 'NONE', 'shortFeedback': 'NONE', 'deviceId': 3423864303, 'activityName': None, 'activityType': None, 'activityId': None, 'eventUpdateTimeGmt': '2025-12-07T05:23:28'}, {'eventType': 'RECOVERY', 'eventStartTimeGmt': '2025-12-07T09:12:28', 'timezoneOffset': 7200000, 'durationInMilliseconds': 6360000, 'bodyBatteryImpact': 4, 'feedbackType': 'RECOVERY_LONG_BODY_BATTERY_INCREASE', 'shortFeedback': 'LONG_RESTFUL_PERIOD', 'deviceId': 3423864303, 'activityName': None, 'activityType': None, 'activityId': None, 'eventUpdateTimeGmt': '2025-12-07T11:02:25'}, {'eventType': 'RECOVERY', 'eventStartTimeGmt': '2025-12-07T11:03:48', 'timezoneOffset': 7200000, 'durationInMilliseconds': 3780000, 'bodyBatteryImpact': 5, 'feedbackType': 'RECOVERY_LONG_BODY_BATTERY_INCREASE', 'shortFeedback': 'LONG_RESTFUL_PERIOD', 'deviceId': 3423864303, 'activityName': None, 'activityType': None, 'activityId': None, 'eventUpdateTimeGmt': '2025-12-07T12:10:57'}, {'eventType': 'ACTIVITY', 'eventStartTimeGmt': '2025-12-07T12:15:43', 'timezoneOffset': 7200000, 'durationInMilliseconds': 3660000, 'bodyBatteryImpact': -6, 'feedbackType': 'EXERCISE_TRAINING_EFFECT_2', 'shortFeedback': 'MAINTAINING_AEROBIC_BASE', 'deviceId': 3423864303, 'activityName': 'Helsinki Walking', 'activityType': 'walking', 'activityId': 21193529343, 'eventUpdateTimeGmt': '2025-12-07T13:17:38'}, {'eventType': 'ACTIVITY', 'eventStartTimeGmt': '2025-12-07T13:58:30', 'timezoneOffset': 7200000, 'durationInMilliseconds': 1200000, 'bodyBatteryImpact': -2, 'feedbackType': 'NONE', 'shortFeedback': 'NONE', 'deviceId': 3423864303, 'activityName': None, 'activityType': None, 'activityId': None, 'eventUpdateTimeGmt': '2025-12-07T14:19:20'}, {'eventType': 'RECOVERY', 'eventStartTimeGmt': '2025-12-07T16:45:55', 'timezoneOffset': 7200000, 'durationInMilliseconds': 2580000, 'bodyBatteryImpact': 2, 'feedbackType': 'RECOVERY_BODY_BATTERY_INCREASE', 'shortFeedback': 'BODY_BATTERY_RECHARGE', 'deviceId': 3423864303, 'activityName': None, 'activityType': None, 'activityId': None, 'eventUpdateTimeGmt': '2025-12-07T17:33:00'}]",15.0,25.0,7.0,13.0,2025-12-07T22:00:00.0,200,2025-12-07
5652846,1938.0,434.0,1504.0,1938.0,,,2934.0,8393,2500,7492,7492,434.0,2934.0,5652846,2025-12-08,"{'typeId': 4, 'typeKey': 'groups'}",270732ce1fce4ae4b2c6a3217503453e,1500,2025-12-07T22:00:00.0,2025-12-08T00:00:00.0,2025-12-08T15:43:00.0,2025-12-08T17:43:00.0,63780000,,3614,861,37251,22054,True,True,False,False,37,2,57.912,65.176,19.0,21.3832,150,10,51,173,60,59,GARMIN,24,96,15180,37380,5880,4200,62640,10680,3780,720.0,24.23,59.67,9.39,6.7,17.05,6.03,1.15,BALANCED,38520,19920,2025-12-08T15:44:18.469,54,170,52,47,77,25,30,48.0,77.0,3.0,,,,,,,26.0,90.0,"{'eventTimestampGmt': '2025-12-08T14:35:11', 'bodyBatteryLevel': 'MODERATE', 'feedbackShortType': 'DAY_RECOVERING_AND_EXERCISE', 'feedbackLongType': 'DAY_RECOVERING_AND_EXERCISE'}","{'eventTimestampGmt': '2025-12-07T22:15:12', 'bodyBatteryLevel': 'HIGH', 'feedbackShortType': 'SLEEP_TIME_PASSED_RECOVERING_AND_EXERCISE', 'feedbackLongType': 'SLEEP_TIME_PASSED_RECOVERING_AND_EXERCISE'}","[{'eventType': 'SLEEP', 'eventStartTimeGmt': '2025-12-07T23:16:20', 'timezoneOffset': 7200000, 'durationInMilliseconds': 19920000, 'bodyBatteryImpact': 48, 'feedbackType': 'NONE', 'shortFeedback': 'NONE', 'deviceId': 3423864303, 'activityName': None, 'activityType': None, 'activityId': None, 'eventUpdateTimeGmt': '2025-12-08T04:48:54'}, {'eventType': 'RECOVERY', 'eventStartTimeGmt': '2025-12-08T07:44:59', 'timezoneOffset': 7200000, 'durationInMilliseconds': 3420000, 'bodyBatteryImpact': -1, 'feedbackType': 'RECOVERY_BODY_BATTERY_NOT_INCREASE', 'shortFeedback': 'RESTFUL_PERIOD', 'deviceId': 3423864303, 'activityName': None, 'activityType': None, 'activityId': None, 'eventUpdateTimeGmt': '2025-12-08T08:45:25'}, {'eventType': 'RECOVERY', 'eventStartTimeGmt': '2025-12-08T11:37:19', 'timezoneOffset': 7200000, 'durationInMilliseconds': 4380000, 'bodyBatteryImpact': -1, 'feedbackType': 'RECOVERY_LONG_BODY_BATTERY_NOT_INCREASE', 'shortFeedback': 'LONG_RESTFUL_PERIOD', 'deviceId': 3423864303, 'activityName': None, 'activityType': None, 'activityId': None, 'eventUpdateTimeGmt': '2025-12-08T12:54:05'}, {'eventType': 'ACTIVITY', 'eventStartTimeGmt': '2025-12-08T13:13:54', 'timezoneOffset': 7200000, 'durationInMilliseconds': 2280000, 'bodyBatteryImpact': -7, 'feedbackType': 'EXERCISE_TRAINING_EFFECT_2', 'shortFeedback': 'MAINTAINING_AEROBIC', 'deviceId': 3423864303, 'activityName': 'Helsinki - Drill Workout', 'activityType': 'running', 'activityId': 21202731454, 'eventUpdateTimeGmt': '2025-12-08T13:53:26'}, {'eventType': 'ACTIVITY', 'eventStartTimeGmt': '2025-12-08T14:09:45', 'timezoneOffset': 7200000, 'durationInMilliseconds': 1500000, 'bodyBatteryImpact': -4, 'feedbackType': 'NONE', 'shortFeedback': 'NONE', 'deviceId': 3423864303, 'activityName': 'Yoga', 'activityType': 'yoga', 'activityId': 21202731857, 'eventUpdateTimeGmt': '2025-12-08T14:35:11'}]",15.0,35.0,8.0,14.0,2025-12-08T15:42:00.0,200,2025-12-08
5652846,2547.0,509.0,2038.0,2547.0,,,3009.0,12011,2500,11110,11110,509.0,3009.0,5652846,2025-12-09,"{'typeId': 4, 'typeKey': 'groups'}",8b8abf83f4654196a3d8482631804ba3,1500,2025-12-08T22:00:00.0,2025-12-09T00:00:00.0,2025-12-09T22:00:00.0,2025-12-10T00:00:00.0,86400000,,5597,1076,57058,22669,True,True,False,False,50,0,120.475,126.475,39.52592,41.49442,150,10,53,150,60,59,GARMIN,29,93,35280,34980,11400,4140,85800,29040,5280,960.0,41.12,40.77,13.29,4.83,33.85,6.15,1.12,BALANCED,61740,19920,,53,146,43,50,65,17,17,43.0,65.0,3.0,,,,,,,24.0,82.0,"{'eventTimestampGmt': '2025-12-09T18:50:00', 'bodyBatteryLevel': 'MODERATE', 'feedbackShortType': 'SLEEP_PREPARATION_RECOVERING_AND_EXERCISE', 'feedbackLongType': 'SLEEP_PREPARATION_RECOVERING_AND_EXERCISE'}","{'eventTimestampGmt': '2025-12-09T00:41:29', 'bodyBatteryLevel': 'HIGH', 'feedbackShortType': 'SLEEP_TIME_PASSED_RECOVERING_AND_EXERCISE', 'feedbackLongType': 'SLEEP_TIME_PASSED_RECOVERING_AND_EXERCISE'}","[{'eventType': 'SLEEP', 'eventStartTimeGmt': '2025-12-08T23:33:11', 'timezoneOffset': 7200000, 'durationInMilliseconds': 20160000, 'bodyBatteryImpact': 43, 'feedbackType': 'NONE', 'shortFeedback': 'NONE', 'deviceId': 3423864303, 'activityName': None, 'activityType': None, 'activityId': None, 'eventUpdateTimeGmt': '2025-12-09T05:14:13'}, {'eventType': 'RECOVERY', 'eventStartTimeGmt': '2025-12-09T07:34:58', 'timezoneOffset': 7200000, 'durationInMilliseconds': 2040000, 'bodyBatteryImpact': 0, 'feedbackType': 'RECOVERY_BODY_BATTERY_NOT_INCREASE', 'shortFeedback': 'RESTFUL_PERIOD', 'deviceId': 3423864303, 'activityName': None, 'activityType': None, 'activityId': None, 'eventUpdateTimeGmt': '2025-12-09T08:13:15'}, {'eventType': 'ACTIVITY', 'eventStartTimeGmt': '2025-12-09T13:27:18', 'timezoneOffset': 7200000, 'durationInMilliseconds': 3480000, 'bodyBatteryImpact': -5, 'feedbackType': 'EXERCISE_TRAINING_EFFECT_2', 'shortFeedback': 'MAINTAINING_AEROBIC_BASE', 'deviceId': 3423864303, 'activityName': 'Helsinki Walking', 'activityType': 'walking', 'activityId': 21214806450, 'eventUpdateTimeGmt': '2025-12-09T14:26:11'}]",14.0,25.0,7.0,19.0,2025-12-09T22:00:00.0,200,2025-12-09
5652846,2690.0,652.0,2038.0,2690.0,,,3152.0,10985,2500,9386,9386,652.0,3152.0,5652846,2025-12-10,"{'typeId': 4, 'typeKey': 'groups'}",ce72a9128dc94cc4ae293f59bbcf0a3d,1500,2025-12-09T22:00:00.0,2025-12-10T00:00:00.0,2025-12-10T22:00:00.0,2025-12-11T00:00:00.0,86400000,,6618,2455,54036,23291,True,True,False,False,27,27,58.457,49.395,19.17881,16.20571,150,10,53,170,57,59,GARMIN,33,99,37020,34680,9120,4080,84900,21060,12780,3180.0,43.6,40.85,10.74,4.81,24.81,15.05,3.75,BALANCED,57720,23100,,55,163,59,62,74,14,14,57.0,74.0,3.0,,,,,,,22.0,72.0,"{'eventTimestampGmt': '2025-12-10T18:50:01', 'bodyBatteryLevel': 'MODERATE', 'feedbackShortType': 'SLEEP_PREPARATION_BALANCED_AND_EXERCISE', 'feedbackLongType': 'SLEEP_PREPARATION_BALANCED_AND_EXERCISE'}","{'eventTimestampGmt': '2025-12-10T21:57:36', 'bodyBatteryLevel': 'LOW', 'feedbackShortType': 'SLEEP_TIME_PASSED_BALANCED_AND_EXERCISE', 'feedbackLongType': 'SLEEP_TIME_PASSED_BALANCED_AND_EXERCISE_AND_BB_LOW'}","[{'eventType': 'SLEEP', 'eventStartTimeGmt': '2025-12-09T21:18:11', 'timezoneOffset': 7200000, 'durationInMilliseconds': 25800000, 'bodyBatteryImpact': 57, 'feedbackType': 'NONE', 'shortFeedback': 'NONE', 'deviceId': 3423864303, 'activityName': None, 'activityType': None, 'activityId': None, 'eventUpdateTimeGmt': '2025-12-10T05:09:13'}, {'eventType': 'ACTIVITY', 'eventStartTimeGmt': '2025-12-10T15:06:49', 'timezoneOffset': 7200000, 'durationInMilliseconds': 1800000, 'bodyBatteryImpact': -4, 'feedbackType': 'EXERCISE_TRAINING_EFFECT_2', 'shortFeedback': 'MAINTAINING_AEROBIC', 'deviceId': 3423864303, 'activityName': 'Helsinki - Drill Workout', 'activityType': 'running', 'activityId': 21221465380, 'eventUpdateTimeGmt': '2025-12-10T15:37:47'}, {'eventType': 'ACTIVITY', 'eventStartTimeGmt': '2025-12-10T15:50:40', 'timezoneOffset': 7200000, 'durationInMilliseconds': 1200000, 'bodyBatteryImpact': -2, 'feedbackType': 'NONE', 'shortFeedback': 'NONE', 'deviceId': 3423864303, 'activityName': 'Yoga', 'activityType': 'yoga', 'activityId': 21221465932, 'eventUpdateTimeGmt': '2025-12-10T16:11:37'}, {'eventType': 'RECOVERY', 'eventStartTimeGmt': '2025-12-10T18:21:27', 'timezoneOffset': 7200000, 'durationInMilliseconds': 3780000, 'bodyBatteryImpact': 2, 'feedbackType': 'RECOVERY_EVENING', 'shortFeedback': 'RESTFUL_PERIOD', 'deviceId': 3423864303, 'activityName': None, 'activityType': None, 'activityId': None, 'eventUpdateTimeGmt': '2025-12-10T19:28:20'}]",15.0,38.0,7.0,19.0,2025-12-10T22:00:00.0,200,2025-12-10
5652846,3048.0,1010.0,2038.0,3048.0,,,3510.0,8596,2500,7527,7527,1010.0,3510.0,5652846,2025-12-11,"{'typeId': 4, 'typeKey': 'groups'}",17362085580543c08ad9adf6fbe7e059,1500,2025-12-10T22:00:00.0,2025-12-11T00:00:00.0,2025-12-11T22:00:00.0,2025-12-12T00:00:00.0,86400000,,8211,3681,43614,30894,True,True,False,False,40,51,22.863,41.487,7.50098,13.61122,150,10,53,178,59,59,GARMIN,31,96,33060,32760,9660,7620,83100,24780,6360,1920.0,39.78,39.42,11.62,9.17,29.82,7.65,2.31,BALANCED,45240,30240,,57,176,43,46,54,8,11,40.0,54.0,3.0,1.0,,,,,,13.0,94.0,"{'eventTimestampGmt': '2025-12-11T18:50:00', 'bodyBatteryLevel': 'LOW', 'feedbackShortType': 'SLEEP_PREPARATION_BALANCED_AND_INTENSIVE_EXERCISE', 'feedbackLongType': 'SLEEP_PREPARATION_BALANCED_AND_INTENSIVE_EXERCISE_AND_BB_LOW_MORNING_AND_NOW'}","{'eventTimestampGmt': '2025-12-11T00:11:51', 'bodyBatteryLevel': 'HIGH', 'feedbackShortType': 'SLEEP_TIME_PASSED_BALANCED_AND_EXERCISE', 'feedbackLongType': 'SLEEP_TIME_PASSED_BALANCED_AND_EXERCISE'}","[{'eventType': 'SLEEP', 'eventStartTimeGmt': '2025-12-10T22:06:37', 'timezoneOffset': 7200000, 'durationInMilliseconds': 26820000, 'bodyBatteryImpact': 40, 'feedbackType': 'NONE', 'shortFeedback': 'NONE', 'deviceId': 3423864303, 'activityName': None, 'activityType': None, 'activityId': None, 'eventUpdateTimeGmt': '2025-12-11T05:36:03'}, {'eventType': 'RECOVERY', 'eventStartTimeGmt': '2025-12-11T08:56:23', 'timezoneOffset': 7200000, 'durationInMilliseconds': 2160000, 'bodyBatteryImpact': 0, 'feedbackType': 'RECOVERY_BODY_BATTERY_NOT_INCREASE', 'shortFeedback': 'RESTFUL_PERIOD', 'deviceId': 3423864303, 'activityName': None, 'activityType': None, 'activityId': None, 'eventUpdateTimeGmt': '2025-12-11T09:36:07'}, {'eventType': 'ACTIVITY', 'eventStartTimeGmt': '2025-12-11T14:09:06', 'timezoneOffset': 7200000, 'durationInMilliseconds': 3960000, 'bodyBatteryImpact': -7, 'feedbackType': 'EXERCISE_TRAINING_EFFECT_3', 'shortFeedback': 'MAINTAINING_ANAEROBIC_FITNESS', 'deviceId': 3423864303, 'activityName': 'Strength', 'activityType': 'strength_training', 'activityId': 21229971782, 'eventUpdateTimeGmt': '2025-12-11T15:16:06'}]",16.0,40.0,6.0,18.0,2025-12-11T22:00:00.0,200,2025-12-11
5652846,2422.0,384.0,2038.0,2422.0,,,2884.0,6849,2500,5640,5640,384.0,2884.0,5652846,2025-12-12,"{'typeId': 4, 'typeKey': 'groups'}",320a403267d3421598be8ec551d6f589,1500,2025-12-11T22:00:00.0,2025-12-12T00:00:00.0,2025-12-12T22:00:00.0,2025-12-13T00:00:00.0,86400000,,2969,2630,53735,27066,True,False,False,False,6,0,16.447,25.545,5.396,8.38091,150,10,55,137,59,59,GARMIN,31,95,35700,32160,8760,9000,85620,27480,6180,2040.0,41.7,37.56,10.23,10.51,32.1,7.22,2.38,BALANCED,49560,27060,,56,135,55,48,66,11,18,58.0,66.0,3.0,1.0,,,,,,43.0,,"{'eventTimestampGmt': '2025-12-12T18:50:00', 'bodyBatteryLevel': 'MODERATE', 'feedbackShortType': 'SLEEP_PREPARATION_BALANCED_AND_INACTIVE', 'feedbackLongType': 'SLEEP_PREPARATION_BALANCED_AND_INACTIVE'}","{'eventTimestampGmt': '2025-12-12T02:37:19', 'bodyBatteryLevel': 'HIGH', 'feedbackShortType': 'SLEEP_TIME_PASSED_BALANCED_AND_INACTIVE', 'feedbackLongType': 'SLEEP_TIME_PASSED_BALANCED_AND_INACTIVE'}","[{'eventType': 'SLEEP', 'eventStartTimeGmt': '2025-12-11T20:52:06', 'timezoneOffset': 7200000, 'durationInMilliseconds': 31140000, 'bodyBatteryImpact': 58, 'feedbackType': 'NONE', 'shortFeedback': 'NONE', 'deviceId': 3423864303, 'activityName': None, 'activityType': None, 'activityId': None, 'eventUpdateTimeGmt': '2025-12-12T05:31:13'}, {'eventType': 'RECOVERY', 'eventStartTimeGmt': '2025-12-12T08:43:33', 'timezoneOffset': 7200000, 'durationInMilliseconds': 2400000, 'bodyBatteryImpact': 0, 'feedbackType': 'RECOVERY_BODY_BATTERY_NOT_INCREASE', 'shortFeedback': 'RESTFUL_PERIOD', 'deviceId': 3423864303, 'activityName': None, 'activityType': None, 'activityId': None, 'eventUpdateTimeGmt': '2025-12-12T09:27:45'}]",16.0,25.0,8.0,15.0,2025-12-12T22:00:00.0,200,2025-12-12
5652846,3681.0,1643.0,2038.0,3681.0,,,4143.0,22227,2500,20167,20167,1643.0,4143.0,5652846,2025-12-13,"{'typeId': 4, 'typeKey': 'groups'}",0b44e422b2c9416c8e7cb501aacbde69,1500,2025-12-12T22:00:00.0,2025-12-13T00:00:00.0,2025-12-13T22:00:00.0,2025-12-14T00:00:00.0,86400000,,19111,5703,32486,29100,True,True,False,False,183,75,329.184,313.194,108.0,102.75394,150,10,48,162,59,59,GARMIN,33,91,35400,28020,6540,15600,85560,23220,10080,2100.0,41.37,32.75,7.64,18.23,27.14,11.78,2.45,STRESSFUL,42540,27420,,57,160,59,61,76,16,16,59.0,76.0,3.0,1.0,,,,,,69.0,240.0,"{'eventTimestampGmt': '2025-12-13T21:03:16', 'bodyBatteryLevel': 'MODERATE', 'feedbackShortType': 'SLEEP_PREPARATION_STRESSFUL_AND_INTENSIVE_EXERCISE', 'feedbackLongType': 'SLEEP_PREPARATION_STRESSFUL_AND_INTENSIVE_EXERCISE'}","{'eventTimestampGmt': '2025-12-13T00:19:40', 'bodyBatteryLevel': 'HIGH', 'feedbackShortType': 'SLEEP_TIME_PASSED_BALANCED_AND_INACTIVE', 'feedbackLongType': 'SLEEP_TIME_PASSED_BALANCED_AND_INACTIVE'}","[{'eventType': 'SLEEP', 'eventStartTimeGmt': '2025-12-12T22:34:13', 'timezoneOffset': 7200000, 'durationInMilliseconds': 29100000, 'bodyBatteryImpact': 59, 'feedbackType': 'NONE', 'shortFeedback': 'NONE', 'deviceId': 3423864303, 'activityName': None, 'activityType': None, 'activityId': None, 'eventUpdateTimeGmt': '2025-12-13T06:51:27'}, {'eventType': 'ACTIVITY', 'eventStartTimeGmt': '2025-12-13T09:02:23', 'timezoneOffset': 7200000, 'durationInMilliseconds': 11640000, 'bodyBatteryImpact': -21, 'feedbackType': 'EXERCISE_TRAINING_EFFECT_3', 'shortFeedback': 'IMPROVING_AEROBIC_BASE', 'deviceId': 3423864303, 'activityName': 'Taipalsaari - Run Walk Run®', 'activityType': 'trail_running', 'activityId': 21245920481, 'eventUpdateTimeGmt': '2025-12-13T12:18:02'}]",19.0,38.0,8.0,20.0,2025-12-13T22:00:00.0,200,2025-12-13
5652846,3725.0,1687.0,2038.0,3725.0,,,4187.0,14966,2500,13595,13595,1687.0,4187.0,5652846,2025-12-14,"{'typeId': 4, 'typeKey': 'groups'}",ecc9a23d7ca34744a90bf9016a584c79,1500,2025-12-13T22:00:00.0,2025-12-14T00:00:00.0,2025-12-14T22:00:00.0,2025-12-15T00:00:00.0,86400000,,11626,1615,38588,34571,True,True,False,False,50,118,23.727,9.301,7.78445,3.05151,150,10,57,228,62,59,GARMIN,34,99,40500,28980,7860,8160,85500,29820,9060,1620.0,47.37,33.89,9.19,9.54,34.88,10.6,1.89,STRESSFUL,43260,34080,,59,227,45,45,61,16,16,44.0,60.0,3.0,1.0,,,,,,64.0,95.0,"{'eventTimestampGmt': '2025-12-14T21:04:12', 'bodyBatteryLevel': 'MODERATE', 'feedbackShortType': 'SLEEP_PREPARATION_BALANCED_AND_INTENSIVE_EXERCISE', 'feedbackLongType': 'SLEEP_PREPARATION_BALANCED_AND_INTENSIVE_EXERCISE'}","{'eventTimestampGmt': '2025-12-14T00:27:19', 'bodyBatteryLevel': 'HIGH', 'feedbackShortType': 'SLEEP_TIME_PASSED_STRESSFUL_AND_INTENSIVE_EXERCISE', 'feedbackLongType': 'SLEEP_TIME_PASSED_STRESSFUL_AND_INTENSIVE_EXERCISE'}","[{'eventType': 'SLEEP', 'eventStartTimeGmt': '2025-12-13T22:02:02', 'timezoneOffset': 7200000, 'durationInMilliseconds': 30780000, 'bodyBatteryImpact': 44, 'feedbackType': 'NONE', 'shortFeedback': 'NONE', 'deviceId': 3423864303, 'activityName': None, 'activityType': None, 'activityId': None, 'eventUpdateTimeGmt': '2025-12-14T06:56:44'}, {'eventType': 'ACTIVITY', 'eventStartTimeGmt': '2025-12-14T10:10:24', 'timezoneOffset': 7200000, 'durationInMilliseconds': 4080000, 'bodyBatteryImpact': -13, 'feedbackType': 'EXERCISE_TRAINING_EFFECT_3', 'shortFeedback': 'IMPROVING_TEMPO', 'deviceId': 3423864303, 'activityName': 'Lappeenranta Running', 'activityType': 'running', 'activityId': 21253928367, 'eventUpdateTimeGmt': '2025-12-14T11:18:49'}]",17.0,42.0,8.0,18.0,2025-12-14T22:00:00.0,200,2025-12-14
5652846,2314.0,276.0,2038.0,2314.0,,,2776.0,6587,2500,5755,5755,276.0,2776.0,5652846,2025-12-15,"{'typeId': 4, 'typeKey': 'groups'}",1c9aa7ad73cf491a8eca97c845e43e86,1500,2025-12-14T22:00:00.0,2025-12-15T00:00:00.0,2025-12-15T22:00:00.0,2025-12-16T00:00:00.0,86400000,,3397,959,53382,28662,True,True,False,False,4,0,32.291,42.936,10.59416,14.08661,150,10,53,122,60,59,GARMIN,23,86,20640,54360,7020,3120,85140,18780,1740,120.0,24.24,63.85,8.25,3.66,22.06,2.04,0.14,BALANCED,54180,27840,,57,117,59,32,64,16,43,47.0,63.0,3.0,,,,,,,31.0,44.0,"{'eventTimestampGmt': '2025-12-15T18:50:00', 'bodyBatteryLevel': 'HIGH', 'feedbackShortType': 'SLEEP_PREPARATION_RECOVERING_AND_EXERCISE', 'feedbackLongType': 'SLEEP_PREPARATION_RECOVERING_AND_EXERCISE'}","{'eventTimestampGmt': '2025-12-15T02:37:37', 'bodyBatteryLevel': 'HIGH', 'feedbackShortType': 'SLEEP_TIME_PASSED_BALANCED_AND_INACTIVE', 'feedbackLongType': 'SLEEP_TIME_PASSED_BALANCED_AND_INACTIVE'}","[{'eventType': 'SLEEP', 'eventStartTimeGmt': '2025-12-14T20:56:49', 'timezoneOffset': 7200000, 'durationInMilliseconds': 30900000, 'bodyBatteryImpact': 47, 'feedbackType': 'NONE', 'shortFeedback': 'NONE', 'deviceId': 3423864303, 'activityName': None, 'activityType': None, 'activityId': None, 'eventUpdateTimeGmt': '2025-12-15T05:32:12'}, {'eventType': 'RECOVERY', 'eventStartTimeGmt': '2025-12-15T07:07:27', 'timezoneOffset': 7200000, 'durationInMilliseconds': 2760000, 'bodyBatteryImpact': 3, 'feedbackType': 'RECOVERY_BODY_BATTERY_INCREASE', 'shortFeedback': 'BODY_BATTERY_RECHARGE', 'deviceId': 3423864303, 'activityName': None, 'activityType': None, 'activityId': None, 'eventUpdateTimeGmt': '2025-12-15T07:57:20'}, {'eventType': 'ACTIVITY', 'eventStartTimeGmt': '2025-12-15T13:36:44', 'timezoneOffset': 7200000, 'durationInMilliseconds': 1800000, 'bodyBatteryImpact': -3, 'feedbackType': 'EXERCISE_TRAINING_EFFECT_BELOW_2', 'shortFeedback': 'EASY_RECOVERY', 'deviceId': 3423864303, 'activityName': 'Helsinki Walking', 'activityType': 'walking', 'activityId': 21263453937, 'eventUpdateTimeGmt': '2025-12-15T14:10:07'}, {'eventType': 'RECOVERY', 'eventStartTimeGmt': '2025-12-15T16:58:32', 'timezoneOffset': 7200000, 'durationInMilliseconds': 3840000, 'bodyBatteryImpact': 0, 'feedbackType': 'RECOVERY_LONG_BODY_BATTERY_NOT_INCREASE', 'shortFeedback': 'LONG_RESTFUL_PERIOD', 'deviceId': 3423864303, 'activityName': None, 'activityType': None, 'activityId': None, 'eventUpdateTimeGmt': '2025-12-15T18:06:00'}]",14.0,25.0,8.0,21.0,2025-12-15T22:00:00.0,200,2025-12-15
5652846,2747.0,709.0,2038.0,2747.0,,,3209.0,12396,2500,11598,11598,709.0,3209.0,5652846,2025-12-16,"{'typeId': 4, 'typeKey': 'groups'}",6f4a5196a6084007baac32eb2e39427d,1500,2025-12-15T22:00:00.0,2025-12-16T00:00:00.0,2025-12-16T22:00:00.0,2025-12-17T00:00:00.0,86400000,,8712,2458,47083,28147,True,True,False,False,45,47,115.942,114.459,38.03871,37.55217,150,10,48,173,60,59,GARMIN,29,99,31020,42240,8700,4320,86280,22020,6600,2400.0,35.95,48.96,10.08,5.01,25.52,7.65,2.78,BALANCED,54120,27840,,50,172,42,63,84,22,22,43.0,83.0,3.0,1.0,,,,,,20.0,97.0,"{'eventTimestampGmt': '2025-12-16T19:30:15', 'bodyBatteryLevel': 'MODERATE', 'feedbackShortType': 'SLEEP_PREPARATION_RECOVERING_AND_EXERCISE', 'feedbackLongType': 'SLEEP_PREPARATION_RECOVERING_AND_EXERCISE'}","{'eventTimestampGmt': '2025-12-15T22:15:10', 'bodyBatteryLevel': 'HIGH', 'feedbackShortType': 'SLEEP_TIME_PASSED_RECOVERING_AND_EXERCISE', 'feedbackLongType': 'SLEEP_TIME_PASSED_RECOVERING_AND_EXERCISE'}","[{'eventType': 'SLEEP', 'eventStartTimeGmt': '2025-12-15T21:34:07', 'timezoneOffset': 7200000, 'durationInMilliseconds': 27660000, 'bodyBatteryImpact': 43, 'feedbackType': 'NONE', 'shortFeedback': 'NONE', 'deviceId': 3423864303, 'activityName': None, 'activityType': None, 'activityId': None, 'eventUpdateTimeGmt': '2025-12-16T05:26:03'}, {'eventType': 'RECOVERY', 'eventStartTimeGmt': '2025-12-16T06:49:33', 'timezoneOffset': 7200000, 'durationInMilliseconds': 3000000, 'bodyBatteryImpact': -1, 'feedbackType': 'RECOVERY_BODY_BATTERY_NOT_INCREASE', 'shortFeedback': 'RESTFUL_PERIOD', 'deviceId': 3423864303, 'activityName': None, 'activityType': None, 'activityId': None, 'eventUpdateTimeGmt': '2025-12-16T07:42:10'}, {'eventType': 'ACTIVITY', 'eventStartTimeGmt': '2025-12-16T13:17:57', 'timezoneOffset': 7200000, 'durationInMilliseconds': 2760000, 'bodyBatteryImpact': -7, 'feedbackType': 'EXERCISE_TRAINING_EFFECT_2', 'shortFeedback': 'MAINTAINING_AEROBIC_BASE', 'deviceId': 3423864303, 'activityName': 'Helsinki - Drill Workout', 'activityType': 'trail_running', 'activityId': 21272514027, 'eventUpdateTimeGmt': '2025-12-16T14:04:43'}, {'eventType': 'ACTIVITY', 'eventStartTimeGmt': '2025-12-16T14:11:04', 'timezoneOffset': 7200000, 'durationInMilliseconds': 1320000, 'bodyBatteryImpact': -4, 'feedbackType': 'NONE', 'shortFeedback': 'NONE', 'deviceId': 3423864303, 'activityName': 'Yoga', 'activityType': 'yoga', 'activityId': 21272515195, 'eventUpdateTimeGmt': '2025-12-16T14:34:01'}]",16.0,37.0,7.0,20.0,2025-12-16T22:00:00.0,200,2025-12-16
5652846,2430.0,392.0,2038.0,2430.0,,,2892.0,8858,2500,7460,7460,392.0,2892.0,5652846,2025-12-17,"{'typeId': 4, 'typeKey': 'groups'}",4f0269ea06064f39897cfd3f65162068,1500,2025-12-16T22:00:00.0,2025-12-17T00:00:00.0,2025-12-17T22:00:00.0,2025-12-18T00:00:00.0,86400000,,4620,1974,61569,18237,True,True,False,False,1,0,40.41,45.512,13.25787,14.93176,150,10,48,118,60,60,GARMIN,27,91,29460,42720,10500,1620,84300,24600,3900,960.0,34.95,50.68,12.46,1.92,29.18,4.63,1.14,BALANCED,65340,17340,,50,117,42,42,58,22,22,33.0,55.0,3.0,,,,,,,24.0,76.0,"{'eventTimestampGmt': '2025-12-17T18:50:01', 'bodyBatteryLevel': 'HIGH', 'feedbackShortType': 'SLEEP_PREPARATION_RECOVERING_AND_EXERCISE', 'feedbackLongType': 'SLEEP_PREPARATION_RECOVERING_AND_EXERCISE'}","{'eventTimestampGmt': '2025-12-17T21:25:21', 'bodyBatteryLevel': 'MODERATE', 'feedbackShortType': 'SLEEP_TIME_PASSED_RECOVERING_AND_EXERCISE', 'feedbackLongType': 'SLEEP_TIME_PASSED_RECOVERING_AND_EXERCISE'}","[{'eventType': 'SLEEP', 'eventStartTimeGmt': '2025-12-16T21:26:00', 'timezoneOffset': 7200000, 'durationInMilliseconds': 19440000, 'bodyBatteryImpact': 34, 'feedbackType': 'NONE', 'shortFeedback': 'NONE', 'deviceId': 3423864303, 'activityName': None, 'activityType': None, 'activityId': None, 'eventUpdateTimeGmt': '2025-12-17T04:53:50'}, {'eventType': 'RECOVERY', 'eventStartTimeGmt': '2025-12-17T07:08:45', 'timezoneOffset': 7200000, 'durationInMilliseconds': 7500000, 'bodyBatteryImpact': 4, 'feedbackType': 'RECOVERY_LONG_BODY_BATTERY_INCREASE', 'shortFeedback': 'LONG_RESTFUL_PERIOD', 'deviceId': 3423864303, 'activityName': None, 'activityType': None, 'activityId': None, 'eventUpdateTimeGmt': '2025-12-17T09:17:05'}, {'eventType': 'ACTIVITY', 'eventStartTimeGmt': '2025-12-17T13:14:56', 'timezoneOffset': 7200000, 'durationInMilliseconds': 1740000, 'bodyBatteryImpact': -3, 'feedbackType': 'EXERCISE_TRAINING_EFFECT_BELOW_2', 'shortFeedback': 'EASY_RECOVERY', 'deviceId': 3423864303, 'activityName': 'Helsinki Walking', 'activityType': 'walking', 'activityId': 21281274288, 'eventUpdateTimeGmt': '2025-12-17T13:44:57'}, {'eventType': 'ACTIVITY', 'eventStartTimeGmt': '2025-12-17T14:00:39', 'timezoneOffset': 7200000, 'durationInMilliseconds': 1440000, 'bodyBatteryImpact': -2, 'feedbackType': 'NONE', 'shortFeedback': 'NONE', 'deviceId': 3423864303, 'activityName': 'Yoga', 'activityType': 'yoga', 'activityId': 21281569201, 'eventUpdateTimeGmt': '2025-12-17T14:25:03'}]",15.0,23.0,7.0,19.0,2025-12-17T22:00:00.0,200,2025-12-17
5652846,2769.0,731.0,2038.0,2769.0,,,3231.0,12481,2500,13090,13090,731.0,3231.0,5652846,2025-12-18,"{'typeId': 4, 'typeKey': 'groups'}",f7000f0de73147e6ab902c8042f49430,1500,2025-12-17T22:00:00.0,2025-12-18T00:00:00.0,2025-12-18T22:00:00.0,2025-12-19T00:00:00.0,86400000,,6257,1166,55314,23663,True,True,False,False,40,11,109.79,124.371,36.02034,40.80413,150,10,50,185,57,60,GARMIN,28,97,32460,40560,7800,3660,84480,24960,5700,1800.0,38.42,48.01,9.23,4.33,29.55,6.75,2.13,BALANCED,57240,23580,,54,183,56,60,76,18,18,51.0,74.0,3.0,,,,,,,22.0,92.0,"{'eventTimestampGmt': '2025-12-18T18:50:00', 'bodyBatteryLevel': 'MODERATE', 'feedbackShortType': 'SLEEP_PREPARATION_RECOVERING_AND_INTENSIVE_EXERCISE', 'feedbackLongType': 'SLEEP_PREPARATION_RECOVERING_AND_INTENSIVE_EXERCISE'}","{'eventTimestampGmt': '2025-12-18T21:23:15', 'bodyBatteryLevel': 'MODERATE', 'feedbackShortType': 'SLEEP_TIME_PASSED_RECOVERING_AND_INTENSIVE_EXERCISE', 'feedbackLongType': 'SLEEP_TIME_PASSED_RECOVERING_AND_INTENSIVE_EXERCISE'}","[{'eventType': 'SLEEP', 'eventStartTimeGmt': '2025-12-17T21:46:03', 'timezoneOffset': 7200000, 'durationInMilliseconds': 23820000, 'bodyBatteryImpact': 51, 'feedbackType': 'NONE', 'shortFeedback': 'NONE', 'deviceId': 3423864303, 'activityName': None, 'activityType': None, 'activityId': None, 'eventUpdateTimeGmt': '2025-12-18T04:44:25'}, {'eventType': 'RECOVERY', 'eventStartTimeGmt': '2025-12-18T06:56:45', 'timezoneOffset': 7200000, 'durationInMilliseconds': 2520000, 'bodyBatteryImpact': 0, 'feedbackType': 'RECOVERY_BODY_BATTERY_NOT_INCREASE', 'shortFeedback': 'RESTFUL_PERIOD', 'deviceId': 3423864303, 'activityName': None, 'activityType': None, 'activityId': None, 'eventUpdateTimeGmt': '2025-12-18T07:42:50'}, {'eventType': 'RECOVERY', 'eventStartTimeGmt': '2025-12-18T08:06:45', 'timezoneOffset': 7200000, 'durationInMilliseconds': 8280000, 'bodyBatteryImpact': 0, 'feedbackType': 'RECOVERY_LONG_BODY_BATTERY_NOT_INCREASE', 'shortFeedback': 'LONG_RESTFUL_PERIOD', 'deviceId': 3423864303, 'activityName': None, 'activityType': None, 'activityId': None, 'eventUpdateTimeGmt': '2025-12-18T10:28:43'}, {'eventType': 'ACTIVITY', 'eventStartTimeGmt': '2025-12-18T13:21:27', 'timezoneOffset': 7200000, 'durationInMilliseconds': 2760000, 'bodyBatteryImpact': -8, 'feedbackType': 'EXERCISE_TRAINING_EFFECT_3', 'shortFeedback': 'IMPROVING_AEROBIC', 'deviceId': 3423864303, 'activityName': 'Helsinki - Drill Workout', 'activityType': 'trail_running', 'activityId': 21291054534, 'eventUpdateTimeGmt': '2025-12-18T14:07:54'}, {'eventType': 'ACTIVITY', 'eventStartTimeGmt': '2025-12-18T14:18:15', 'timezoneOffset': 7200000, 'durationInMilliseconds': 1200000, 'bodyBatteryImpact': -3, 'feedbackType': 'NONE', 'shortFeedback': 'NONE', 'deviceId': 3423864303, 'activityName': 'Yoga', 'activityType': 'yoga', 'activityId': 21291055095, 'eventUpdateTimeGmt': '2025-12-18T14:38:40'}]",15.0,41.0,7.0,17.0,2025-12-18T22:00:00.0,200,2025-12-18
5652846,2844.0,806.0,2038.0,2844.0,,,3306.0,13992,2500,12072,12072,806.0,3306.0,5652846,2025-12-19,"{'typeId': 4, 'typeKey': 'groups'}",94075eaed2894d85a0822e64f31d757c,1500,2025-12-18T22:00:00.0,2025-12-19T00:00:00.0,2025-12-19T22:00:00.0,2025-12-20T00:00:00.0,86400000,,6211,2036,51113,27040,True,True,False,False,56,7,125.84,142.108,41.28609,46.62336,150,10,57,171,62,60,GARMIN,31,92,28980,36660,8820,8340,82800,20280,7380,1320.0,35.0,44.28,10.65,10.07,24.49,8.91,1.59,BALANCED,50760,23700,,58,170,50,49,66,18,19,48.0,66.0,3.0,,,,,,,24.0,126.0,"{'eventTimestampGmt': '2025-12-19T18:50:01', 'bodyBatteryLevel': 'MODERATE', 'feedbackShortType': 'SLEEP_PREPARATION_BALANCED_AND_EXERCISE', 'feedbackLongType': 'SLEEP_PREPARATION_BALANCED_AND_EXERCISE'}","{'eventTimestampGmt': '2025-12-18T23:13:59', 'bodyBatteryLevel': 'HIGH', 'feedbackShortType': 'SLEEP_TIME_PASSED_RECOVERING_AND_INTENSIVE_EXERCISE', 'feedbackLongType': 'SLEEP_TIME_PASSED_RECOVERING_AND_INTENSIVE_EXERCISE'}","[{'eventType': 'SLEEP', 'eventStartTimeGmt': '2025-12-18T21:48:40', 'timezoneOffset': 7200000, 'durationInMilliseconds': 27720000, 'bodyBatteryImpact': 48, 'feedbackType': 'NONE', 'shortFeedback': 'NONE', 'deviceId': 3423864303, 'activityName': None, 'activityType': None, 'activityId': None, 'eventUpdateTimeGmt': '2025-12-19T05:31:01'}, {'eventType': 'ACTIVITY', 'eventStartTimeGmt': '2025-12-19T13:23:33', 'timezoneOffset': 7200000, 'durationInMilliseconds': 3840000, 'bodyBatteryImpact': -8, 'feedbackType': 'EXERCISE_TRAINING_EFFECT_2', 'shortFeedback': 'MAINTAINING_AEROBIC_BASE', 'deviceId': 3423864303, 'activityName': 'Helsinki - Magic Half-Mile', 'activityType': 'trail_running', 'activityId': 21298398142, 'eventUpdateTimeGmt': '2025-12-19T14:28:46'}, {'eventType': 'ACTIVITY', 'eventStartTimeGmt': '2025-12-19T14:46:15', 'timezoneOffset': 7200000, 'durationInMilliseconds': 1560000, 'bodyBatteryImpact': -2, 'feedbackType': 'NONE', 'shortFeedback': 'NONE', 'deviceId': 3423864303, 'activityName': 'Yoga', 'activityType': 'yoga', 'activityId': 21300226300, 'eventUpdateTimeGmt': '2025-12-19T15:12:29'}]",16.0,39.0,7.0,20.0,2025-12-19T22:00:00.0,200,2025-12-19
5652846,2930.0,892.0,2038.0,2930.0,,,3392.0,10593,2500,9516,9516,892.0,3392.0,5652846,2025-12-20,"{'typeId': 4, 'typeKey': 'groups'}",b0452a5df0b24528827952ff45de81fc,1500,2025-12-19T22:00:00.0,2025-12-20T00:00:00.0,2025-12-20T22:00:00.0,2025-12-21T00:00:00.0,86400000,,4407,3627,47229,31137,True,True,False,False,35,24,31.972,29.182,10.4895,9.57415,150,10,53,182,58,60,GARMIN,28,100,27000,42540,10020,5280,84840,19800,5280,1920.0,31.82,50.14,11.81,6.22,23.34,6.22,2.26,BALANCED,48540,31020,,55,177,60,54,78,18,25,60.0,78.0,3.0,,,,,,,26.0,91.0,"{'eventTimestampGmt': '2025-12-20T21:25:29', 'bodyBatteryLevel': 'HIGH', 'feedbackShortType': 'SLEEP_PREPARATION_BALANCED_AND_INTENSIVE_EXERCISE', 'feedbackLongType': 'SLEEP_PREPARATION_BALANCED_AND_INTENSIVE_EXERCISE'}","{'eventTimestampGmt': '2025-12-19T23:57:25', 'bodyBatteryLevel': 'HIGH', 'feedbackShortType': 'SLEEP_TIME_PASSED_BALANCED_AND_EXERCISE', 'feedbackLongType': 'SLEEP_TIME_PASSED_BALANCED_AND_EXERCISE'}","[{'eventType': 'SLEEP', 'eventStartTimeGmt': '2025-12-19T22:15:29', 'timezoneOffset': 7200000, 'durationInMilliseconds': 31080000, 'bodyBatteryImpact': 60, 'feedbackType': 'NONE', 'shortFeedback': 'NONE', 'deviceId': 3423864303, 'activityName': None, 'activityType': None, 'activityId': None, 'eventUpdateTimeGmt': '2025-12-20T06:54:26'}, {'eventType': 'RECOVERY', 'eventStartTimeGmt': '2025-12-20T11:30:01', 'timezoneOffset': 7200000, 'durationInMilliseconds': 4500000, 'bodyBatteryImpact': 0, 'feedbackType': 'RECOVERY_LONG_BODY_BATTERY_NOT_INCREASE', 'shortFeedback': 'LONG_RESTFUL_PERIOD', 'deviceId': 3423864303, 'activityName': None, 'activityType': None, 'activityId': None, 'eventUpdateTimeGmt': '2025-12-20T12:48:50'}, {'eventType': 'ACTIVITY', 'eventStartTimeGmt': '2025-12-20T13:31:57', 'timezoneOffset': 7200000, 'durationInMilliseconds': 2520000, 'bodyBatteryImpact': -9, 'feedbackType': 'EXERCISE_TRAINING_EFFECT_3', 'shortFeedback': 'MAINTAINING_ANAEROBIC_FITNESS', 'deviceId': 3423864303, 'activityName': 'Strength', 'activityType': 'strength_training', 'activityId': 21306859354, 'eventUpdateTimeGmt': '2025-12-20T14:14:42'}, {'eventType': 'ACTIVITY', 'eventStartTimeGmt': '2025-12-20T14:17:25', 'timezoneOffset': 7200000, 'durationInMilliseconds': 1320000, 'bodyBatteryImpact': -2, 'feedbackType': 'NONE', 'shortFeedback': 'EASY_RECOVERY', 'deviceId': 3423864303, 'activityName': 'Yoga', 'activityType': 'yoga', 'activityId': 21306859914, 'eventUpdateTimeGmt': '2025-12-20T14:39:42'}]",15.0,41.0,7.0,16.0,2025-12-20T21:59:00.0,200,2025-12-20
5652846,3538.0,1500.0,2038.0,3538.0,,,4000.0,23486,2500,19694,19694,1500.0,4000.0,5652846,2025-12-21,"{'typeId': 4, 'typeKey': 'groups'}",b58296cf084242c98f23d4abf82acae5,1500,2025-12-20T22:00:00.0,2025-12-21T00:00:00.0,2025-12-21T22:00:00.0,2025-12-22T00:00:00.0,86400000,,10757,4331,46439,24873,True,True,False,False,129,40,418.696,416.48,137.36745,136.64042,150,10,54,190,58,59,GARMIN,28,91,24540,36720,11340,12420,85020,18900,4380,1260.0,28.86,43.19,13.34,14.61,22.23,5.15,1.48,BALANCED,48480,24120,,56,168,49,57,74,17,17,49.0,74.0,3.0,1.0,,,,,,30.0,211.0,"{'eventTimestampGmt': '2025-12-21T18:50:01', 'bodyBatteryLevel': 'MODERATE', 'feedbackShortType': 'SLEEP_PREPARATION_RECOVERING_AND_INTENSIVE_EXERCISE', 'feedbackLongType': 'SLEEP_PREPARATION_RECOVERING_AND_INTENSIVE_EXERCISE'}","{'eventTimestampGmt': '2025-12-20T22:15:14', 'bodyBatteryLevel': 'HIGH', 'feedbackShortType': 'SLEEP_TIME_PASSED_BALANCED_AND_INTENSIVE_EXERCISE', 'feedbackLongType': 'SLEEP_TIME_PASSED_BALANCED_AND_INTENSIVE_EXERCISE'}","[{'eventType': 'SLEEP', 'eventStartTimeGmt': '2025-12-20T22:20:42', 'timezoneOffset': 7200000, 'durationInMilliseconds': 24120000, 'bodyBatteryImpact': 49, 'feedbackType': 'NONE', 'shortFeedback': 'NONE', 'deviceId': 3423864303, 'activityName': None, 'activityType': None, 'activityId': None, 'eventUpdateTimeGmt': '2025-12-21T05:18:56'}, {'eventType': 'ACTIVITY', 'eventStartTimeGmt': '2025-12-21T11:10:10', 'timezoneOffset': 7200000, 'durationInMilliseconds': 1680000, 'bodyBatteryImpact': -4, 'feedbackType': 'EXERCISE_TRAINING_EFFECT_BELOW_2', 'shortFeedback': 'EASY_RECOVERY', 'deviceId': 3423864303, 'activityName': None, 'activityType': None, 'activityId': None, 'eventUpdateTimeGmt': '2025-12-21T11:39:28'}, {'eventType': 'RECOVERY', 'eventStartTimeGmt': '2025-12-21T12:17:13', 'timezoneOffset': 7200000, 'durationInMilliseconds': 1860000, 'bodyBatteryImpact': 0, 'feedbackType': 'RECOVERY_BODY_BATTERY_NOT_INCREASE', 'shortFeedback': 'RESTFUL_PERIOD', 'deviceId': 3423864303, 'activityName': None, 'activityType': None, 'activityId': None, 'eventUpdateTimeGmt': '2025-12-21T13:08:40'}, {'eventType': 'ACTIVITY', 'eventStartTimeGmt': '2025-12-21T14:59:28', 'timezoneOffset': 7200000, 'durationInMilliseconds': 7620000, 'bodyBatteryImpact': -14, 'feedbackType': 'EXERCISE_TRAINING_EFFECT_3', 'shortFeedback': 'IMPROVING_TEMPO', 'deviceId': 3423864303, 'activityName': 'Espoo Trail Running', 'activityType': 'trail_running', 'activityId': 21316959079, 'eventUpdateTimeGmt': '2025-12-21T17:07:27'}]",18.0,39.0,7.0,16.0,2025-12-21T22:00:00.0,200,2025-12-21
5652846,2404.0,366.0,2038.0,2404.0,,,2866.0,10354,2500,10423,10423,366.0,2866.0,5652846,2025-12-22,"{'typeId': 4, 'typeKey': 'groups'}",05c616e328f44afebfa5c813461afa9c,1500,2025-12-21T22:00:00.0,2025-12-22T00:00:00.0,2025-12-22T22:00:00.0,2025-12-23T00:00:00.0,86400000,,4148,3221,56105,22926,True,True,False,False,12,0,26.041,31.364,8.54364,10.29003,150,10,48,127,55,59,GARMIN,19,77,16020,57120,10920,2160,86220,14580,1380,60.0,18.58,66.25,12.67,2.51,16.91,1.6,0.07,CALM,61680,22380,,52,121,61,29,59,17,49,40.0,57.0,3.0,,,,,,,22.0,82.0,"{'eventTimestampGmt': '2025-12-22T18:50:00', 'bodyBatteryLevel': 'HIGH', 'feedbackShortType': 'SLEEP_PREPARATION_RECOVERING_AND_EXERCISE', 'feedbackLongType': 'SLEEP_PREPARATION_RECOVERING_AND_EXERCISE'}","{'eventTimestampGmt': '2025-12-22T21:22:17', 'bodyBatteryLevel': 'HIGH', 'feedbackShortType': 'SLEEP_TIME_PASSED_RECOVERING_AND_EXERCISE', 'feedbackLongType': 'SLEEP_TIME_PASSED_RECOVERING_AND_EXERCISE'}","[{'eventType': 'SLEEP', 'eventStartTimeGmt': '2025-12-21T21:47:27', 'timezoneOffset': 7200000, 'durationInMilliseconds': 23640000, 'bodyBatteryImpact': 40, 'feedbackType': 'NONE', 'shortFeedback': 'NONE', 'deviceId': 3423864303, 'activityName': None, 'activityType': None, 'activityId': None, 'eventUpdateTimeGmt': '2025-12-22T04:22:06'}, {'eventType': 'RECOVERY', 'eventStartTimeGmt': '2025-12-22T07:11:01', 'timezoneOffset': 7200000, 'durationInMilliseconds': 4320000, 'bodyBatteryImpact': 5, 'feedbackType': 'RECOVERY_LONG_BODY_BATTERY_INCREASE', 'shortFeedback': 'LONG_RESTFUL_PERIOD', 'deviceId': 3423864303, 'activityName': None, 'activityType': None, 'activityId': None, 'eventUpdateTimeGmt': '2025-12-22T08:26:13'}, {'eventType': 'RECOVERY', 'eventStartTimeGmt': '2025-12-22T12:12:46', 'timezoneOffset': 7200000, 'durationInMilliseconds': 3240000, 'bodyBatteryImpact': 0, 'feedbackType': 'RECOVERY_BODY_BATTERY_NOT_INCREASE', 'shortFeedback': 'RESTFUL_PERIOD', 'deviceId': 3423864303, 'activityName': None, 'activityType': None, 'activityId': None, 'eventUpdateTimeGmt': '2025-12-22T13:10:02'}, {'eventType': 'ACTIVITY', 'eventStartTimeGmt': '2025-12-22T13:12:57', 'timezoneOffset': 7200000, 'durationInMilliseconds': 2040000, 'bodyBatteryImpact': -3, 'feedbackType': 'EXERCISE_TRAINING_EFFECT_BELOW_2', 'shortFeedback': 'EASY_RECOVERY', 'deviceId': 3423864303, 'activityName': 'Helsinki Walking', 'activityType': 'walking', 'activityId': 21323004016, 'eventUpdateTimeGmt': '2025-12-22T13:48:53'}, {'eventType': 'RECOVERY', 'eventStartTimeGmt': '2025-12-22T13:53:12', 'timezoneOffset': 7200000, 'durationInMilliseconds': 3600000, 'bodyBatteryImpact': 3, 'feedbackType': 'RECOVERY_LONG_BODY_BATTERY_INCREASE', 'shortFeedback': 'LONG_RESTFUL_PERIOD', 'deviceId': 3423864303, 'activityName': None, 'activityType': None, 'activityId': None, 'eventUpdateTimeGmt': '2025-12-22T14:54:02'}]",14.0,24.0,7.0,8.0,2025-12-22T21:55:00.0,200,2025-12-22
5652846,2462.0,424.0,2038.0,2462.0,,,2924.0,8928,2500,7501,7501,424.0,2924.0,5652846,2025-12-23,"{'typeId': 4, 'typeKey': 'groups'}",04b9d2e71a0d4b99b8c02ab4c6a9c016,1500,2025-12-22T22:00:00.0,2025-12-23T00:00:00.0,2025-12-23T22:00:00.0,2025-12-24T00:00:00.0,86400000,,4418,2486,50702,28794,True,True,False,False,15,12,40.747,58.046,13.36844,19.04396,150,10,53,146,55,58,GARMIN,20,88,15360,53520,11760,5220,85860,13020,1980,360.0,17.89,62.33,13.7,6.08,15.16,2.31,0.42,CALM,54720,25920,,54,142,56,67,97,35,37,50.0,97.0,3.0,,,,,,,22.0,68.0,"{'eventTimestampGmt': '2025-12-23T18:50:00', 'bodyBatteryLevel': 'HIGH', 'feedbackShortType': 'SLEEP_PREPARATION_RECOVERING_AND_EXERCISE', 'feedbackLongType': 'SLEEP_PREPARATION_RECOVERING_AND_EXERCISE'}",,"[{'eventType': 'SLEEP', 'eventStartTimeGmt': '2025-12-22T22:24:01', 'timezoneOffset': 7200000, 'durationInMilliseconds': 26280000, 'bodyBatteryImpact': 50, 'feedbackType': 'NONE', 'shortFeedback': 'NONE', 'deviceId': 3423864303, 'activityName': None, 'activityType': None, 'activityId': None, 'eventUpdateTimeGmt': '2025-12-23T05:49:39'}, {'eventType': 'ACTIVITY', 'eventStartTimeGmt': '2025-12-23T13:22:53', 'timezoneOffset': 7200000, 'durationInMilliseconds': 1560000, 'bodyBatteryImpact': -5, 'feedbackType': 'EXERCISE_TRAINING_EFFECT_2', 'shortFeedback': 'EASY_AEROBIC', 'deviceId': 3423864303, 'activityName': 'Helsinki - Drill Workout', 'activityType': 'running', 'activityId': 21331768802, 'eventUpdateTimeGmt': '2025-12-23T13:50:37'}]",16.0,34.0,8.0,18.0,2025-12-23T22:00:00.0,200,2025-12-23
5652846,2328.0,290.0,2038.0,2328.0,,,2790.0,8270,2500,8107,8107,290.0,2790.0,5652846,2025-12-24,"{'typeId': 4, 'typeKey': 'groups'}",6b32cf603f83479dbd5855393cb11f93,1500,2025-12-23T22:00:00.0,2025-12-24T00:00:00.0,2025-12-24T22:00:00.0,2025-12-25T00:00:00.0,86400000,,3565,2270,56979,23586,True,True,False,False,0,0,37.702,52.852,12.36942,17.3399,150,10,50,115,55,57,GARMIN,18,84,7620,55500,11340,10320,84780,5700,1500,420.0,8.99,65.46,13.38,12.17,6.72,1.77,0.5,CALM,50940,23520,,53,113,61,54,95,37,44,58.0,93.0,3.0,,,,,,,23.0,43.0,"{'eventTimestampGmt': '2025-12-24T18:50:01', 'bodyBatteryLevel': 'HIGH', 'feedbackShortType': 'SLEEP_PREPARATION_RECOVERING_AND_EXERCISE', 'feedbackLongType': 'SLEEP_PREPARATION_RECOVERING_AND_EXERCISE'}","{'eventTimestampGmt': '2025-12-24T21:33:14', 'bodyBatteryLevel': 'HIGH', 'feedbackShortType': 'SLEEP_TIME_PASSED_RECOVERING_AND_EXERCISE', 'feedbackLongType': 'SLEEP_TIME_PASSED_RECOVERING_AND_EXERCISE'}","[{'eventType': 'SLEEP', 'eventStartTimeGmt': '2025-12-23T21:18:06', 'timezoneOffset': 7200000, 'durationInMilliseconds': 26100000, 'bodyBatteryImpact': 58, 'feedbackType': 'NONE', 'shortFeedback': 'NONE', 'deviceId': 3423864303, 'activityName': None, 'activityType': None, 'activityId': None, 'eventUpdateTimeGmt': '2025-12-24T05:52:14'}, {'eventType': 'RECOVERY', 'eventStartTimeGmt': '2025-12-24T08:04:39', 'timezoneOffset': 7200000, 'durationInMilliseconds': 2100000, 'bodyBatteryImpact': 0, 'feedbackType': 'RECOVERY_BODY_BATTERY_NOT_INCREASE', 'shortFeedback': 'RESTFUL_PERIOD', 'deviceId': 3423864303, 'activityName': None, 'activityType': None, 'activityId': None, 'eventUpdateTimeGmt': '2025-12-24T08:44:05'}, {'eventType': 'ACTIVITY', 'eventStartTimeGmt': '2025-12-24T10:04:36', 'timezoneOffset': 7200000, 'durationInMilliseconds': 1800000, 'bodyBatteryImpact': -4, 'feedbackType': 'EXERCISE_TRAINING_EFFECT_BELOW_2', 'shortFeedback': 'EASY_RECOVERY', 'deviceId': 3423864303, 'activityName': 'Helsinki Walking', 'activityType': 'walking', 'activityId': 21338627588, 'eventUpdateTimeGmt': '2025-12-24T10:36:21'}, {'eventType': 'RECOVERY', 'eventStartTimeGmt': '2025-12-24T13:38:56', 'timezoneOffset': 7200000, 'durationInMilliseconds': 2640000, 'bodyBatteryImpact': 2, 'feedbackType': 'RECOVERY_BODY_BATTERY_INCREASE', 'shortFeedback': 'BODY_BATTERY_RECHARGE', 'deviceId': 3423864303, 'activityName': None, 'activityType': None, 'activityId': None, 'eventUpdateTimeGmt': '2025-12-24T14:26:55'}, {'eventType': 'RECOVERY', 'eventStartTimeGmt': '2025-12-24T17:26:51', 'timezoneOffset': 7200000, 'durationInMilliseconds': 3660000, 'bodyBatteryImpact': 0, 'feedbackType': 'RECOVERY_LONG_BODY_BATTERY_NOT_INCREASE', 'shortFeedback': 'LONG_RESTFUL_PERIOD', 'deviceId': 3423864303, 'activityName': None, 'activityType': None, 'activityId': None, 'eventUpdateTimeGmt': '2025-12-24T18:31:30'}]",15.0,26.0,7.0,15.0,2025-12-24T22:00:00.0,200,2025-12-24
5652846,2985.0,947.0,2038.0,2985.0,,,3447.0,15840,2500,15463,15463,947.0,3447.0,5652846,2025-12-25,"{'typeId': 4, 'typeKey': 'groups'}",0f761a8a8e374c589550e8020faff672,1500,2025-12-24T22:00:00.0,2025-12-25T00:00:00.0,2025-12-25T22:00:00.0,2025-12-26T00:00:00.0,86400000,,7175,4274,47531,27420,True,True,False,False,52,4,86.087,95.494,28.24377,31.33005,150,10,46,159,53,57,GARMIN,22,95,17880,47220,15060,6000,86160,14520,2700,660.0,20.75,54.81,17.48,6.96,16.85,3.13,0.77,BALANCED,56940,23220,,47,155,58,75,89,27,27,46.0,88.0,3.0,,,,,,,31.0,158.0,"{'eventTimestampGmt': '2025-12-25T18:50:00', 'bodyBatteryLevel': 'HIGH', 'feedbackShortType': 'SLEEP_PREPARATION_RECOVERING_AND_EXERCISE', 'feedbackLongType': 'SLEEP_PREPARATION_RECOVERING_AND_EXERCISE'}",,"[{'eventType': 'SLEEP', 'eventStartTimeGmt': '2025-12-24T23:03:21', 'timezoneOffset': 7200000, 'durationInMilliseconds': 23220000, 'bodyBatteryImpact': 47, 'feedbackType': 'NONE', 'shortFeedback': 'NONE', 'deviceId': 3423864303, 'activityName': None, 'activityType': None, 'activityId': None, 'eventUpdateTimeGmt': '2025-12-25T05:40:51'}, {'eventType': 'ACTIVITY', 'eventStartTimeGmt': '2025-12-25T09:36:28', 'timezoneOffset': 7200000, 'durationInMilliseconds': 3060000, 'bodyBatteryImpact': -6, 'feedbackType': 'EXERCISE_TRAINING_EFFECT_BELOW_2', 'shortFeedback': 'EASY_RECOVERY', 'deviceId': 3423864303, 'activityName': 'Helsinki Walking', 'activityType': 'walking', 'activityId': 21346082703, 'eventUpdateTimeGmt': '2025-12-25T10:29:54'}, {'eventType': 'NAP', 'eventStartTimeGmt': '2025-12-25T14:21:54', 'timezoneOffset': 7200000, 'durationInMilliseconds': 4200000, 'bodyBatteryImpact': 8, 'feedbackType': 'NAP_RECOVERING_BODY_BATTERY_INCREASE', 'shortFeedback': 'RESTFUL_NAP', 'deviceId': 3423864303, 'activityName': None, 'activityType': None, 'activityId': None, 'eventUpdateTimeGmt': '2025-12-25T15:32:10'}, {'eventType': 'RECOVERY', 'eventStartTimeGmt': '2025-12-25T15:32:19', 'timezoneOffset': 7200000, 'durationInMilliseconds': 1440000, 'bodyBatteryImpact': 1, 'feedbackType': 'RECOVERY_BODY_BATTERY_INCREASE', 'shortFeedback': 'BODY_BATTERY_RECHARGE', 'deviceId': 3423864303, 'activityName': None, 'activityType': None, 'activityId': None, 'eventUpdateTimeGmt': '2025-12-25T16:00:05'}, {'eventType': 'ACTIVITY', 'eventStartTimeGmt': '2025-12-25T16:46:16', 'timezoneOffset': 7200000, 'durationInMilliseconds': 1560000, 'bodyBatteryImpact': -6, 'feedbackType': 'EXERCISE_TRAINING_EFFECT_BELOW_2', 'shortFeedback': 'EASY_RECOVERY', 'deviceId': 3423864303, 'activityName': 'Drill Workout', 'activityType': 'treadmill_running', 'activityId': 21349419279, 'eventUpdateTimeGmt': '2025-12-25T17:12:34'}, {'eventType': 'ACTIVITY', 'eventStartTimeGmt': '2025-12-25T17:12:45', 'timezoneOffset': 7200000, 'durationInMilliseconds': 2040000, 'bodyBatteryImpact': -6, 'feedbackType': 'EXERCISE_TRAINING_EFFECT_2', 'shortFeedback': 'MAINTAINING_AEROBIC', 'deviceId': 3423864303, 'activityName': 'Strength', 'activityType': 'strength_training', 'activityId': 21349419582, 'eventUpdateTimeGmt': '2025-12-25T17:47:38'}]",16.0,32.0,7.0,21.0,2025-12-25T22:00:00.0,200,2025-12-25
5652846,2807.0,769.0,2038.0,2807.0,,,3269.0,18122,2500,15156,15156,769.0,3269.0,5652846,2025-12-26,"{'typeId': 4, 'typeKey': 'groups'}",16182e16278a4e1fb4438a6eb0b9425b,1500,2025-12-25T22:00:00.0,2025-12-26T00:00:00.0,2025-12-26T22:00:00.0,2025-12-27T00:00:00.0,86400000,,8338,2610,44912,30540,True,True,False,False,3,0,97.807,115.826,32.08891,38.00066,150,10,53,122,55,56,GARMIN,24,88,24240,43440,15180,2460,85320,20460,3240,540.0,28.41,50.91,17.79,2.88,23.98,3.8,0.63,BALANCED,52320,30540,,54,118,63,52,79,23,38,56.0,79.0,3.0,,,,,,,25.0,158.0,"{'eventTimestampGmt': '2025-12-26T19:36:51', 'bodyBatteryLevel': 'HIGH', 'feedbackShortType': 'SLEEP_PREPARATION_RECOVERING_AND_EXERCISE', 'feedbackLongType': 'SLEEP_PREPARATION_RECOVERING_AND_EXERCISE'}","{'eventTimestampGmt': '2025-12-25T23:27:00', 'bodyBatteryLevel': 'HIGH', 'feedbackShortType': 'SLEEP_TIME_PASSED_RECOVERING_AND_EXERCISE', 'feedbackLongType': 'SLEEP_TIME_PASSED_RECOVERING_AND_EXERCISE'}","[{'eventType': 'SLEEP', 'eventStartTimeGmt': '2025-12-25T23:03:38', 'timezoneOffset': 7200000, 'durationInMilliseconds': 30540000, 'bodyBatteryImpact': 56, 'feedbackType': 'NONE', 'shortFeedback': 'NONE', 'deviceId': 3423864303, 'activityName': None, 'activityType': None, 'activityId': None, 'eventUpdateTimeGmt': '2025-12-26T07:32:41'}, {'eventType': 'RECOVERY', 'eventStartTimeGmt': '2025-12-26T09:11:32', 'timezoneOffset': 7200000, 'durationInMilliseconds': 2520000, 'bodyBatteryImpact': -1, 'feedbackType': 'RECOVERY_BODY_BATTERY_NOT_INCREASE', 'shortFeedback': 'RESTFUL_PERIOD', 'deviceId': 3423864303, 'activityName': None, 'activityType': None, 'activityId': None, 'eventUpdateTimeGmt': '2025-12-26T09:54:12'}, {'eventType': 'ACTIVITY', 'eventStartTimeGmt': '2025-12-26T09:54:12', 'timezoneOffset': 7200000, 'durationInMilliseconds': 7260000, 'bodyBatteryImpact': -13, 'feedbackType': 'EXERCISE_TRAINING_EFFECT_2', 'shortFeedback': 'EASY_AEROBIC', 'deviceId': 3423864303, 'activityName': None, 'activityType': None, 'activityId': None, 'eventUpdateTimeGmt': '2025-12-26T11:56:27'}]",15.0,23.0,6.0,12.0,2025-12-26T22:00:00.0,200,2025-12-26
5652846,2841.0,803.0,2038.0,2841.0,,,3303.0,13001,2500,11271,11271,803.0,3303.0,5652846,2025-12-27,"{'typeId': 4, 'typeKey': 'groups'}",d6e9131389384e53af6936af033979f1,1500,2025-12-26T22:00:00.0,2025-12-27T00:00:00.0,2025-12-27T22:00:00.0,2025-12-28T00:00:00.0,86400000,,6885,4925,45970,28620,True,True,False,False,68,7,59.986,58.203,19.68045,19.09547,150,10,54,157,57,55,GARMIN,27,82,24480,38640,13320,8700,85140,17280,6780,420.0,28.75,45.38,15.64,10.22,20.3,7.96,0.49,BALANCED,48840,27600,,55,157,58,70,93,26,26,56.0,93.0,3.0,,,,,,,31.0,181.0,"{'eventTimestampGmt': '2025-12-27T19:56:40', 'bodyBatteryLevel': 'HIGH', 'feedbackShortType': 'SLEEP_PREPARATION_BALANCED_AND_EXERCISE', 'feedbackLongType': 'SLEEP_PREPARATION_BALANCED_AND_EXERCISE'}","{'eventTimestampGmt': '2025-12-26T22:15:17', 'bodyBatteryLevel': 'HIGH', 'feedbackShortType': 'SLEEP_TIME_PASSED_RECOVERING_AND_EXERCISE', 'feedbackLongType': 'SLEEP_TIME_PASSED_RECOVERING_AND_EXERCISE'}","[{'eventType': 'SLEEP', 'eventStartTimeGmt': '2025-12-26T22:14:27', 'timezoneOffset': 7200000, 'durationInMilliseconds': 28620000, 'bodyBatteryImpact': 56, 'feedbackType': 'NONE', 'shortFeedback': 'NONE', 'deviceId': 3423864303, 'activityName': None, 'activityType': None, 'activityId': None, 'eventUpdateTimeGmt': '2025-12-27T06:19:07'}, {'eventType': 'RECOVERY', 'eventStartTimeGmt': '2025-12-27T08:49:27', 'timezoneOffset': 7200000, 'durationInMilliseconds': 2040000, 'bodyBatteryImpact': 2, 'feedbackType': 'RECOVERY_BODY_BATTERY_INCREASE', 'shortFeedback': 'BODY_BATTERY_RECHARGE', 'deviceId': 3423864303, 'activityName': None, 'activityType': None, 'activityId': None, 'eventUpdateTimeGmt': '2025-12-27T09:27:10'}, {'eventType': 'ACTIVITY', 'eventStartTimeGmt': '2025-12-27T10:37:49', 'timezoneOffset': 7200000, 'durationInMilliseconds': 5640000, 'bodyBatteryImpact': -13, 'feedbackType': 'EXERCISE_TRAINING_EFFECT_2', 'shortFeedback': 'MAINTAINING_AEROBIC', 'deviceId': 3423864303, 'activityName': 'Strength', 'activityType': 'strength_training', 'activityId': 21363569812, 'eventUpdateTimeGmt': '2025-12-27T12:12:39'}]",16.0,38.0,8.0,18.0,2025-12-27T21:59:00.0,200,2025-12-27
5652846,2360.0,322.0,2038.0,2360.0,,,2822.0,7839,2500,6410,6410,322.0,2822.0,5652846,2025-12-28,"{'typeId': 4, 'typeKey': 'groups'}",9f5050bfba3449c6933e8b821b08e4ba,1500,2025-12-27T22:00:00.0,2025-12-28T00:00:00.0,2025-12-28T22:00:00.0,2025-12-29T00:00:00.0,86400000,,4057,1770,54833,25740,True,True,False,False,0,0,41.481,39.408,13.60925,12.92913,150,10,55,120,59,56,GARMIN,26,94,31800,41400,11220,1680,86100,29400,1560,840.0,36.93,48.08,13.03,1.95,34.15,1.81,0.98,BALANCED,60540,23880,,56,114,43,36,58,25,33,28.0,55.0,3.0,,,,,,,24.0,36.0,"{'eventTimestampGmt': '2025-12-28T18:50:00', 'bodyBatteryLevel': 'HIGH', 'feedbackShortType': 'SLEEP_PREPARATION_RECOVERING_AND_EXERCISE', 'feedbackLongType': 'SLEEP_PREPARATION_RECOVERING_AND_EXERCISE'}","{'eventTimestampGmt': '2025-12-27T22:15:16', 'bodyBatteryLevel': 'HIGH', 'feedbackShortType': 'SLEEP_TIME_PASSED_BALANCED_AND_EXERCISE', 'feedbackLongType': 'SLEEP_TIME_PASSED_BALANCED_AND_EXERCISE'}","[{'eventType': 'SLEEP', 'eventStartTimeGmt': '2025-12-27T23:54:40', 'timezoneOffset': 7200000, 'durationInMilliseconds': 24000000, 'bodyBatteryImpact': 30, 'feedbackType': 'NONE', 'shortFeedback': 'NONE', 'deviceId': 3423864303, 'activityName': None, 'activityType': None, 'activityId': None, 'eventUpdateTimeGmt': '2025-12-28T06:44:13'}, {'eventType': 'ACTIVITY', 'eventStartTimeGmt': '2025-12-28T09:50:46', 'timezoneOffset': 7200000, 'durationInMilliseconds': 1500000, 'bodyBatteryImpact': -2, 'feedbackType': 'EXERCISE_TRAINING_EFFECT_BELOW_2', 'shortFeedback': 'EASY_RECOVERY', 'deviceId': 3423864303, 'activityName': 'Helsinki Walking', 'activityType': 'walking', 'activityId': 21373565117, 'eventUpdateTimeGmt': '2025-12-28T10:16:41'}, {'eventType': 'NAP', 'eventStartTimeGmt': '2025-12-28T14:21:41', 'timezoneOffset': 7200000, 'durationInMilliseconds': 1740000, 'bodyBatteryImpact': 3, 'feedbackType': 'NAP_RECOVERING_BODY_BATTERY_INCREASE', 'shortFeedback': 'RESTFUL_NAP', 'deviceId': 3423864303, 'activityName': None, 'activityType': None, 'activityId': None, 'eventUpdateTimeGmt': '2025-12-28T15:20:55'}, {'eventType': 'RECOVERY', 'eventStartTimeGmt': '2025-12-28T16:57:21', 'timezoneOffset': 7200000, 'durationInMilliseconds': 4620000, 'bodyBatteryImpact': 2, 'feedbackType': 'RECOVERY_LONG_BODY_BATTERY_INCREASE', 'shortFeedback': 'LONG_RESTFUL_PERIOD', 'deviceId': 3423864303, 'activityName': None, 'activityType': None, 'activityId': None, 'eventUpdateTimeGmt': '2025-12-28T18:18:39'}]",15.0,24.0,6.0,23.0,2025-12-28T22:00:00.0,200,2025-12-28
5652846,3126.0,1088.0,2038.0,3126.0,,,3588.0,14787,2500,12380,12380,1088.0,3588.0,5652846,2025-12-29,"{'typeId': 4, 'typeKey': 'groups'}",9d8e3c75a1b94b81af8ffde0c79e2c77,1500,2025-12-28T22:00:00.0,2025-12-29T00:00:00.0,2025-12-29T22:00:00.0,2025-12-30T00:00:00.0,86400000,,6701,2064,52435,25200,True,True,False,False,60,12,208.209,209.313,68.31004,68.67224,150,10,51,170,57,56,GARMIN,29,99,25320,43140,8280,8280,85020,13560,7860,3900.0,29.78,50.74,9.74,9.74,15.95,9.24,4.59,BALANCED,51600,25140,,54,167,61,75,93,18,18,60.0,93.0,3.0,4.0,,,,,,23.0,84.0,"{'eventTimestampGmt': '2025-12-29T19:58:22', 'bodyBatteryLevel': 'MODERATE', 'feedbackShortType': 'SLEEP_PREPARATION_BALANCED_AND_INTENSIVE_EXERCISE', 'feedbackLongType': 'SLEEP_PREPARATION_BALANCED_AND_INTENSIVE_EXERCISE'}","{'eventTimestampGmt': '2025-12-28T22:15:17', 'bodyBatteryLevel': 'HIGH', 'feedbackShortType': 'SLEEP_TIME_PASSED_RECOVERING_AND_EXERCISE', 'feedbackLongType': 'SLEEP_TIME_PASSED_RECOVERING_AND_EXERCISE'}","[{'eventType': 'SLEEP', 'eventStartTimeGmt': '2025-12-28T22:30:41', 'timezoneOffset': 7200000, 'durationInMilliseconds': 25200000, 'bodyBatteryImpact': 60, 'feedbackType': 'NONE', 'shortFeedback': 'NONE', 'deviceId': 3423864303, 'activityName': None, 'activityType': None, 'activityId': None, 'eventUpdateTimeGmt': '2025-12-29T05:35:54'}, {'eventType': 'RECOVERY', 'eventStartTimeGmt': '2025-12-29T07:52:09', 'timezoneOffset': 7200000, 'durationInMilliseconds': 5220000, 'bodyBatteryImpact': -1, 'feedbackType': 'RECOVERY_LONG_BODY_BATTERY_NOT_INCREASE', 'shortFeedback': 'LONG_RESTFUL_PERIOD', 'deviceId': 3423864303, 'activityName': None, 'activityType': None, 'activityId': None, 'eventUpdateTimeGmt': '2025-12-29T09:22:03'}, {'eventType': 'ACTIVITY', 'eventStartTimeGmt': '2025-12-29T13:54:30', 'timezoneOffset': 7200000, 'durationInMilliseconds': 3540000, 'bodyBatteryImpact': -9, 'feedbackType': 'EXERCISE_TRAINING_EFFECT_3', 'shortFeedback': 'IMPROVING_AEROBIC_BASE', 'deviceId': 3423864303, 'activityName': 'Helsinki - Drill Workout', 'activityType': 'trail_running', 'activityId': 21384326904, 'eventUpdateTimeGmt': '2025-12-29T14:54:44'}]",16.0,39.0,6.0,10.0,2025-12-29T22:00:00.0,200,2025-12-29
5652846,2333.0,714.0,1619.0,2333.0,,,3214.0,10112,2500,9189,9189,714.0,3214.0,5652846,2025-12-30,"{'typeId': 4, 'typeKey': 'groups'}",3ec9e55320934b75a2de7175428bdb1d,1500,2025-12-29T22:00:00.0,2025-12-30T00:00:00.0,2025-12-30T17:04:00.0,2025-12-30T19:04:00.0,68640000,,4511,2525,37004,24600,True,True,False,False,42,13,28.299,27.952,9.28445,9.1706,150,10,56,176,60,57,GARMIN,28,84,30180,24600,7380,5760,67920,27000,3000,180.0,44.43,36.22,10.87,8.48,39.75,4.42,0.27,STRESSFUL,37620,24540,2025-12-30T17:04:11.75,56,171,36,27,52,18,27,33.0,51.0,3.0,,,,,,,18.0,72.0,"{'eventTimestampGmt': '2025-12-30T17:03:35', 'bodyBatteryLevel': 'MODERATE', 'feedbackShortType': 'DAY_RECOVERING_AND_INTENSIVE_EXERCISE', 'feedbackLongType': 'DAY_RECOVERING_AND_INTENSIVE_EXERCISE'}","{'eventTimestampGmt': '2025-12-30T02:15:06', 'bodyBatteryLevel': 'HIGH', 'feedbackShortType': 'SLEEP_TIME_PASSED_BALANCED_AND_INACTIVE', 'feedbackLongType': 'SLEEP_TIME_PASSED_BALANCED_AND_INACTIVE'}","[{'eventType': 'SLEEP', 'eventStartTimeGmt': '2025-12-29T22:11:44', 'timezoneOffset': 7200000, 'durationInMilliseconds': 24600000, 'bodyBatteryImpact': 33, 'feedbackType': 'NONE', 'shortFeedback': 'NONE', 'deviceId': 3423864303, 'activityName': None, 'activityType': None, 'activityId': None, 'eventUpdateTimeGmt': '2025-12-30T05:08:16'}, {'eventType': 'RECOVERY', 'eventStartTimeGmt': '2025-12-30T08:22:56', 'timezoneOffset': 7200000, 'durationInMilliseconds': 2220000, 'bodyBatteryImpact': 0, 'feedbackType': 'RECOVERY_BODY_BATTERY_NOT_INCREASE', 'shortFeedback': 'RESTFUL_PERIOD', 'deviceId': 3423864303, 'activityName': None, 'activityType': None, 'activityId': None, 'eventUpdateTimeGmt': '2025-12-30T09:02:35'}, {'eventType': 'RECOVERY', 'eventStartTimeGmt': '2025-12-30T09:24:56', 'timezoneOffset': 7200000, 'durationInMilliseconds': 720000, 'bodyBatteryImpact': 2, 'feedbackType': 'RECOVERY_SHORT', 'shortFeedback': 'BODY_BATTERY_RECHARGE', 'deviceId': 3423864303, 'activityName': None, 'activityType': None, 'activityId': None, 'eventUpdateTimeGmt': '2025-12-30T09:39:40'}, {'eventType': 'ACTIVITY', 'eventStartTimeGmt': '2025-12-30T14:12:44', 'timezoneOffset': 7200000, 'durationInMilliseconds': 1320000, 'bodyBatteryImpact': -4, 'feedbackType': 'EXERCISE_TRAINING_EFFECT_2', 'shortFeedback': 'MAINTAINING_AEROBIC', 'deviceId': 3423864303, 'activityName': 'Drill Workout', 'activityType': 'treadmill_running', 'activityId': 21394823664, 'eventUpdateTimeGmt': '2025-12-30T14:35:52'}, {'eventType': 'ACTIVITY', 'eventStartTimeGmt': '2025-12-30T14:45:21', 'timezoneOffset': 7200000, 'durationInMilliseconds': 1680000, 'bodyBatteryImpact': -3, 'feedbackType': 'EXERCISE_TRAINING_EFFECT_2', 'shortFeedback': 'MAINTAINING_AEROBIC', 'deviceId': 3423864303, 'activityName': 'Strength', 'activityType': 'strength_training', 'activityId': 21394824349, 'eventUpdateTimeGmt': '2025-12-30T15:14:00'}]",16.0,39.0,7.0,18.0,2025-12-30T17:03:00.0,200,2025-12-30
